0x03, 0x00, 0x00, 0x50, 0x04, 0x00, 0x00, 0x50, 0x05, 0x00, 0x00, 0x50, 0x06, 0x00, 0x00,
0x50, 0x07, 0x00, 0x00, 0x50, 0x08, 0x00, 0x00, 0x50, 0x09, 0x00, 0x00, 0x50, 0x0a, 0x00,
0x00, 0x50, 0x0b, 0x00, 0x00, 0x50, 0x0c, 0x00, 0x00, 0x50, 0x0d, 0x00, 0x00, 0x50, 0x0e,
0x00, 0x00, 0x50, 0x0f, 0x00, 0x00, 0x50, 0x10, 0x00, 0x00, 0x50, 0x11, 0x00, 0x00, 0x50,
0x12, 0x00, 0x00, 0x50, 0x13, 0x00, 0x00, 0x50, 0x14, 0x00, 0x00, 0x50, 0x15, 0x00, 0x00,
0x50, 0x16, 0x00, 0x00, 0x50, 0x17, 0x00, 0x00, 0x50, 0x18, 0x00, 0x00, 0x50, 0x19, 0x00,
0x00, 0x50, 0x1a, 0x00, 0x00, 0x50, 0x1b, 0x00, 0x00, 0x50, 0x1c, 0x00, 0x00, 0x50, 0x1d,
0x00, 0x00, 0x50, 0x1e, 0x00, 0x00, 0x50, 0x1f, 0x00, 0x00, 0x50, 0x20, 0x00, 0x00, 0x50,
0x21, 0x00, 0x00, 0x50, 0x00, 0x00, 0x00, 0x58, 0x22, 0x00, 0x00, 0x50, 0x23, 0x00, 0x00,
0x50, 0x24, 0x00, 0x00, 0x50, 0x25, 0x00, 0x00, 0x50, 0x26, 0x00, 0x00, 0x50, 0x27, 0x00,
0x00, 0x50, 0x28, 0x00, 0x00, 0x50, 0x29, 0x00, 0x00, 0x50, 0x2a, 0x00, 0x00, 0x50, 0x2b,
0x00, 0x00, 0x50, 0x2c, 0x00, 0x00, 0x50, 0x2d, 0x00, 0x00, 0x50, 0x2e, 0x00, 0x00, 0x50,
0x2f, 0x00, 0x00, 0x50, 0x01, 0x00, 0x00, 0x58, 0x30, 0x00, 0x00, 0x50, 0x31, 0x00, 0x00,
0x50, 0x32, 0x00, 0x00, 0x50, 0x33, 0x00, 0x00, 0x50, 0x34, 0x00, 0x00, 0x50, 0x35, 0x00,
0x00, 0x50, 0x36, 0x00, 0x00, 0x50, 0x37, 0x00, 0x00, 0x50, 0x38, 0x00, 0x00, 0x50, 0x39,
0x00, 0x00, 0x50, 0x3a, 0x00, 0x00, 0x50, 0x3b, 0x00, 0x00, 0x50, 0x3c, 0x00, 0x00, 0x50,
0x02, 0x00, 0x00, 0x58, 0x3d, 0x00, 0x00, 0x50, 0x3e, 0x00, 0x00, 0x50, 0x3f, 0x00, 0x00,
0x50, 0x40, 0x00, 0x00, 0x50, 0x41, 0x00, 0x00, 0x50, 0x42, 0x00, 0x00, 0x50, 0x43, 0x00,
0x00, 0x50, 0x44, 0x00, 0x00, 0x50, 0x45, 0x00, 0x00, 0x50, 0x46, 0x00, 0x00, 0x50, 0x47,
0x00, 0x00, 0x50, 0x48, 0x00, 0x00, 0x50, 0x49, 0x00, 0x00, 0x50, 0x4a, 0x00, 0x00, 0x50,
0x4b, 0x00, 0x00, 0x50, 0x4c, 0x00, 0x00, 0x50, 0x4d, 0x00, 0x00, 0x50, 0x4e, 0x00, 0x00,
0x50, 0x4f, 0x00, 0x00, 0x50, 0x50, 0x00, 0x00, 0x50, 0x51, 0x00, 0x00, 0x50, 0x52, 0x00,
0x00, 0x50, 0x53, 0x00, 0x00, 0x50, 0x54, 0x00, 0x00, 0x50, 0x55, 0x00, 0x00, 0x50, 0x56,
0x00, 0x00, 0x50, 0x57, 0x00, 0x00, 0x50, 0x58, 0x00, 0x00, 0x50, 0x59, 0x00, 0x00, 0x50,
0x5a, 0x00, 0x00, 0x50, 0x5b, 0x00, 0x00, 0x50, 0x03, 0x00, 0x00, 0x58, 0x5c, 0x00, 0x00,
0x50, 0x5d, 0x00, 0x00, 0x50, 0x5e, 0x00, 0x00, 0x50, 0x5f, 0x00, 0x00, 0x50, 0x60, 0x00,
0x00, 0x50, 0x61, 0x00, 0x00, 0x50, 0x62, 0x00, 0x00, 0x50, 0x63, 0x00, 0x00, 0x50, 0x64,
0x00, 0x00, 0x50, 0x65, 0x00, 0x00, 0x50, 0x66, 0x00, 0x00, 0x50, 0x67, 0x00, 0x00, 0x50,
0x68, 0x00, 0x00, 0x50, 0x69, 0x00, 0x00, 0x50, 0x6a, 0x00, 0x00, 0x50, 0x6b, 0x00, 0x00,
0x50, 0x6c, 0x00, 0x00, 0x50, 0x6d, 0x00, 0x00, 0x50, 0x6e, 0x00, 0x00, 0x50, 0x6f, 0x00,
0x00, 0x50, 0x70, 0x00, 0x00, 0x50, 0x71, 0x00, 0x00, 0x50, 0x72, 0x00, 0x00, 0x50, 0x73,
0x00, 0x00, 0x50, 0x74, 0x00, 0x00, 0x50, 0x75, 0x00, 0x00, 0x50, 0x76, 0x00, 0x00, 0x50,
0x04, 0x00, 0x00, 0x58, 0x77, 0x00, 0x00, 0x50, 0x78, 0x00, 0x00, 0x50, 0x79, 0x00, 0x00,
0x50, 0x7a, 0x00, 0x00, 0x50, 0x7b, 0x00, 0x00, 0x50, 0x3e, 0x00, 0x00, 0x40, 0x02, 0x00,
0x00, 0x18, 0x01, 0x00, 0x00, 0x08, 0x03, 0x00, 0x00, 0x18, 0x3f, 0x00, 0x00, 0x40, 0x7c,
0x00, 0x00, 0x50, 0x7d, 0x00, 0x00, 0x50, 0x7e, 0x00, 0x00, 0x50, 0x7f, 0x00, 0x00, 0x50,
0x80, 0x00, 0x00, 0x50, 0x81, 0x00, 0x00, 0x50, 0x82, 0x00, 0x00, 0x50, 0x83, 0x00, 0x00,
0x50, 0x84, 0x00, 0x00, 0x50, 0x85, 0x00, 0x00, 0x50, 0x86, 0x00, 0x00, 0x50, 0x87, 0x00,
0x00, 0x50, 0x88, 0x00, 0x00, 0x50, 0x89, 0x00, 0x00, 0x50, 0x8a, 0x00, 0x00, 0x50, 0x8b,
0x00, 0x00, 0x50, 0x8c, 0x00, 0x00, 0x50, 0x8d, 0x00, 0x00, 0x50, 0x8e, 0x00, 0x00, 0x50,
0x8f, 0x00, 0x00, 0x50, 0x90, 0x00, 0x00, 0x50, 0x91, 0x00, 0x00, 0x50, 0x92, 0x00, 0x00,
0x50, 0x93, 0x00, 0x00, 0x50, 0x94, 0x00, 0x00, 0x50, 0x95, 0x00, 0x00, 0x50, 0x96, 0x00,
0x00, 0x50, 0x97, 0x00, 0x00, 0x50, 0x98, 0x00, 0x00, 0x50, 0x99, 0x00, 0x00, 0x50, 0x9a,
0x00, 0x00, 0x50, 0x9b, 0x00, 0x00, 0x50, 0x9c, 0x00, 0x00, 0x50, 0x9d, 0x00, 0x00, 0x50,
0x9e, 0x00, 0x00, 0x50, 0x9f, 0x00, 0x00, 0x50, 0xa0, 0x00, 0x00, 0x50, 0xa1, 0x00, 0x00,
0x50, 0xa2, 0x00, 0x00, 0x50, 0xa3, 0x00, 0x00, 0x50, 0xa4, 0x00, 0x00, 0x50, 0xa5, 0x00,
0x00, 0x50, 0xa6, 0x00, 0x00, 0x50, 0xa7, 0x00, 0x00, 0x50, 0xa8, 0x00, 0x00, 0x50, 0xa9,
0x00, 0x00, 0x50, 0xaa, 0x00, 0x00, 0x50, 0xab, 0x00, 0x00, 0x50, 0xac, 0x00, 0x00, 0x50,
0xad, 0x00, 0x00, 0x50, 0xae, 0x00, 0x00, 0x50, 0xaf, 0x00, 0x00, 0x50, 0xb0, 0x00, 0x00,
0x50, 0xb1, 0x00, 0x00, 0x50, 0xb2, 0x00, 0x00, 0x50, 0xb3, 0x00, 0x00, 0x50, 0xb4, 0x00,
0x00, 0x50, 0xb5, 0x00, 0x00, 0x50, 0xb6, 0x00, 0x00, 0x50, 0xb7, 0x00, 0x00, 0x50, 0xb8,
0x00, 0x00, 0x50, 0xb9, 0x00, 0x00, 0x50, 0xba, 0x00, 0x00, 0x50, 0xbb, 0x00, 0x00, 0x50,
0xbc, 0x00, 0x00, 0x50, 0xbd, 0x00, 0x00, 0x50, 0xbe, 0x00, 0x00, 0x50, 0xbf, 0x00, 0x00,
0x50, 0xc0, 0x00, 0x00, 0x50, 0xc1, 0x00, 0x00, 0x50, 0xc2, 0x00, 0x00, 0x50, 0xc3, 0x00,
0x00, 0x50, 0xc4, 0x00, 0x00, 0x50, 0xc5, 0x00, 0x00, 0x50, 0xc6, 0x00, 0x00, 0x50, 0xc7,
0x00, 0x00, 0x50, 0xc8, 0x00, 0x00, 0x50, 0xc9, 0x00, 0x00, 0x50, 0xca, 0x00, 0x00, 0x50,
0xcb, 0x00, 0x00, 0x50, 0xcc, 0x00, 0x00, 0x50, 0xcd, 0x00, 0x00, 0x50, 0xce, 0x00, 0x00,
0x50, 0xcf, 0x00, 0x00, 0x50, 0xd0, 0x00, 0x00, 0x50, 0xd1, 0x00, 0x00, 0x50, 0xd2, 0x00,
0x00, 0x50, 0xd3, 0x00, 0x00, 0x50, 0xd4, 0x00, 0x00, 0x50, 0xd5, 0x00, 0x00, 0x50, 0xd6,
0x00, 0x00, 0x50, 0xd7, 0x00, 0x00, 0x50, 0xd8, 0x00, 0x00, 0x50, 0xd9, 0x00, 0x00, 0x50,
0xda, 0x00, 0x00, 0x50, 0xdb, 0x00, 0x00, 0x50, 0xdc, 0x00, 0x00, 0x50, 0xdd, 0x00, 0x00,
0x50, 0xde, 0x00, 0x00, 0x50, 0xdf, 0x00, 0x00, 0x50, 0xe0, 0x00, 0x00, 0x50, 0xe1, 0x00,
0x00, 0x50, 0xe2, 0x00, 0x00, 0x50, 0xe3, 0x00, 0x00, 0x50, 0xe4, 0x00, 0x00, 0x50, 0xe5,
0x00, 0x00, 0x50, 0xe6, 0x00, 0x00, 0x50, 0xe7, 0x00, 0x00, 0x50, 0xe8, 0x00, 0x00, 0x50,
0xe9, 0x00, 0x00, 0x50, 0xea, 0x00, 0x00, 0x50, 0xeb, 0x00, 0x00, 0x50, 0xec, 0x00, 0x00,
0x50, 0xed, 0x00, 0x00, 0x50, 0xee, 0x00, 0x00, 0x50, 0xef, 0x00, 0x00, 0x50, 0xf0, 0x00,
0x00, 0x50, 0xf1, 0x00, 0x00, 0x50, 0xf2, 0x00, 0x00, 0x50, 0xf3, 0x00, 0x00, 0x50, 0xf4,
0x00, 0x00, 0x50, 0x05, 0x00, 0x00, 0x58, 0xf5, 0x00, 0x00, 0x50, 0xf6, 0x00, 0x00, 0x50,
0xf7, 0x00, 0x00, 0x50, 0x19, 0x00, 0x00, 0x60, 0x1a, 0x00, 0x00, 0x60, 0x1b, 0x00, 0x00,
0x60, 0x1c, 0x00, 0x00, 0x60, 0x1d, 0x00, 0x00, 0x60, 0x1e, 0x00, 0x00, 0x60, 0x1f, 0x00,
0x00, 0x60, 0x20, 0x00, 0x00, 0x60, 0x00, 0x00, 0x00, 0x68, 0x21, 0x00, 0x00, 0x60, 0x01,
0x00, 0x00, 0x68, 0x22, 0x00, 0x00, 0x60, 0x23, 0x00, 0x00, 0x60, 0x24, 0x00, 0x00, 0x60,
0x25, 0x00, 0x00, 0x60, 0x26, 0x00, 0x00, 0x60, 0x27, 0x00, 0x00, 0x60, 0x28, 0x00, 0x00,
0x60, 0x29, 0x00, 0x00, 0x60, 0x2a, 0x00, 0x00, 0x60, 0x2b, 0x00, 0x00, 0x60, 0x02, 0x00,
0x00, 0x68, 0x2c, 0x00, 0x00, 0x60, 0x2d, 0x00, 0x00, 0x60, 0x03, 0x00, 0x00, 0x68, 0x2e,
0x00, 0x00, 0x60, 0x2f, 0x00, 0x00, 0x60, 0x30, 0x00, 0x00, 0x60, 0x31, 0x00, 0x00, 0x60,
0x32, 0x00, 0x00, 0x60, 0x33, 0x00, 0x00, 0x60, 0x34, 0x00, 0x00, 0x60, 0x35, 0x00, 0x00,
0x60, 0x36, 0x00, 0x00, 0x60, 0x37, 0x00, 0x00, 0x60, 0x38, 0x00, 0x00, 0x60, 0x39, 0x00,
0x00, 0x60, 0x04, 0x00, 0x00, 0x68, 0x3a, 0x00, 0x00, 0x60, 0x05, 0x00, 0x00, 0x68, 0x3b,
0x00, 0x00, 0x60, 0x3c, 0x00, 0x00, 0x60, 0x3d, 0x00, 0x00, 0x60, 0x06, 0x00, 0x00, 0x68,
0x3e, 0x00, 0x00, 0x60, 0x3f, 0x00, 0x00, 0x60, 0x40, 0x00, 0x00, 0x60, 0x07, 0x00, 0x00,
0x68, 0x08, 0x00, 0x00, 0x68, 0x09, 0x00, 0x00, 0x68, 0x41, 0x00, 0x00, 0x60, 0x42, 0x00,
0x00, 0x60, 0x43, 0x00, 0x00, 0x60, 0x44, 0x00, 0x00, 0x60, 0x0a, 0x00, 0x00, 0x68, 0x45,
0x00, 0x00, 0x60, 0x46, 0x00, 0x00, 0x60, 0x47, 0x00, 0x00, 0x60, 0x48, 0x00, 0x00, 0x60,
0x49, 0x00, 0x00, 0x60, 0x4a, 0x00, 0x00, 0x60, 0x4b, 0x00, 0x00, 0x60, 0x0b, 0x00, 0x00,
0x68, 0x4c, 0x00, 0x00, 0x60, 0x4d, 0x00, 0x00, 0x60, 0x4e, 0x00, 0x00, 0x60, 0x4f, 0x00,
0x00, 0x60, 0x50, 0x00, 0x00, 0x60, 0x51, 0x00, 0x00, 0x60, 0x52, 0x00, 0x00, 0x60, 0x53,
0x00, 0x00, 0x60, 0x54, 0x00, 0x00, 0x60, 0x0c, 0x00, 0x00, 0x68, 0x55, 0x00, 0x00, 0x60,
0x56, 0x00, 0x00, 0x60, 0x0d, 0x00, 0x00, 0x68, 0x57, 0x00, 0x00, 0x60, 0x58, 0x00, 0x00,
0x60, 0x59, 0x00, 0x00, 0x60, 0x5a, 0x00, 0x00, 0x60, 0x5b, 0x00, 0x00, 0x60, 0x5c, 0x00,
0x00, 0x60, 0x5d, 0x00, 0x00, 0x60, 0x5e, 0x00, 0x00, 0x60, 0x5f, 0x00, 0x00, 0x60, 0x60,
0x00, 0x00, 0x60, 0x0e, 0x00, 0x00, 0x68, 0x0f, 0x00, 0x00, 0x68, 0x10, 0x00, 0x00, 0x68,
0x61, 0x00, 0x00, 0x60, 0x62, 0x00, 0x00, 0x60, 0x63, 0x00, 0x00, 0x60, 0x64, 0x00, 0x00,
0x60, 0x65, 0x00, 0x00, 0x60, 0x66, 0x00, 0x00, 0x60, 0x11, 0x00, 0x00, 0x68, 0x12, 0x00,
0x00, 0x68, 0x67, 0x00, 0x00, 0x60, 0x68, 0x00, 0x00, 0x60, 0x13, 0x00, 0x00, 0x68, 0x14,
0x00, 0x00, 0x68, 0x69, 0x00, 0x00, 0x60, 0x6a, 0x00, 0x00, 0x60, 0x15, 0x00, 0x00, 0x68,
0x16, 0x00, 0x00, 0x68, 0x6b, 0x00, 0x00, 0x60, 0x6c, 0x00, 0x00, 0x60, 0x6d, 0x00, 0x00,
0x60, 0x17, 0x00, 0x00, 0x68, 0x6e, 0x00, 0x00, 0x60, 0x6f, 0x00, 0x00, 0x60, 0x18, 0x00,
0x00, 0x68, 0x19, 0x00, 0x00, 0x68, 0x70, 0x00, 0x00, 0x60, 0x71, 0x00, 0x00, 0x60, 0x72,
0x00, 0x00, 0x60, 0x73, 0x00, 0x00, 0x60, 0x74, 0x00, 0x00, 0x60, 0x75, 0x00, 0x00, 0x60,
0x76, 0x00, 0x00, 0x60, 0x77, 0x00, 0x00, 0x60, 0x78, 0x00, 0x00, 0x60, 0x79, 0x00, 0x00,
0x60, 0x7a, 0x00, 0x00, 0x60, 0x7b, 0x00, 0x00, 0x60, 0x0e, 0x00, 0x00, 0x40, 0x02, 0x00,
0x00, 0x28, 0x01, 0x00, 0x00, 0x18, 0x01, 0x00, 0x00, 0x08, 0x01, 0x00, 0x00, 0x10, 0x03,
0x00, 0x00, 0x28, 0x0f, 0x00, 0x00, 0x40, 0x7c, 0x00, 0x00, 0x60, 0x7d, 0x00, 0x00, 0x60,
0x7e, 0x00, 0x00, 0x60, 0x7f, 0x00, 0x00, 0x60, 0x80, 0x00, 0x00, 0x60, 0x81, 0x00, 0x00,
0x60, 0x82, 0x00, 0x00, 0x60, 0x83, 0x00, 0x00, 0x60, 0x84, 0x00, 0x00, 0x60, 0x85, 0x00,
0x00, 0x60, 0x1a, 0x00, 0x00, 0x68, 0x1b, 0x00, 0x00, 0x68, 0x86, 0x00, 0x00, 0x60, 0x1c,
0x00, 0x00, 0x68, 0x87, 0x00, 0x00, 0x60, 0x88, 0x00, 0x00, 0x60, 0x89, 0x00, 0x00, 0x60,
0x8a, 0x00, 0x00, 0x60, 0x8b, 0x00, 0x00, 0x60, 0x1d, 0x00, 0x00, 0x68, 0x8c, 0x00, 0x00,
0x60, 0x8d, 0x00, 0x00, 0x60, 0x8e, 0x00, 0x00, 0x60, 0x1e, 0x00, 0x00, 0x68, 0x8f, 0x00,
0x00, 0x60, 0x90, 0x00, 0x00, 0x60, 0x91, 0x00, 0x00, 0x60, 0x92, 0x00, 0x00, 0x60, 0x93,
0x00, 0x00, 0x60, 0x94, 0x00, 0x00, 0x60, 0x95, 0x00, 0x00, 0x60, 0x96, 0x00, 0x00, 0x60,
0x97, 0x00, 0x00, 0x60, 0x98, 0x00, 0x00, 0x60, 0x99, 0x00, 0x00, 0x60, 0x1f, 0x00, 0x00,
0x68, 0x20, 0x00, 0x00, 0x68, 0x21, 0x00, 0x00, 0x68, 0x9a, 0x00, 0x00, 0x60, 0x22, 0x00,
0x00, 0x68, 0x23, 0x00, 0x00, 0x68, 0x9b, 0x00, 0x00, 0x60, 0x24, 0x00, 0x00, 0x68, 0x9c,
0x00, 0x00, 0x60, 0x25, 0x00, 0x00, 0x68, 0x26, 0x00, 0x00, 0x68, 0x9d, 0x00, 0x00, 0x60,
0x9e, 0x00, 0x00, 0x60, 0x9f, 0x00, 0x00, 0x60, 0xa0, 0x00, 0x00, 0x60, 0xa1, 0x00, 0x00,
0x60, 0xa2, 0x00, 0x00, 0x60, 0xa3, 0x00, 0x00, 0x60, 0xa4, 0x00, 0x00, 0x60, 0xa5, 0x00,
0x00, 0x60, 0xa6, 0x00, 0x00, 0x60, 0xa7, 0x00, 0x00, 0x60, 0xa8, 0x00, 0x00, 0x60, 0xa9,
0x00, 0x00, 0x60, 0xaa, 0x00, 0x00, 0x60, 0xab, 0x00, 0x00, 0x60, 0xac, 0x00, 0x00, 0x60,
0x27, 0x00, 0x00, 0x68, 0xad, 0x00, 0x00, 0x60, 0xae, 0x00, 0x00, 0x60, 0xaf, 0x00, 0x00,
0x60, 0xb0, 0x00, 0x00, 0x60, 0xb1, 0x00, 0x00, 0x60, 0xb2, 0x00, 0x00, 0x60, 0xb3, 0x00,
0x00, 0x60, 0x28, 0x00, 0x00, 0x68, 0xb4, 0x00, 0x00, 0x60, 0xb5, 0x00, 0x00, 0x60, 0xb6,
0x00, 0x00, 0x60, 0xb7, 0x00, 0x00, 0x60, 0xb8, 0x00, 0x00, 0x60, 0xb9, 0x00, 0x00, 0x60,
0x29, 0x00, 0x00, 0x68, 0x2a, 0x00, 0x00, 0x68, 0x2b, 0x00, 0x00, 0x68, 0xba, 0x00, 0x00,
0x60, 0xbb, 0x00, 0x00, 0x60, 0xbc, 0x00, 0x00, 0x60, 0xbd, 0x00, 0x00, 0x60, 0xbe, 0x00,
0x00, 0x60, 0xbf, 0x00, 0x00, 0x60, 0xc0, 0x00, 0x00, 0x60, 0xc1, 0x00, 0x00, 0x60, 0xc2,
0x00, 0x00, 0x60, 0x2c, 0x00, 0x00, 0x68, 0x2d, 0x00, 0x00, 0x68, 0xc3, 0x00, 0x00, 0x60,
0x2e, 0x00, 0x00, 0x68, 0xc4, 0x00, 0x00, 0x60, 0xc5, 0x00, 0x00, 0x60, 0xc6, 0x00, 0x00,
0x60, 0x2f, 0x00, 0x00, 0x68, 0x30, 0x00, 0x00, 0x68, 0xc7, 0x00, 0x00, 0x60, 0xc8, 0x00,
0x00, 0x60, 0xc9, 0x00, 0x00, 0x60, 0xca, 0x00, 0x00, 0x60, 0xcb, 0x00, 0x00, 0x60, 0xcc,
0x00, 0x00, 0x60, 0xcd, 0x00, 0x00, 0x60, 0xce, 0x00, 0x00, 0x60, 0xcf, 0x00, 0x00, 0x60,
0xd0, 0x00, 0x00, 0x60, 0xd1, 0x00, 0x00, 0x60, 0xd2, 0x00, 0x00, 0x60, 0xd3, 0x00, 0x00,
0x60, 0xd4, 0x00, 0x00, 0x60, 0xd5, 0x00, 0x00, 0x60, 0xd6, 0x00, 0x00, 0x60, 0xd7, 0x00,
0x00, 0x60, 0xd8, 0x00, 0x00, 0x60, 0xd9, 0x00, 0x00, 0x60, 0xda, 0x00, 0x00, 0x60, 0xdb,
0x00, 0x00, 0x60, 0x31, 0x00, 0x00, 0x68, 0xdc, 0x00, 0x00, 0x60, 0xdd, 0x00, 0x00, 0x60,
0xde, 0x00, 0x00, 0x60, 0xdf, 0x00, 0x00, 0x60, 0x3d, 0x00, 0x00, 0x70, 0x3e, 0x00, 0x00,
0x70, 0x3f, 0x00, 0x00, 0x70, 0x00, 0x00, 0x00, 0x78, 0x01, 0x00, 0x00, 0x78, 0x40, 0x00,
0x00, 0x70, 0x02, 0x00, 0x00, 0x78, 0x03, 0x00, 0x00, 0x78, 0x41, 0x00, 0x00, 0x70, 0x42,
0x00, 0x00, 0x70, 0x04, 0x00, 0x00, 0x78, 0x05, 0x00, 0x00, 0x78, 0x06, 0x00, 0x00, 0x78,
0x07, 0x00, 0x00, 0x78, 0x08, 0x00, 0x00, 0x78, 0x09, 0x00, 0x00, 0x78, 0x0a, 0x00, 0x00,
0x78, 0x0b, 0x00, 0x00, 0x78, 0x0c, 0x00, 0x00, 0x78, 0x0d, 0x00, 0x00, 0x78, 0x0e, 0x00,
0x00, 0x78, 0x0f, 0x00, 0x00, 0x78, 0x43, 0x00, 0x00, 0x70, 0x10, 0x00, 0x00, 0x78, 0x44,
0x00, 0x00, 0x70, 0x45, 0x00, 0x00, 0x70, 0x46, 0x00, 0x00, 0x70, 0x47, 0x00, 0x00, 0x70,
0x48, 0x00, 0x00, 0x70, 0x11, 0x00, 0x00, 0x78, 0x12, 0x00, 0x00, 0x78, 0x13, 0x00, 0x00,
0x78, 0x49, 0x00, 0x00, 0x70, 0x4a, 0x00, 0x00, 0x70, 0x4b, 0x00, 0x00, 0x70, 0x14, 0x00,
0x00, 0x78, 0x4c, 0x00, 0x00, 0x70, 0x15, 0x00, 0x00, 0x78, 0x4d, 0x00, 0x00, 0x70, 0x4e,
0x00, 0x00, 0x70, 0x4f, 0x00, 0x00, 0x70, 0x16, 0x00, 0x00, 0x78, 0x50, 0x00, 0x00, 0x70,
0x17, 0x00, 0x00, 0x78, 0x18, 0x00, 0x00, 0x78, 0x51, 0x00, 0x00, 0x70, 0x52, 0x00, 0x00,
0x70, 0x19, 0x00, 0x00, 0x78, 0x53, 0x00, 0x00, 0x70, 0x54, 0x00, 0x00, 0x70, 0x55, 0x00,
0x00, 0x70, 0x56, 0x00, 0x00, 0x70, 0x1a, 0x00, 0x00, 0x78, 0x57, 0x00, 0x00, 0x70, 0x58,
0x00, 0x00, 0x70, 0x59, 0x00, 0x00, 0x70, 0x1b, 0x00, 0x00, 0x78, 0x1c, 0x00, 0x00, 0x78,
0x1d, 0x00, 0x00, 0x78, 0x1e, 0x00, 0x00, 0x78, 0x1f, 0x00, 0x00, 0x78, 0x20, 0x00, 0x00,
0x78, 0x21, 0x00, 0x00, 0x78, 0x5a, 0x00, 0x00, 0x70, 0x5b, 0x00, 0x00, 0x70, 0x5c, 0x00,
0x00, 0x70, 0x5d, 0x00, 0x00, 0x70, 0x22, 0x00, 0x00, 0x78, 0x5e, 0x00, 0x00, 0x70, 0x23,
0x00, 0x00, 0x78, 0x5f, 0x00, 0x00, 0x70, 0x60, 0x00, 0x00, 0x70, 0x24, 0x00, 0x00, 0x78,
0x25, 0x00, 0x00, 0x78, 0x61, 0x00, 0x00, 0x70, 0x26, 0x00, 0x00, 0x78, 0x62, 0x00, 0x00,
0x70, 0x63, 0x00, 0x00, 0x70, 0x64, 0x00, 0x00, 0x70, 0x27, 0x00, 0x00, 0x78, 0x28, 0x00,
0x00, 0x78, 0x65, 0x00, 0x00, 0x70, 0x66, 0x00, 0x00, 0x70, 0x29, 0x00, 0x00, 0x78, 0x67,
0x00, 0x00, 0x70, 0x68, 0x00, 0x00, 0x70, 0x2a, 0x00, 0x00, 0x78, 0x69, 0x00, 0x00, 0x70,
0x6a, 0x00, 0x00, 0x70, 0x2b, 0x00, 0x00, 0x78, 0x6b, 0x00, 0x00, 0x70, 0x6c, 0x00, 0x00,
0x70, 0x6d, 0x00, 0x00, 0x70, 0x6e, 0x00, 0x00, 0x70, 0x6f, 0x00, 0x00, 0x70, 0x2c, 0x00,
0x00, 0x78, 0x70, 0x00, 0x00, 0x70, 0x71, 0x00, 0x00, 0x70, 0x72, 0x00, 0x00, 0x70, 0x2d,
0x00, 0x00, 0x78, 0x2e, 0x00, 0x00, 0x78, 0x73, 0x00, 0x00, 0x70, 0x2f, 0x00, 0x00, 0x78,
0x30, 0x00, 0x00, 0x78, 0x31, 0x00, 0x00, 0x78, 0x32, 0x00, 0x00, 0x78, 0x74, 0x00, 0x00,
0x70, 0x75, 0x00, 0x00, 0x70, 0x76, 0x00, 0x00, 0x70, 0x77, 0x00, 0x00, 0x70, 0x78, 0x00,
0x00, 0x70, 0x33, 0x00, 0x00, 0x78, 0x34, 0x00, 0x00, 0x78, 0x35, 0x00, 0x00, 0x78, 0x79,
0x00, 0x00, 0x70, 0x36, 0x00, 0x00, 0x78, 0x37, 0x00, 0x00, 0x78, 0x7a, 0x00, 0x00, 0x70,
0x7b, 0x00, 0x00, 0x70, 0x38, 0x00, 0x00, 0x78, 0x39, 0x00, 0x00, 0x78, 0x3a, 0x00, 0x00,
0x78, 0x3b, 0x00, 0x00, 0x78, 0x2e, 0x00, 0x00, 0x60, 0x06, 0x00, 0x00, 0x48, 0x02, 0x00,
0x00, 0x38, 0x01, 0x00, 0x00, 0x28, 0x01, 0x00, 0x00, 0x18, 0x01, 0x00, 0x00, 0x08, 0x01,
0x00, 0x00, 0x10, 0x01, 0x00, 0x00, 0x20, 0x03, 0x00, 0x00, 0x38, 0x07, 0x00, 0x00, 0x48,
0x2f, 0x00, 0x00, 0x60, 0x3c, 0x00, 0x00, 0x78, 0x7c, 0x00, 0x00, 0x70, 0x3d, 0x00, 0x00,
0x78, 0x3e, 0x00, 0x00, 0x78, 0x3f, 0x00, 0x00, 0x78, 0x40, 0x00, 0x00, 0x78, 0x41, 0x00,
0x00, 0x78, 0x7d, 0x00, 0x00, 0x70, 0x7e, 0x00, 0x00, 0x70, 0x7f, 0x00, 0x00, 0x70, 0x80,
0x00, 0x00, 0x70, 0x81, 0x00, 0x00, 0x70, 0x42, 0x00, 0x00, 0x78, 0x43, 0x00, 0x00, 0x78,
0x44, 0x00, 0x00, 0x78, 0x82, 0x00, 0x00, 0x70, 0x45, 0x00, 0x00, 0x78, 0x83, 0x00, 0x00,
0x70, 0x84, 0x00, 0x00, 0x70, 0x85, 0x00, 0x00, 0x70, 0x86, 0x00, 0x00, 0x70, 0x46, 0x00,
0x00, 0x78, 0x87, 0x00, 0x00, 0x70, 0x88, 0x00, 0x00, 0x70, 0x47, 0x00, 0x00, 0x78, 0x89,
0x00, 0x00, 0x70, 0x48, 0x00, 0x00, 0x78, 0x49, 0x00, 0x00, 0x78, 0x4a, 0x00, 0x00, 0x78,
0x4b, 0x00, 0x00, 0x78, 0x4c, 0x00, 0x00, 0x78, 0x4d, 0x00, 0x00, 0x78, 0x8a, 0x00, 0x00,
0x70, 0x4e, 0x00, 0x00, 0x78, 0x8b, 0x00, 0x00, 0x70, 0x4f, 0x00, 0x00, 0x78, 0x8c, 0x00,
0x00, 0x70, 0x8d, 0x00, 0x00, 0x70, 0x8e, 0x00, 0x00, 0x70, 0x50, 0x00, 0x00, 0x78, 0x51,
0x00, 0x00, 0x78, 0x8f, 0x00, 0x00, 0x70, 0x90, 0x00, 0x00, 0x70, 0x91, 0x00, 0x00, 0x70,
0x52, 0x00, 0x00, 0x78, 0x92, 0x00, 0x00, 0x70, 0x93, 0x00, 0x00, 0x70, 0x53, 0x00, 0x00,
0x78, 0x54, 0x00, 0x00, 0x78, 0x55, 0x00, 0x00, 0x78, 0x56, 0x00, 0x00, 0x78, 0x94, 0x00,
0x00, 0x70, 0x57, 0x00, 0x00, 0x78, 0x95, 0x00, 0x00, 0x70, 0x58, 0x00, 0x00, 0x78, 0x59,
0x00, 0x00, 0x78, 0x96, 0x00, 0x00, 0x70, 0x97, 0x00, 0x00, 0x70, 0x5a, 0x00, 0x00, 0x78,
0x5b, 0x00, 0x00, 0x78, 0x5c, 0x00, 0x00, 0x78, 0x5d, 0x00, 0x00, 0x78, 0x98, 0x00, 0x00,
0x70, 0x5e, 0x00, 0x00, 0x78, 0x99, 0x00, 0x00, 0x70, 0x5f, 0x00, 0x00, 0x78, 0x9a, 0x00,
0x00, 0x70, 0x60, 0x00, 0x00, 0x78, 0x61, 0x00, 0x00, 0x78, 0x9b, 0x00, 0x00, 0x70, 0x9c,
0x00, 0x00, 0x70, 0x9d, 0x00, 0x00, 0x70, 0x62, 0x00, 0x00, 0x78, 0x9e, 0x00, 0x00, 0x70,
0x9f, 0x00, 0x00, 0x70, 0xa0, 0x00, 0x00, 0x70, 0xa1, 0x00, 0x00, 0x70, 0xa2, 0x00, 0x00,
0x70, 0xa3, 0x00, 0x00, 0x70, 0xa4, 0x00, 0x00, 0x70, 0x63, 0x00, 0x00, 0x78, 0x64, 0x00,
0x00, 0x78, 0x65, 0x00, 0x00, 0x78, 0x66, 0x00, 0x00, 0x78, 0xa5, 0x00, 0x00, 0x70, 0xa6,
0x00, 0x00, 0x70, 0x67, 0x00, 0x00, 0x78, 0x68, 0x00, 0x00, 0x78, 0x69, 0x00, 0x00, 0x78,
0xa7, 0x00, 0x00, 0x70, 0x6a, 0x00, 0x00, 0x78, 0xa8, 0x00, 0x00, 0x70, 0x6b, 0x00, 0x00,
0x78, 0xa9, 0x00, 0x00, 0x70, 0xaa, 0x00, 0x00, 0x70, 0xab, 0x00, 0x00, 0x70, 0x6c, 0x00,
0x00, 0x78, 0x6d, 0x00, 0x00, 0x78, 0xac, 0x00, 0x00, 0x70, 0xad, 0x00, 0x00, 0x70, 0xae,
0x00, 0x00, 0x70, 0xaf, 0x00, 0x00, 0x70, 0x6e, 0x00, 0x00, 0x78, 0x6f, 0x00, 0x00, 0x78,
0x70, 0x00, 0x00, 0x78, 0xb0, 0x00, 0x00, 0x70, 0x71, 0x00, 0x00, 0x78, 0x72, 0x00, 0x00,
0x78, 0xb1, 0x00, 0x00, 0x70, 0x73, 0x00, 0x00, 0x78, 0xb2, 0x00, 0x00, 0x70, 0x74, 0x00,
0x00, 0x78, 0xb3, 0x00, 0x00, 0x70, 0x75, 0x00, 0x00, 0x78, 0xb4, 0x00, 0x00, 0x70, 0x76,
0x00, 0x00, 0x78, 0xb5, 0x00, 0x00, 0x70, 0x77, 0x00, 0x00, 0x78, 0x78, 0x00, 0x00, 0x78,
0xb6, 0x00, 0x00, 0x70, 0x79, 0x00, 0x00, 0x78, 0xb7, 0x00, 0x00, 0x70, 0x43, 0x00, 0x00,
0x80, 0x44, 0x00, 0x00, 0x80, 0x00, 0x00, 0x00, 0x88, 0x45, 0x00, 0x00, 0x80, 0x46, 0x00,
0x00, 0x80, 0x01, 0x00, 0x00, 0x88, 0x02, 0x00, 0x00, 0x88, 0x47, 0x00, 0x00, 0x80, 0x03,
0x00, 0x00, 0x88, 0x48, 0x00, 0x00, 0x80, 0x49, 0x00, 0x00, 0x80, 0x04, 0x00, 0x00, 0x88,
0x4a, 0x00, 0x00, 0x80, 0x05, 0x00, 0x00, 0x88, 0x06, 0x00, 0x00, 0x88, 0x4b, 0x00, 0x00,
0x80, 0x4c, 0x00, 0x00, 0x80, 0x4d, 0x00, 0x00, 0x80, 0x07, 0x00, 0x00, 0x88, 0x08, 0x00,
0x00, 0x88, 0x09, 0x00, 0x00, 0x88, 0x4e, 0x00, 0x00, 0x80, 0x0a, 0x00, 0x00, 0x88, 0x0b,
0x00, 0x00, 0x88, 0x0c, 0x00, 0x00, 0x88, 0x0d, 0x00, 0x00, 0x88, 0x4f, 0x00, 0x00, 0x80,
0x0e, 0x00, 0x00, 0x88, 0x0f, 0x00, 0x00, 0x88, 0x10, 0x00, 0x00, 0x88, 0x11, 0x00, 0x00,
0x88, 0x50, 0x00, 0x00, 0x80, 0x51, 0x00, 0x00, 0x80, 0x52, 0x00, 0x00, 0x80, 0x12, 0x00,
0x00, 0x88, 0x53, 0x00, 0x00, 0x80, 0x13, 0x00, 0x00, 0x88, 0x54, 0x00, 0x00, 0x80, 0x14,
0x00, 0x00, 0x88, 0x55, 0x00, 0x00, 0x80, 0x15, 0x00, 0x00, 0x88, 0x56, 0x00, 0x00, 0x80,
0x16, 0x00, 0x00, 0x88, 0x57, 0x00, 0x00, 0x80, 0x17, 0x00, 0x00, 0x88, 0x18, 0x00, 0x00,
0x88, 0x19, 0x00, 0x00, 0x88, 0x1a, 0x00, 0x00, 0x88, 0x1b, 0x00, 0x00, 0x88, 0x1c, 0x00,
0x00, 0x88, 0x1d, 0x00, 0x00, 0x88, 0x1e, 0x00, 0x00, 0x88, 0x58, 0x00, 0x00, 0x80, 0x1f,
0x00, 0x00, 0x88, 0x59, 0x00, 0x00, 0x80, 0x20, 0x00, 0x00, 0x88, 0x5a, 0x00, 0x00, 0x80,
0x21, 0x00, 0x00, 0x88, 0x22, 0x00, 0x00, 0x88, 0x5b, 0x00, 0x00, 0x80, 0x23, 0x00, 0x00,
0x88, 0x24, 0x00, 0x00, 0x88, 0x5c, 0x00, 0x00, 0x80, 0x5d, 0x00, 0x00, 0x80, 0x5e, 0x00,
0x00, 0x80, 0x5f, 0x00, 0x00, 0x80, 0x60, 0x00, 0x00, 0x80, 0x25, 0x00, 0x00, 0x88, 0x26,
0x00, 0x00, 0x88, 0x27, 0x00, 0x00, 0x88, 0x28, 0x00, 0x00, 0x88, 0x29, 0x00, 0x00, 0x88,
0x61, 0x00, 0x00, 0x80, 0x62, 0x00, 0x00, 0x80, 0x2a, 0x00, 0x00, 0x88, 0x63, 0x00, 0x00,
0x80, 0x64, 0x00, 0x00, 0x80, 0x2b, 0x00, 0x00, 0x88, 0x65, 0x00, 0x00, 0x80, 0x2c, 0x00,
0x00, 0x88, 0x66, 0x00, 0x00, 0x80, 0x2d, 0x00, 0x00, 0x88, 0x67, 0x00, 0x00, 0x80, 0x68,
0x00, 0x00, 0x80, 0x2e, 0x00, 0x00, 0x88, 0x69, 0x00, 0x00, 0x80, 0x6a, 0x00, 0x00, 0x80,
0x2f, 0x00, 0x00, 0x88, 0x30, 0x00, 0x00, 0x88, 0x31, 0x00, 0x00, 0x88, 0x32, 0x00, 0x00,
0x88, 0x33, 0x00, 0x00, 0x88, 0x34, 0x00, 0x00, 0x88, 0x6b, 0x00, 0x00, 0x80, 0x6c, 0x00,
0x00, 0x80, 0x35, 0x00, 0x00, 0x88, 0x36, 0x00, 0x00, 0x88, 0x37, 0x00, 0x00, 0x88, 0x38,
0x00, 0x00, 0x88, 0x6d, 0x00, 0x00, 0x80, 0x6e, 0x00, 0x00, 0x80, 0x39, 0x00, 0x00, 0x88,
0x6f, 0x00, 0x00, 0x80, 0x70, 0x00, 0x00, 0x80, 0x71, 0x00, 0x00, 0x80, 0x72, 0x00, 0x00,
0x80, 0x73, 0x00, 0x00, 0x80, 0x3a, 0x00, 0x00, 0x88, 0x74, 0x00, 0x00, 0x80, 0x3b, 0x00,
0x00, 0x88, 0x3c, 0x00, 0x00, 0x88, 0x3d, 0x00, 0x00, 0x88, 0x3e, 0x00, 0x00, 0x88, 0x75,
0x00, 0x00, 0x80, 0x3f, 0x00, 0x00, 0x88, 0x40, 0x00, 0x00, 0x88, 0x41, 0x00, 0x00, 0x88,
0x76, 0x00, 0x00, 0x80, 0x77, 0x00, 0x00, 0x80, 0x78, 0x00, 0x00, 0x80, 0x42, 0x00, 0x00,
0x88, 0x43, 0x00, 0x00, 0x88, 0x16, 0x00, 0x00, 0x68, 0x06, 0x00, 0x00, 0x58, 0x02, 0x00,
0x00, 0x48, 0x01, 0x00, 0x00, 0x38, 0x01, 0x00, 0x00, 0x28, 0x01, 0x00, 0x00, 0x18, 0x01,
0x00, 0x00, 0x08, 0x01, 0x00, 0x00, 0x10, 0x01, 0x00, 0x00, 0x20, 0x01, 0x00, 0x00, 0x30,
0x03, 0x00, 0x00, 0x48, 0x07, 0x00, 0x00, 0x58, 0x17, 0x00, 0x00, 0x68, 0x79, 0x00, 0x00,
0x80, 0x7a, 0x00, 0x00, 0x80, 0x44, 0x00, 0x00, 0x88, 0x45, 0x00, 0x00, 0x88, 0x7b, 0x00,
0x00, 0x80, 0x7c, 0x00, 0x00, 0x80, 0x7d, 0x00, 0x00, 0x80, 0x7e, 0x00, 0x00, 0x80, 0x46,
0x00, 0x00, 0x88, 0x47, 0x00, 0x00, 0x88, 0x48, 0x00, 0x00, 0x88, 0x49, 0x00, 0x00, 0x88,
0x4a, 0x00, 0x00, 0x88, 0x4b, 0x00, 0x00, 0x88, 0x7f, 0x00, 0x00, 0x80, 0x4c, 0x00, 0x00,
0x88, 0x4d, 0x00, 0x00, 0x88, 0x4e, 0x00, 0x00, 0x88, 0x80, 0x00, 0x00, 0x80, 0x4f, 0x00,
0x00, 0x88, 0x81, 0x00, 0x00, 0x80, 0x50, 0x00, 0x00, 0x88, 0x51, 0x00, 0x00, 0x88, 0x82,
0x00, 0x00, 0x80, 0x52, 0x00, 0x00, 0x88, 0x53, 0x00, 0x00, 0x88, 0x54, 0x00, 0x00, 0x88,
0x55, 0x00, 0x00, 0x88, 0x83, 0x00, 0x00, 0x80, 0x84, 0x00, 0x00, 0x80, 0x56, 0x00, 0x00,
0x88, 0x57, 0x00, 0x00, 0x88, 0x58, 0x00, 0x00, 0x88, 0x59, 0x00, 0x00, 0x88, 0x85, 0x00,
0x00, 0x80, 0x5a, 0x00, 0x00, 0x88, 0x86, 0x00, 0x00, 0x80, 0x87, 0x00, 0x00, 0x80, 0x88,
0x00, 0x00, 0x80, 0x89, 0x00, 0x00, 0x80, 0x8a, 0x00, 0x00, 0x80, 0x8b, 0x00, 0x00, 0x80,
0x8c, 0x00, 0x00, 0x80, 0x5b, 0x00, 0x00, 0x88, 0x5c, 0x00, 0x00, 0x88, 0x8d, 0x00, 0x00,
0x80, 0x5d, 0x00, 0x00, 0x88, 0x5e, 0x00, 0x00, 0x88, 0x5f, 0x00, 0x00, 0x88, 0x8e, 0x00,
0x00, 0x80, 0x8f, 0x00, 0x00, 0x80, 0x60, 0x00, 0x00, 0x88, 0x61, 0x00, 0x00, 0x88, 0x62,
0x00, 0x00, 0x88, 0x90, 0x00, 0x00, 0x80, 0x91, 0x00, 0x00, 0x80, 0x92, 0x00, 0x00, 0x80,
0x63, 0x00, 0x00, 0x88, 0x64, 0x00, 0x00, 0x88, 0x65, 0x00, 0x00, 0x88, 0x66, 0x00, 0x00,
0x88, 0x93, 0x00, 0x00, 0x80, 0x67, 0x00, 0x00, 0x88, 0x68, 0x00, 0x00, 0x88, 0x69, 0x00,
0x00, 0x88, 0x94, 0x00, 0x00, 0x80, 0x6a, 0x00, 0x00, 0x88, 0x95, 0x00, 0x00, 0x80, 0x96,
0x00, 0x00, 0x80, 0x97, 0x00, 0x00, 0x80, 0x6b, 0x00, 0x00, 0x88, 0x98, 0x00, 0x00, 0x80,
0x6c, 0x00, 0x00, 0x88, 0x99, 0x00, 0x00, 0x80, 0x6d, 0x00, 0x00, 0x88, 0x6e, 0x00, 0x00,
0x88, 0x6f, 0x00, 0x00, 0x88, 0x9a, 0x00, 0x00, 0x80, 0x9b, 0x00, 0x00, 0x80, 0x70, 0x00,
0x00, 0x88, 0x71, 0x00, 0x00, 0x88, 0x9c, 0x00, 0x00, 0x80, 0x9d, 0x00, 0x00, 0x80, 0x72,
0x00, 0x00, 0x88, 0x73, 0x00, 0x00, 0x88, 0x9e, 0x00, 0x00, 0x80, 0x74, 0x00, 0x00, 0x88,
0x75, 0x00, 0x00, 0x88, 0x76, 0x00, 0x00, 0x88, 0x9f, 0x00, 0x00, 0x80, 0x77, 0x00, 0x00,
0x88, 0x78, 0x00, 0x00, 0x88, 0x79, 0x00, 0x00, 0x88, 0xa0, 0x00, 0x00, 0x80, 0x7a, 0x00,
0x00, 0x88, 0x7b, 0x00, 0x00, 0x88, 0x7c, 0x00, 0x00, 0x88, 0xa1, 0x00, 0x00, 0x80, 0xa2,
0x00, 0x00, 0x80, 0x7d, 0x00, 0x00, 0x88, 0xa3, 0x00, 0x00, 0x80, 0xa4, 0x00, 0x00, 0x80,
0x7e, 0x00, 0x00, 0x88, 0xa5, 0x00, 0x00, 0x80, 0xa6, 0x00, 0x00, 0x80, 0x7f, 0x00, 0x00,
0x88, 0x80, 0x00, 0x00, 0x88, 0x81, 0x00, 0x00, 0x88, 0x82, 0x00, 0x00, 0x88, 0x83, 0x00,
0x00, 0x88, 0x84, 0x00, 0x00, 0x88, 0x85, 0x00, 0x00, 0x88, 0xa7, 0x00, 0x00, 0x80, 0xa8,
0x00, 0x00, 0x80, 0xa9, 0x00, 0x00, 0x80, 0xaa, 0x00, 0x00, 0x80, 0xab, 0x00, 0x00, 0x80,
0xac, 0x00, 0x00, 0x80, 0xad, 0x00, 0x00, 0x80, 0xae, 0x00, 0x00, 0x80, 0xaf, 0x00, 0x00,
0x80, 0x00, 0x00, 0x00, 0x88, 0x01, 0x00, 0x00, 0x88, 0x02, 0x00, 0x00, 0x88, 0x03, 0x00,
0x00, 0x88, 0x04, 0x00, 0x00, 0x88, 0x05, 0x00, 0x00, 0x88, 0x06, 0x00, 0x00, 0x88, 0x07,
0x00, 0x00, 0x88, 0x08, 0x00, 0x00, 0x88, 0x09, 0x00, 0x00, 0x88, 0x0a, 0x00, 0x00, 0x88,
0x0b, 0x00, 0x00, 0x88, 0x0c, 0x00, 0x00, 0x88, 0x0d, 0x00, 0x00, 0x88, 0x0e, 0x00, 0x00,
0x88, 0x0f, 0x00, 0x00, 0x88, 0x10, 0x00, 0x00, 0x88, 0x11, 0x00, 0x00, 0x88, 0x12, 0x00,
0x00, 0x88, 0x13, 0x00, 0x00, 0x88, 0x14, 0x00, 0x00, 0x88, 0x15, 0x00, 0x00, 0x88, 0x16,
0x00, 0x00, 0x88, 0x17, 0x00, 0x00, 0x88, 0x18, 0x00, 0x00, 0x88, 0x19, 0x00, 0x00, 0x88,
0x1a, 0x00, 0x00, 0x88, 0x1b, 0x00, 0x00, 0x88, 0x1c, 0x00, 0x00, 0x88, 0x1d, 0x00, 0x00,
0x88, 0x1e, 0x00, 0x00, 0x88, 0x1f, 0x00, 0x00, 0x88, 0x20, 0x00, 0x00, 0x88, 0x21, 0x00,
0x00, 0x88, 0x22, 0x00, 0x00, 0x88, 0x23, 0x00, 0x00, 0x88, 0x24, 0x00, 0x00, 0x88, 0x25,
0x00, 0x00, 0x88, 0x26, 0x00, 0x00, 0x88, 0x27, 0x00, 0x00, 0x88, 0x28, 0x00, 0x00, 0x88,
0x29, 0x00, 0x00, 0x88, 0x2a, 0x00, 0x00, 0x88, 0x2b, 0x00, 0x00, 0x88, 0x2c, 0x00, 0x00,
0x88, 0x2d, 0x00, 0x00, 0x88, 0x2e, 0x00, 0x00, 0x88, 0x2f, 0x00, 0x00, 0x88, 0x30, 0x00,
0x00, 0x88, 0x31, 0x00, 0x00, 0x88, 0x32, 0x00, 0x00, 0x88, 0x33, 0x00, 0x00, 0x88, 0x34,
0x00, 0x00, 0x88, 0x35, 0x00, 0x00, 0x88, 0x36, 0x00, 0x00, 0x88, 0x37, 0x00, 0x00, 0x88,
0x38, 0x00, 0x00, 0x88, 0x39, 0x00, 0x00, 0x88, 0x3a, 0x00, 0x00, 0x88, 0x3b, 0x00, 0x00,
0x88, 0x3c, 0x00, 0x00, 0x88, 0x3d, 0x00, 0x00, 0x88, 0x3e, 0x00, 0x00, 0x88, 0x3f, 0x00,
0x00, 0x88, 0x40, 0x00, 0x00, 0x88, 0x41, 0x00, 0x00, 0x88, 0x42, 0x00, 0x00, 0x88, 0x43,
0x00, 0x00, 0x88, 0x44, 0x00, 0x00, 0x88, 0x45, 0x00, 0x00, 0x88, 0x46, 0x00, 0x00, 0x88,
0x47, 0x00, 0x00, 0x88, 0x48, 0x00, 0x00, 0x88, 0x49, 0x00, 0x00, 0x88, 0x4a, 0x00, 0x00,
0x88, 0x4b, 0x00, 0x00, 0x88, 0x4c, 0x00, 0x00, 0x88, 0x4d, 0x00, 0x00, 0x88, 0x4e, 0x00,
0x00, 0x88, 0x4f, 0x00, 0x00, 0x88, 0x50, 0x00, 0x00, 0x88, 0x51, 0x00, 0x00, 0x88, 0x52,
0x00, 0x00, 0x88, 0x53, 0x00, 0x00, 0x88, 0x54, 0x00, 0x00, 0x88, 0x55, 0x00, 0x00, 0x88,
0x56, 0x00, 0x00, 0x88, 0x57, 0x00, 0x00, 0x88, 0x58, 0x00, 0x00, 0x88, 0x59, 0x00, 0x00,
0x88, 0x5a, 0x00, 0x00, 0x88, 0x5b, 0x00, 0x00, 0x88, 0x5c, 0x00, 0x00, 0x88, 0x5d, 0x00,
0x00, 0x88, 0x5e, 0x00, 0x00, 0x88, 0x5f, 0x00, 0x00, 0x88, 0x60, 0x00, 0x00, 0x88, 0x61,
0x00, 0x00, 0x88, 0x62, 0x00, 0x00, 0x88, 0x63, 0x00, 0x00, 0x88, 0x64, 0x00, 0x00, 0x88,
0x65, 0x00, 0x00, 0x88, 0x66, 0x00, 0x00, 0x88, 0x67, 0x00, 0x00, 0x88, 0x68, 0x00, 0x00,
0x88, 0x69, 0x00, 0x00, 0x88, 0x6a, 0x00, 0x00, 0x88, 0x6b, 0x00, 0x00, 0x88, 0x6c, 0x00,
0x00, 0x88, 0x6d, 0x00, 0x00, 0x88, 0x6e, 0x00, 0x00, 0x88, 0x6f, 0x00, 0x00, 0x88, 0x70,
0x00, 0x00, 0x88, 0x71, 0x00, 0x00, 0x88, 0x72, 0x00, 0x00, 0x88, 0x73, 0x00, 0x00, 0x88,
0x74, 0x00, 0x00, 0x88, 0x75, 0x00, 0x00, 0x88, 0x76, 0x00, 0x00, 0x88, 0x77, 0x00, 0x00,
0x88, 0x1e, 0x00, 0x00, 0x70, 0x08, 0x00, 0x00, 0x60, 0x05, 0x00, 0x00, 0x58, 0x02, 0x00,
0x00, 0x48, 0x01, 0x00, 0x00, 0x38, 0x01, 0x00, 0x00, 0x30, 0x01, 0x00, 0x00, 0x20, 0x01,
0x00, 0x00, 0x18, 0x01, 0x00, 0x00, 0x08, 0x02, 0x00, 0x00, 0x18, 0x03, 0x00, 0x00, 0x18,
0x02, 0x00, 0x00, 0x30, 0x03, 0x00, 0x00, 0x30, 0x03, 0x00, 0x00, 0x48, 0x03, 0x00, 0x00,
0x50, 0x09, 0x00, 0x00, 0x60, 0x1f, 0x00, 0x00, 0x70, 0x78, 0x00, 0x00, 0x88, 0x79, 0x00,
0x00, 0x88, 0x7a, 0x00, 0x00, 0x88, 0x7b, 0x00, 0x00, 0x88, 0x7c, 0x00, 0x00, 0x88, 0x7d,
0x00, 0x00, 0x88, 0x7e, 0x00, 0x00, 0x88, 0x7f, 0x00, 0x00, 0x88, 0x80, 0x00, 0x00, 0x88,
0x81, 0x00, 0x00, 0x88, 0x82, 0x00, 0x00, 0x88, 0x83, 0x00, 0x00, 0x88, 0x84, 0x00, 0x00,
0x88, 0x85, 0x00, 0x00, 0x88, 0x86, 0x00, 0x00, 0x88, 0x87, 0x00, 0x00, 0x88, 0x88, 0x00,
0x00, 0x88, 0x89, 0x00, 0x00, 0x88, 0x8a, 0x00, 0x00, 0x88, 0x8b, 0x00, 0x00, 0x88, 0x8c,
0x00, 0x00, 0x88, 0x8d, 0x00, 0x00, 0x88, 0x8e, 0x00, 0x00, 0x88, 0x8f, 0x00, 0x00, 0x88,
0x90, 0x00, 0x00, 0x88, 0x91, 0x00, 0x00, 0x88, 0x92, 0x00, 0x00, 0x88, 0x93, 0x00, 0x00,
0x88, 0x94, 0x00, 0x00, 0x88, 0x95, 0x00, 0x00, 0x88, 0x96, 0x00, 0x00, 0x88, 0x97, 0x00,
0x00, 0x88, 0x98, 0x00, 0x00, 0x88, 0x99, 0x00, 0x00, 0x88, 0x9a, 0x00, 0x00, 0x88, 0x9b,
0x00, 0x00, 0x88, 0x9c, 0x00, 0x00, 0x88, 0x9d, 0x00, 0x00, 0x88, 0x9e, 0x00, 0x00, 0x88,
0x9f, 0x00, 0x00, 0x88, 0xa0, 0x00, 0x00, 0x88, 0xa1, 0x00, 0x00, 0x88, 0xa2, 0x00, 0x00,
0x88, 0xa3, 0x00, 0x00, 0x88, 0xa4, 0x00, 0x00, 0x88, 0xa5, 0x00, 0x00, 0x88, 0xa6, 0x00,
0x00, 0x88, 0xa7, 0x00, 0x00, 0x88, 0xa8, 0x00, 0x00, 0x88, 0xa9, 0x00, 0x00, 0x88, 0xaa,
0x00, 0x00, 0x88, 0xab, 0x00, 0x00, 0x88, 0xac, 0x00, 0x00, 0x88, 0xad, 0x00, 0x00, 0x88,
0xae, 0x00, 0x00, 0x88, 0xaf, 0x00, 0x00, 0x88, 0xb0, 0x00, 0x00, 0x88, 0xb1, 0x00, 0x00,
0x88, 0xb2, 0x00, 0x00, 0x88, 0xb3, 0x00, 0x00, 0x88, 0xb4, 0x00, 0x00, 0x88, 0xb5, 0x00,
0x00, 0x88, 0xb6, 0x00, 0x00, 0x88, 0xb7, 0x00, 0x00, 0x88, 0xb8, 0x00, 0x00, 0x88, 0xb9,
0x00, 0x00, 0x88, 0xba, 0x00, 0x00, 0x88, 0xbb, 0x00, 0x00, 0x88, 0xbc, 0x00, 0x00, 0x88,
0xbd, 0x00, 0x00, 0x88, 0xbe, 0x00, 0x00, 0x88, 0xbf, 0x00, 0x00, 0x88, 0xc0, 0x00, 0x00,
0x88, 0xc1, 0x00, 0x00, 0x88, 0xc2, 0x00, 0x00, 0x88, 0xc3, 0x00, 0x00, 0x88, 0xc4, 0x00,
0x00, 0x88, 0xc5, 0x00, 0x00, 0x88, 0xc6, 0x00, 0x00, 0x88, 0xc7, 0x00, 0x00, 0x88, 0xc8,
0x00, 0x00, 0x88, 0xc9, 0x00, 0x00, 0x88, 0xca, 0x00, 0x00, 0x88, 0xcb, 0x00, 0x00, 0x88,
0xcc, 0x00, 0x00, 0x88, 0xcd, 0x00, 0x00, 0x88, 0xce, 0x00, 0x00, 0x88, 0xcf, 0x00, 0x00,
0x88, 0xd0, 0x00, 0x00, 0x88, 0xd1, 0x00, 0x00, 0x88, 0xd2, 0x00, 0x00, 0x88, 0xd3, 0x00,
0x00, 0x88, 0xd4, 0x00, 0x00, 0x88, 0xd5, 0x00, 0x00, 0x88, 0xd6, 0x00, 0x00, 0x88, 0xd7,
0x00, 0x00, 0x88, 0xd8, 0x00, 0x00, 0x88, 0xd9, 0x00, 0x00, 0x88, 0xda, 0x00, 0x00, 0x88,
0xdb, 0x00, 0x00, 0x88, 0xdc, 0x00, 0x00, 0x88, 0xdd, 0x00, 0x00, 0x88, 0xde, 0x00, 0x00,
0x88, 0xdf, 0x00, 0x00, 0x88, 0xe0, 0x00, 0x00, 0x88, 0xe1, 0x00, 0x00, 0x88, 0xe2, 0x00,
0x00, 0x88, 0xe3, 0x00, 0x00, 0x88, 0xe4, 0x00, 0x00, 0x88, 0xe5, 0x00, 0x00, 0x88, 0xe6,
0x00, 0x00, 0x88, 0xe7, 0x00, 0x00, 0x88, 0xe8, 0x00, 0x00, 0x88, 0xe9, 0x00, 0x00, 0x88,
0xea, 0x00, 0x00, 0x88, 0xeb, 0x00, 0x00, 0x88, 0x77, 0x00, 0x00, 0x80, 0xec, 0x00, 0x00,
0x88, 0xed, 0x00, 0x00, 0x88, 0x01, 0x00, 0x00, 0x88, 0x02, 0x00, 0x00, 0x88, 0x03, 0x00,
0x00, 0x88, 0x04, 0x00, 0x00, 0x88, 0x05, 0x00, 0x00, 0x88, 0x06, 0x00, 0x00, 0x88, 0x07,
0x00, 0x00, 0x88, 0x08, 0x00, 0x00, 0x88, 0x09, 0x00, 0x00, 0x88, 0x0a, 0x00, 0x00, 0x88,
0x0b, 0x00, 0x00, 0x88, 0x0c, 0x00, 0x00, 0x88, 0x0d, 0x00, 0x00, 0x88, 0x0e, 0x00, 0x00,
0x88, 0x0f, 0x00, 0x00, 0x88, 0x10, 0x00, 0x00, 0x88, 0x11, 0x00, 0x00, 0x88, 0x12, 0x00,
0x00, 0x88, 0x13, 0x00, 0x00, 0x88, 0x14, 0x00, 0x00, 0x88, 0x15, 0x00, 0x00, 0x88, 0x16,
0x00, 0x00, 0x88, 0x17, 0x00, 0x00, 0x88, 0x18, 0x00, 0x00, 0x88, 0x19, 0x00, 0x00, 0x88,
0x1a, 0x00, 0x00, 0x88, 0x1b, 0x00, 0x00, 0x88, 0x1c, 0x00, 0x00, 0x88, 0x1d, 0x00, 0x00,
0x88, 0x1e, 0x00, 0x00, 0x88, 0x1f, 0x00, 0x00, 0x88, 0x20, 0x00, 0x00, 0x88, 0x21, 0x00,
0x00, 0x88, 0x22, 0x00, 0x00, 0x88, 0x23, 0x00, 0x00, 0x88, 0x24, 0x00, 0x00, 0x88, 0x25,
0x00, 0x00, 0x88, 0x26, 0x00, 0x00, 0x88, 0x27, 0x00, 0x00, 0x88, 0x28, 0x00, 0x00, 0x88,
0x29, 0x00, 0x00, 0x88, 0x2a, 0x00, 0x00, 0x88, 0x2b, 0x00, 0x00, 0x88, 0x2c, 0x00, 0x00,
0x88, 0x2d, 0x00, 0x00, 0x88, 0x2e, 0x00, 0x00, 0x88, 0x2f, 0x00, 0x00, 0x88, 0x30, 0x00,
0x00, 0x88, 0x31, 0x00, 0x00, 0x88, 0x32, 0x00, 0x00, 0x88, 0x33, 0x00, 0x00, 0x88, 0x34,
0x00, 0x00, 0x88, 0x35, 0x00, 0x00, 0x88, 0x36, 0x00, 0x00, 0x88, 0x37, 0x00, 0x00, 0x88,
0x38, 0x00, 0x00, 0x88, 0x39, 0x00, 0x00, 0x88, 0x3a, 0x00, 0x00, 0x88, 0x3b, 0x00, 0x00,
0x88, 0x3c, 0x00, 0x00, 0x88, 0x3d, 0x00, 0x00, 0x88, 0x3e, 0x00, 0x00, 0x88, 0x00, 0x00,
0x00, 0x90, 0x3f, 0x00, 0x00, 0x88, 0x40, 0x00, 0x00, 0x88, 0x41, 0x00, 0x00, 0x88, 0x42,
0x00, 0x00, 0x88, 0x43, 0x00, 0x00, 0x88, 0x44, 0x00, 0x00, 0x88, 0x45, 0x00, 0x00, 0x88,
0x46, 0x00, 0x00, 0x88, 0x47, 0x00, 0x00, 0x88, 0x48, 0x00, 0x00, 0x88, 0x49, 0x00, 0x00,
0x88, 0x4a, 0x00, 0x00, 0x88, 0x4b, 0x00, 0x00, 0x88, 0x4c, 0x00, 0x00, 0x88, 0x4d, 0x00,
0x00, 0x88, 0x4e, 0x00, 0x00, 0x88, 0x4f, 0x00, 0x00, 0x88, 0x50, 0x00, 0x00, 0x88, 0x51,
0x00, 0x00, 0x88, 0x52, 0x00, 0x00, 0x88, 0x53, 0x00, 0x00, 0x88, 0x54, 0x00, 0x00, 0x88,
0x55, 0x00, 0x00, 0x88, 0x56, 0x00, 0x00, 0x88, 0x57, 0x00, 0x00, 0x88, 0x58, 0x00, 0x00,
0x88, 0x59, 0x00, 0x00, 0x88, 0x5a, 0x00, 0x00, 0x88, 0x5b, 0x00, 0x00, 0x88, 0x5c, 0x00,
0x00, 0x88, 0x5d, 0x00, 0x00, 0x88, 0x5e, 0x00, 0x00, 0x88, 0x5f, 0x00, 0x00, 0x88, 0x60,
0x00, 0x00, 0x88, 0x61, 0x00, 0x00, 0x88, 0x62, 0x00, 0x00, 0x88, 0x63, 0x00, 0x00, 0x88,
0x64, 0x00, 0x00, 0x88, 0x65, 0x00, 0x00, 0x88, 0x66, 0x00, 0x00, 0x88, 0x67, 0x00, 0x00,
0x88, 0x68, 0x00, 0x00, 0x88, 0x69, 0x00, 0x00, 0x88, 0x6a, 0x00, 0x00, 0x88, 0x6b, 0x00,
0x00, 0x88, 0x6c, 0x00, 0x00, 0x88, 0x6d, 0x00, 0x00, 0x88, 0x6e, 0x00, 0x00, 0x88, 0x6f,
0x00, 0x00, 0x88, 0x70, 0x00, 0x00, 0x88, 0x71, 0x00, 0x00, 0x88, 0x72, 0x00, 0x00, 0x88,
0x73, 0x00, 0x00, 0x88, 0x74, 0x00, 0x00, 0x88, 0x75, 0x00, 0x00, 0x88, 0x3b, 0x00, 0x00,
0x78, 0x1e, 0x00, 0x00, 0x70, 0x08, 0x00, 0x00, 0x60, 0x05, 0x00, 0x00, 0x58, 0x02, 0x00,
0x00, 0x48, 0x02, 0x00, 0x00, 0x40, 0x01, 0x00, 0x00, 0x30, 0x01, 0x00, 0x00, 0x28, 0x02,
0x00, 0x00, 0x20, 0x02, 0x00, 0x00, 0x18, 0x01, 0x00, 0x00, 0x08, 0x03, 0x00, 0x00, 0x18,
0x03, 0x00, 0x00, 0x20, 0x02, 0x00, 0x00, 0x28, 0x03, 0x00, 0x00, 0x28, 0x03, 0x00, 0x00,
0x40, 0x03, 0x00, 0x00, 0x48, 0x03, 0x00, 0x00, 0x50, 0x09, 0x00, 0x00, 0x60, 0x1f, 0x00,
0x00, 0x70, 0x75, 0x00, 0x00, 0x80, 0x76, 0x00, 0x00, 0x88, 0x77, 0x00, 0x00, 0x88, 0x78,
0x00, 0x00, 0x88, 0x79, 0x00, 0x00, 0x88, 0x7a, 0x00, 0x00, 0x88, 0x7b, 0x00, 0x00, 0x88,
0x7c, 0x00, 0x00, 0x88, 0x7d, 0x00, 0x00, 0x88, 0x7e, 0x00, 0x00, 0x88, 0x7f, 0x00, 0x00,
0x88, 0x80, 0x00, 0x00, 0x88, 0x81, 0x00, 0x00, 0x88, 0x82, 0x00, 0x00, 0x88, 0x83, 0x00,
0x00, 0x88, 0x84, 0x00, 0x00, 0x88, 0x85, 0x00, 0x00, 0x88, 0x86, 0x00, 0x00, 0x88, 0x87,
0x00, 0x00, 0x88, 0x88, 0x00, 0x00, 0x88, 0x89, 0x00, 0x00, 0x88, 0x8a, 0x00, 0x00, 0x88,
0x8b, 0x00, 0x00, 0x88, 0x8c, 0x00, 0x00, 0x88, 0x8d, 0x00, 0x00, 0x88, 0x8e, 0x00, 0x00,
0x88, 0x8f, 0x00, 0x00, 0x88, 0x90, 0x00, 0x00, 0x88, 0x91, 0x00, 0x00, 0x88, 0x92, 0x00,
0x00, 0x88, 0x93, 0x00, 0x00, 0x88, 0x94, 0x00, 0x00, 0x88, 0x95, 0x00, 0x00, 0x88, 0x96,
0x00, 0x00, 0x88, 0x97, 0x00, 0x00, 0x88, 0x98, 0x00, 0x00, 0x88, 0x99, 0x00, 0x00, 0x88,
0x9a, 0x00, 0x00, 0x88, 0x9b, 0x00, 0x00, 0x88, 0x9c, 0x00, 0x00, 0x88, 0x9d, 0x00, 0x00,
0x88, 0x9e, 0x00, 0x00, 0x88, 0x9f, 0x00, 0x00, 0x88, 0xa0, 0x00, 0x00, 0x88, 0xa1, 0x00,
0x00, 0x88, 0xa2, 0x00, 0x00, 0x88, 0xa3, 0x00, 0x00, 0x88, 0xa4, 0x00, 0x00, 0x88, 0xa5,
0x00, 0x00, 0x88, 0xa6, 0x00, 0x00, 0x88, 0xa7, 0x00, 0x00, 0x88, 0xa8, 0x00, 0x00, 0x88,
0xa9, 0x00, 0x00, 0x88, 0xaa, 0x00, 0x00, 0x88, 0xab, 0x00, 0x00, 0x88, 0xac, 0x00, 0x00,
0x88, 0xad, 0x00, 0x00, 0x88, 0xae, 0x00, 0x00, 0x88, 0xaf, 0x00, 0x00, 0x88, 0xb0, 0x00,
0x00, 0x88, 0xb1, 0x00, 0x00, 0x88, 0xb2, 0x00, 0x00, 0x88, 0xb3, 0x00, 0x00, 0x88, 0xb4,
0x00, 0x00, 0x88, 0xb5, 0x00, 0x00, 0x88, 0xb6, 0x00, 0x00, 0x88, 0xb7, 0x00, 0x00, 0x88,
0xb8, 0x00, 0x00, 0x88, 0xb9, 0x00, 0x00, 0x88, 0xba, 0x00, 0x00, 0x88, 0xbb, 0x00, 0x00,
0x88, 0xbc, 0x00, 0x00, 0x88, 0xbd, 0x00, 0x00, 0x88, 0xbe, 0x00, 0x00, 0x88, 0xbf, 0x00,
0x00, 0x88, 0xc0, 0x00, 0x00, 0x88, 0xc1, 0x00, 0x00, 0x88, 0xc2, 0x00, 0x00, 0x88, 0xc3,
0x00, 0x00, 0x88, 0xc4, 0x00, 0x00, 0x88, 0xc5, 0x00, 0x00, 0x88, 0xc6, 0x00, 0x00, 0x88,
0xc7, 0x00, 0x00, 0x88, 0xc8, 0x00, 0x00, 0x88, 0xc9, 0x00, 0x00, 0x88, 0xca, 0x00, 0x00,
0x88, 0xcb, 0x00, 0x00, 0x88, 0xcc, 0x00, 0x00, 0x88, 0xcd, 0x00, 0x00, 0x88, 0xce, 0x00,
0x00, 0x88, 0xcf, 0x00, 0x00, 0x88, 0xd0, 0x00, 0x00, 0x88, 0xd1, 0x00, 0x00, 0x88, 0xd2,
0x00, 0x00, 0x88, 0xd3, 0x00, 0x00, 0x88, 0xd4, 0x00, 0x00, 0x88, 0xd5, 0x00, 0x00, 0x88,
0xd6, 0x00, 0x00, 0x88, 0xd7, 0x00, 0x00, 0x88, 0xd8, 0x00, 0x00, 0x88, 0xd9, 0x00, 0x00,
0x88, 0xda, 0x00, 0x00, 0x88, 0xdb, 0x00, 0x00, 0x88, 0xdc, 0x00, 0x00, 0x88, 0xdd, 0x00,
0x00, 0x88, 0xde, 0x00, 0x00, 0x88, 0xdf, 0x00, 0x00, 0x88, 0xe0, 0x00, 0x00, 0x88, 0xe1,
0x00, 0x00, 0x88, 0xe2, 0x00, 0x00, 0x88, 0xe3, 0x00, 0x00, 0x88, 0xe4, 0x00, 0x00, 0x88,
0xe5, 0x00, 0x00, 0x88, 0x01, 0x00, 0x00, 0x90, 0xe6, 0x00, 0x00, 0x88, 0xe7, 0x00, 0x00,
0x88, 0xe8, 0x00, 0x00, 0x88, 0xe9, 0x00, 0x00, 0x88, 0x03, 0x00, 0x00, 0x80, 0x04, 0x00,
0x00, 0x80, 0x05, 0x00, 0x00, 0x80, 0x06, 0x00, 0x00, 0x80, 0x07, 0x00, 0x00, 0x80, 0x08,
0x00, 0x00, 0x80, 0x09, 0x00, 0x00, 0x80, 0x0a, 0x00, 0x00, 0x80, 0x0b, 0x00, 0x00, 0x80,
0x0c, 0x00, 0x00, 0x80, 0x0d, 0x00, 0x00, 0x80, 0x0e, 0x00, 0x00, 0x80, 0x0f, 0x00, 0x00,
0x80, 0x10, 0x00, 0x00, 0x80, 0x11, 0x00, 0x00, 0x80, 0x12, 0x00, 0x00, 0x80, 0x00, 0x00,
0x00, 0x88, 0x13, 0x00, 0x00, 0x80, 0x14, 0x00, 0x00, 0x80, 0x15, 0x00, 0x00, 0x80, 0x16,
0x00, 0x00, 0x80, 0x17, 0x00, 0x00, 0x80, 0x18, 0x00, 0x00, 0x80, 0x19, 0x00, 0x00, 0x80,
0x1a, 0x00, 0x00, 0x80, 0x1b, 0x00, 0x00, 0x80, 0x1c, 0x00, 0x00, 0x80, 0x1d, 0x00, 0x00,
0x80, 0x1e, 0x00, 0x00, 0x80, 0x1f, 0x00, 0x00, 0x80, 0x20, 0x00, 0x00, 0x80, 0x21, 0x00,
0x00, 0x80, 0x22, 0x00, 0x00, 0x80, 0x01, 0x00, 0x00, 0x88, 0x23, 0x00, 0x00, 0x80, 0x24,
0x00, 0x00, 0x80, 0x25, 0x00, 0x00, 0x80, 0x26, 0x00, 0x00, 0x80, 0x27, 0x00, 0x00, 0x80,
0x28, 0x00, 0x00, 0x80, 0x29, 0x00, 0x00, 0x80, 0x2a, 0x00, 0x00, 0x80, 0x2b, 0x00, 0x00,
0x80, 0x2c, 0x00, 0x00, 0x80, 0x2d, 0x00, 0x00, 0x80, 0x2e, 0x00, 0x00, 0x80, 0x2f, 0x00,
0x00, 0x80, 0x30, 0x00, 0x00, 0x80, 0x31, 0x00, 0x00, 0x80, 0x32, 0x00, 0x00, 0x80, 0x33,
0x00, 0x00, 0x80, 0x34, 0x00, 0x00, 0x80, 0x35, 0x00, 0x00, 0x80, 0x36, 0x00, 0x00, 0x80,
0x37, 0x00, 0x00, 0x80, 0x38, 0x00, 0x00, 0x80, 0x39, 0x00, 0x00, 0x80, 0x3a, 0x00, 0x00,
0x80, 0x3b, 0x00, 0x00, 0x80, 0x3c, 0x00, 0x00, 0x80, 0x02, 0x00, 0x00, 0x88, 0x3d, 0x00,
0x00, 0x80, 0x03, 0x00, 0x00, 0x88, 0x3e, 0x00, 0x00, 0x80, 0x3f, 0x00, 0x00, 0x80, 0x40,
0x00, 0x00, 0x80, 0x41, 0x00, 0x00, 0x80, 0x42, 0x00, 0x00, 0x80, 0x43, 0x00, 0x00, 0x80,
0x44, 0x00, 0x00, 0x80, 0x45, 0x00, 0x00, 0x80, 0x46, 0x00, 0x00, 0x80, 0x47, 0x00, 0x00,
0x80, 0x48, 0x00, 0x00, 0x80, 0x49, 0x00, 0x00, 0x80, 0x4a, 0x00, 0x00, 0x80, 0x4b, 0x00,
0x00, 0x80, 0x4c, 0x00, 0x00, 0x80, 0x4d, 0x00, 0x00, 0x80, 0x4e, 0x00, 0x00, 0x80, 0x4f,
0x00, 0x00, 0x80, 0x50, 0x00, 0x00, 0x80, 0x51, 0x00, 0x00, 0x80, 0x52, 0x00, 0x00, 0x80,
0x53, 0x00, 0x00, 0x80, 0x54, 0x00, 0x00, 0x80, 0x55, 0x00, 0x00, 0x80, 0x56, 0x00, 0x00,
0x80, 0x57, 0x00, 0x00, 0x80, 0x58, 0x00, 0x00, 0x80, 0x59, 0x00, 0x00, 0x80, 0x5a, 0x00,
0x00, 0x80, 0x5b, 0x00, 0x00, 0x80, 0x5c, 0x00, 0x00, 0x80, 0x5d, 0x00, 0x00, 0x80, 0x5e,
0x00, 0x00, 0x80, 0x5f, 0x00, 0x00, 0x80, 0x60, 0x00, 0x00, 0x80, 0x61, 0x00, 0x00, 0x80,
0x62, 0x00, 0x00, 0x80, 0x63, 0x00, 0x00, 0x80, 0x64, 0x00, 0x00, 0x80, 0x65, 0x00, 0x00,
0x80, 0x66, 0x00, 0x00, 0x80, 0x67, 0x00, 0x00, 0x80, 0x68, 0x00, 0x00, 0x80, 0x69, 0x00,
0x00, 0x80, 0x6a, 0x00, 0x00, 0x80, 0x6b, 0x00, 0x00, 0x80, 0x6c, 0x00, 0x00, 0x80, 0x6d,
0x00, 0x00, 0x80, 0x6e, 0x00, 0x00, 0x80, 0x6f, 0x00, 0x00, 0x80, 0x70, 0x00, 0x00, 0x80,
0x71, 0x00, 0x00, 0x80, 0x72, 0x00, 0x00, 0x80, 0x72, 0x00, 0x00, 0x78, 0x3a, 0x00, 0x00,
0x70, 0x1e, 0x00, 0x00, 0x68, 0x08, 0x00, 0x00, 0x58, 0x03, 0x00, 0x00, 0x48, 0x02, 0x00,
0x00, 0x40, 0x02, 0x00, 0x00, 0x38, 0x02, 0x00, 0x00, 0x30, 0x02, 0x00, 0x00, 0x28, 0x02,
0x00, 0x00, 0x20, 0x02, 0x00, 0x00, 0x18, 0x03, 0x00, 0x00, 0x18, 0x03, 0x00, 0x00, 0x10,
0x04, 0x00, 0x00, 0x18, 0x05, 0x00, 0x00, 0x18, 0x03, 0x00, 0x00, 0x20, 0x03, 0x00, 0x00,
0x28, 0x03, 0x00, 0x00, 0x30, 0x03, 0x00, 0x00, 0x38, 0x03, 0x00, 0x00, 0x40, 0x05, 0x00,
0x00, 0x50, 0x09, 0x00, 0x00, 0x58, 0x1f, 0x00, 0x00, 0x68, 0x3b, 0x00, 0x00, 0x70, 0x73,
0x00, 0x00, 0x78, 0x73, 0x00, 0x00, 0x80, 0x74, 0x00, 0x00, 0x80, 0x75, 0x00, 0x00, 0x80,
0x76, 0x00, 0x00, 0x80, 0x77, 0x00, 0x00, 0x80, 0x78, 0x00, 0x00, 0x80, 0x79, 0x00, 0x00,
0x80, 0x7a, 0x00, 0x00, 0x80, 0x7b, 0x00, 0x00, 0x80, 0x7c, 0x00, 0x00, 0x80, 0x7d, 0x00,
0x00, 0x80, 0x7e, 0x00, 0x00, 0x80, 0x7f, 0x00, 0x00, 0x80, 0x80, 0x00, 0x00, 0x80, 0x81,
0x00, 0x00, 0x80, 0x82, 0x00, 0x00, 0x80, 0x83, 0x00, 0x00, 0x80, 0x84, 0x00, 0x00, 0x80,
0x85, 0x00, 0x00, 0x80, 0x86, 0x00, 0x00, 0x80, 0x87, 0x00, 0x00, 0x80, 0x88, 0x00, 0x00,
0x80, 0x89, 0x00, 0x00, 0x80, 0x8a, 0x00, 0x00, 0x80, 0x8b, 0x00, 0x00, 0x80, 0x8c, 0x00,
0x00, 0x80, 0x8d, 0x00, 0x00, 0x80, 0x8e, 0x00, 0x00, 0x80, 0x8f, 0x00, 0x00, 0x80, 0x90,
0x00, 0x00, 0x80, 0x91, 0x00, 0x00, 0x80, 0x92, 0x00, 0x00, 0x80, 0x93, 0x00, 0x00, 0x80,
0x94, 0x00, 0x00, 0x80, 0x95, 0x00, 0x00, 0x80, 0x96, 0x00, 0x00, 0x80, 0x97, 0x00, 0x00,
0x80, 0x98, 0x00, 0x00, 0x80, 0x99, 0x00, 0x00, 0x80, 0x9a, 0x00, 0x00, 0x80, 0x9b, 0x00,
0x00, 0x80, 0x9c, 0x00, 0x00, 0x80, 0x9d, 0x00, 0x00, 0x80, 0x9e, 0x00, 0x00, 0x80, 0x9f,
0x00, 0x00, 0x80, 0xa0, 0x00, 0x00, 0x80, 0xa1, 0x00, 0x00, 0x80, 0xa2, 0x00, 0x00, 0x80,
0xa3, 0x00, 0x00, 0x80, 0xa4, 0x00, 0x00, 0x80, 0xa5, 0x00, 0x00, 0x80, 0xa6, 0x00, 0x00,
0x80, 0xa7, 0x00, 0x00, 0x80, 0xa8, 0x00, 0x00, 0x80, 0xa9, 0x00, 0x00, 0x80, 0xaa, 0x00,
0x00, 0x80, 0xab, 0x00, 0x00, 0x80, 0xac, 0x00, 0x00, 0x80, 0xad, 0x00, 0x00, 0x80, 0xae,
0x00, 0x00, 0x80, 0xaf, 0x00, 0x00, 0x80, 0xb0, 0x00, 0x00, 0x80, 0xb1, 0x00, 0x00, 0x80,
0xb2, 0x00, 0x00, 0x80, 0xb3, 0x00, 0x00, 0x80, 0xb4, 0x00, 0x00, 0x80, 0xb5, 0x00, 0x00,
0x80, 0xb6, 0x00, 0x00, 0x80, 0xb7, 0x00, 0x00, 0x80, 0xb8, 0x00, 0x00, 0x80, 0xb9, 0x00,
0x00, 0x80, 0xba, 0x00, 0x00, 0x80, 0xbb, 0x00, 0x00, 0x80, 0xbc, 0x00, 0x00, 0x80, 0xbd,
0x00, 0x00, 0x80, 0xbe, 0x00, 0x00, 0x80, 0xbf, 0x00, 0x00, 0x80, 0xc0, 0x00, 0x00, 0x80,
0xc1, 0x00, 0x00, 0x80, 0xc2, 0x00, 0x00, 0x80, 0xc3, 0x00, 0x00, 0x80, 0xc4, 0x00, 0x00,
0x80, 0xc5, 0x00, 0x00, 0x80, 0xc6, 0x00, 0x00, 0x80, 0xc7, 0x00, 0x00, 0x80, 0xc8, 0x00,
0x00, 0x80, 0xc9, 0x00, 0x00, 0x80, 0xca, 0x00, 0x00, 0x80, 0xcb, 0x00, 0x00, 0x80, 0xcc,
0x00, 0x00, 0x80, 0xcd, 0x00, 0x00, 0x80, 0xce, 0x00, 0x00, 0x80, 0xcf, 0x00, 0x00, 0x80,
0xd0, 0x00, 0x00, 0x80, 0xd1, 0x00, 0x00, 0x80, 0xd2, 0x00, 0x00, 0x80, 0xd3, 0x00, 0x00,
0x80, 0xd4, 0x00, 0x00, 0x80, 0xd5, 0x00, 0x00, 0x80, 0xd6, 0x00, 0x00, 0x80, 0x04, 0x00,
0x00, 0x88, 0xd7, 0x00, 0x00, 0x80, 0xd8, 0x00, 0x00, 0x80, 0xd9, 0x00, 0x00, 0x80, 0xda,
0x00, 0x00, 0x80, 0xdb, 0x00, 0x00, 0x80, 0xdc, 0x00, 0x00, 0x80, 0xdd, 0x00, 0x00, 0x80,
0xde, 0x00, 0x00, 0x80, 0xdf, 0x00, 0x00, 0x80, 0x05, 0x00, 0x00, 0x88, 0xe0, 0x00, 0x00,
0x80, 0xe1, 0x00, 0x00, 0x80, 0xe2, 0x00, 0x00, 0x80, 0xe3, 0x00, 0x00, 0x80, 0x00, 0x00,
0x00, 0x88, 0x01, 0x00, 0x00, 0x88, 0x02, 0x00, 0x00, 0x88, 0x03, 0x00, 0x00, 0x88, 0x04,
0x00, 0x00, 0x88, 0x05, 0x00, 0x00, 0x88, 0x06, 0x00, 0x00, 0x88, 0x07, 0x00, 0x00, 0x88,
0x08, 0x00, 0x00, 0x88, 0x09, 0x00, 0x00, 0x88, 0x0a, 0x00, 0x00, 0x88, 0x0b, 0x00, 0x00,
0x88, 0x0c, 0x00, 0x00, 0x88, 0x0d, 0x00, 0x00, 0x88, 0x0e, 0x00, 0x00, 0x88, 0x0f, 0x00,
0x00, 0x88, 0x10, 0x00, 0x00, 0x88, 0x11, 0x00, 0x00, 0x88, 0x12, 0x00, 0x00, 0x88, 0x13,
0x00, 0x00, 0x88, 0x14, 0x00, 0x00, 0x88, 0x15, 0x00, 0x00, 0x88, 0x16, 0x00, 0x00, 0x88,
0x17, 0x00, 0x00, 0x88, 0x18, 0x00, 0x00, 0x88, 0x19, 0x00, 0x00, 0x88, 0x1a, 0x00, 0x00,
0x88, 0x1b, 0x00, 0x00, 0x88, 0x1c, 0x00, 0x00, 0x88, 0x1d, 0x00, 0x00, 0x88, 0x1e, 0x00,
0x00, 0x88, 0x1f, 0x00, 0x00, 0x88, 0x20, 0x00, 0x00, 0x88, 0x21, 0x00, 0x00, 0x88, 0x22,
0x00, 0x00, 0x88, 0x23, 0x00, 0x00, 0x88, 0x24, 0x00, 0x00, 0x88, 0x25, 0x00, 0x00, 0x88,
0x26, 0x00, 0x00, 0x88, 0x27, 0x00, 0x00, 0x88, 0x28, 0x00, 0x00, 0x88, 0x29, 0x00, 0x00,
0x88, 0x2a, 0x00, 0x00, 0x88, 0x2b, 0x00, 0x00, 0x88, 0x2c, 0x00, 0x00, 0x88, 0x2d, 0x00,
0x00, 0x88, 0x2e, 0x00, 0x00, 0x88, 0x2f, 0x00, 0x00, 0x88, 0x30, 0x00, 0x00, 0x88, 0x31,
0x00, 0x00, 0x88, 0x32, 0x00, 0x00, 0x88, 0x33, 0x00, 0x00, 0x88, 0x34, 0x00, 0x00, 0x88,
0x35, 0x00, 0x00, 0x88, 0x36, 0x00, 0x00, 0x88, 0x37, 0x00, 0x00, 0x88, 0x38, 0x00, 0x00,
0x88, 0x39, 0x00, 0x00, 0x88, 0x3a, 0x00, 0x00, 0x88, 0x3b, 0x00, 0x00, 0x88, 0x3c, 0x00,
0x00, 0x88, 0x3d, 0x00, 0x00, 0x88, 0x3e, 0x00, 0x00, 0x88, 0x3f, 0x00, 0x00, 0x88, 0x40,
0x00, 0x00, 0x88, 0x41, 0x00, 0x00, 0x88, 0x42, 0x00, 0x00, 0x88, 0x43, 0x00, 0x00, 0x88,
0x44, 0x00, 0x00, 0x88, 0x45, 0x00, 0x00, 0x88, 0x46, 0x00, 0x00, 0x88, 0x47, 0x00, 0x00,
0x88, 0x48, 0x00, 0x00, 0x88, 0x49, 0x00, 0x00, 0x88, 0x4a, 0x00, 0x00, 0x88, 0x4b, 0x00,
0x00, 0x88, 0x4c, 0x00, 0x00, 0x88, 0x4d, 0x00, 0x00, 0x88, 0x4e, 0x00, 0x00, 0x88, 0x4f,
0x00, 0x00, 0x88, 0x50, 0x00, 0x00, 0x88, 0x51, 0x00, 0x00, 0x88, 0x52, 0x00, 0x00, 0x88,
0x53, 0x00, 0x00, 0x88, 0x54, 0x00, 0x00, 0x88, 0x55, 0x00, 0x00, 0x88, 0x56, 0x00, 0x00,
0x88, 0x57, 0x00, 0x00, 0x88, 0x58, 0x00, 0x00, 0x88, 0x59, 0x00, 0x00, 0x88, 0x5a, 0x00,
0x00, 0x88, 0x5b, 0x00, 0x00, 0x88, 0x5c, 0x00, 0x00, 0x88, 0x5d, 0x00, 0x00, 0x88, 0x5e,
0x00, 0x00, 0x88, 0x5f, 0x00, 0x00, 0x88, 0x60, 0x00, 0x00, 0x88, 0x61, 0x00, 0x00, 0x88,
0x62, 0x00, 0x00, 0x88, 0x63, 0x00, 0x00, 0x88, 0x64, 0x00, 0x00, 0x88, 0x65, 0x00, 0x00,
0x88, 0x66, 0x00, 0x00, 0x88, 0x67, 0x00, 0x00, 0x88, 0x68, 0x00, 0x00, 0x88, 0x69, 0x00,
0x00, 0x88, 0x6a, 0x00, 0x00, 0x88, 0x6b, 0x00, 0x00, 0x88, 0x6c, 0x00, 0x00, 0x88, 0x6d,
0x00, 0x00, 0x88, 0x6e, 0x00, 0x00, 0x88, 0x6f, 0x00, 0x00, 0x88, 0x70, 0x00, 0x00, 0x88,
0x71, 0x00, 0x00, 0x88, 0x72, 0x00, 0x00, 0x88, 0x3a, 0x00, 0x00, 0x78, 0x1e, 0x00, 0x00,
0x70, 0x08, 0x00, 0x00, 0x60, 0x09, 0x00, 0x00, 0x60, 0x06, 0x00, 0x00, 0x58, 0x02, 0x00,
0x00, 0x48, 0x02, 0x00, 0x00, 0x40, 0x02, 0x00, 0x00, 0x38, 0x02, 0x00, 0x00, 0x30, 0x01,
0x00, 0x00, 0x20, 0x02, 0x00, 0x00, 0x20, 0x03, 0x00, 0x00, 0x20, 0x03, 0x00, 0x00, 0x18,
0x03, 0x00, 0x00, 0x10, 0x04, 0x00, 0x00, 0x18, 0x05, 0x00, 0x00, 0x18, 0x04, 0x00, 0x00,
0x20, 0x05, 0x00, 0x00, 0x20, 0x03, 0x00, 0x00, 0x30, 0x03, 0x00, 0x00, 0x38, 0x03, 0x00,
0x00, 0x40, 0x03, 0x00, 0x00, 0x48, 0x07, 0x00, 0x00, 0x58, 0x0a, 0x00, 0x00, 0x60, 0x0b,
0x00, 0x00, 0x60, 0x1f, 0x00, 0x00, 0x70, 0x3b, 0x00, 0x00, 0x78, 0x73, 0x00, 0x00, 0x88,
0x74, 0x00, 0x00, 0x88, 0x75, 0x00, 0x00, 0x88, 0x76, 0x00, 0x00, 0x88, 0x77, 0x00, 0x00,
0x88, 0x78, 0x00, 0x00, 0x88, 0x79, 0x00, 0x00, 0x88, 0x7a, 0x00, 0x00, 0x88, 0x7b, 0x00,
0x00, 0x88, 0x7c, 0x00, 0x00, 0x88, 0x7d, 0x00, 0x00, 0x88, 0x7e, 0x00, 0x00, 0x88, 0x7f,
0x00, 0x00, 0x88, 0x80, 0x00, 0x00, 0x88, 0x81, 0x00, 0x00, 0x88, 0x82, 0x00, 0x00, 0x88,
0x83, 0x00, 0x00, 0x88, 0x84, 0x00, 0x00, 0x88, 0x85, 0x00, 0x00, 0x88, 0x86, 0x00, 0x00,
0x88, 0x87, 0x00, 0x00, 0x88, 0x88, 0x00, 0x00, 0x88, 0x89, 0x00, 0x00, 0x88, 0x8a, 0x00,
0x00, 0x88, 0x8b, 0x00, 0x00, 0x88, 0x8c, 0x00, 0x00, 0x88, 0x8d, 0x00, 0x00, 0x88, 0x8e,
0x00, 0x00, 0x88, 0x8f, 0x00, 0x00, 0x88, 0x90, 0x00, 0x00, 0x88, 0x91, 0x00, 0x00, 0x88,
0x92, 0x00, 0x00, 0x88, 0x93, 0x00, 0x00, 0x88, 0x94, 0x00, 0x00, 0x88, 0x95, 0x00, 0x00,
0x88, 0x96, 0x00, 0x00, 0x88, 0x97, 0x00, 0x00, 0x88, 0x98, 0x00, 0x00, 0x88, 0x99, 0x00,
0x00, 0x88, 0x9a, 0x00, 0x00, 0x88, 0x9b, 0x00, 0x00, 0x88, 0x9c, 0x00, 0x00, 0x88, 0x9d,
0x00, 0x00, 0x88, 0x9e, 0x00, 0x00, 0x88, 0x9f, 0x00, 0x00, 0x88, 0xa0, 0x00, 0x00, 0x88,
0xa1, 0x00, 0x00, 0x88, 0xa2, 0x00, 0x00, 0x88, 0xa3, 0x00, 0x00, 0x88, 0xa4, 0x00, 0x00,
0x88, 0xa5, 0x00, 0x00, 0x88, 0xa6, 0x00, 0x00, 0x88, 0xa7, 0x00, 0x00, 0x88, 0xa8, 0x00,
0x00, 0x88, 0xa9, 0x00, 0x00, 0x88, 0xaa, 0x00, 0x00, 0x88, 0xab, 0x00, 0x00, 0x88, 0xac,
0x00, 0x00, 0x88, 0xad, 0x00, 0x00, 0x88, 0xae, 0x00, 0x00, 0x88, 0xaf, 0x00, 0x00, 0x88,
0xb0, 0x00, 0x00, 0x88, 0xb1, 0x00, 0x00, 0x88, 0xb2, 0x00, 0x00, 0x88, 0xb3, 0x00, 0x00,
0x88, 0xb4, 0x00, 0x00, 0x88, 0xb5, 0x00, 0x00, 0x88, 0xb6, 0x00, 0x00, 0x88, 0xb7, 0x00,
0x00, 0x88, 0xb8, 0x00, 0x00, 0x88, 0xb9, 0x00, 0x00, 0x88, 0xba, 0x00, 0x00, 0x88, 0xbb,
0x00, 0x00, 0x88, 0xbc, 0x00, 0x00, 0x88, 0xbd, 0x00, 0x00, 0x88, 0xbe, 0x00, 0x00, 0x88,
0xbf, 0x00, 0x00, 0x88, 0xc0, 0x00, 0x00, 0x88, 0xc1, 0x00, 0x00, 0x88, 0xc2, 0x00, 0x00,
0x88, 0xc3, 0x00, 0x00, 0x88, 0xc4, 0x00, 0x00, 0x88, 0xc5, 0x00, 0x00, 0x88, 0xc6, 0x00,
0x00, 0x88, 0xc7, 0x00, 0x00, 0x88, 0xc8, 0x00, 0x00, 0x88, 0xc9, 0x00, 0x00, 0x88, 0xca,
0x00, 0x00, 0x88, 0xcb, 0x00, 0x00, 0x88, 0xcc, 0x00, 0x00, 0x88, 0xcd, 0x00, 0x00, 0x88,
0xce, 0x00, 0x00, 0x88, 0xcf, 0x00, 0x00, 0x88, 0xd0, 0x00, 0x00, 0x88, 0xd1, 0x00, 0x00,
0x88, 0xd2, 0x00, 0x00, 0x88, 0xd3, 0x00, 0x00, 0x88, 0xd4, 0x00, 0x00, 0x88, 0xd5, 0x00,
0x00, 0x88, 0xd6, 0x00, 0x00, 0x88, 0xd7, 0x00, 0x00, 0x88, 0x71, 0x00, 0x00, 0x80, 0xd8,
0x00, 0x00, 0x88, 0x72, 0x00, 0x00, 0x80, 0xd9, 0x00, 0x00, 0x88, 0xda, 0x00, 0x00, 0x88,
0xdb, 0x00, 0x00, 0x88, 0xdc, 0x00, 0x00, 0x88, 0xdd, 0x00, 0x00, 0x88, 0xde, 0x00, 0x00,
0x88, 0xdf, 0x00, 0x00, 0x88, 0x73, 0x00, 0x00, 0x80, 0xe0, 0x00, 0x00, 0x88, 0xe1, 0x00,
0x00, 0x88, 0x01, 0x00, 0x00, 0x88, 0x02, 0x00, 0x00, 0x88, 0x03, 0x00, 0x00, 0x88, 0x04,
0x00, 0x00, 0x88, 0x05, 0x00, 0x00, 0x88, 0x06, 0x00, 0x00, 0x88, 0x07, 0x00, 0x00, 0x88,
0x08, 0x00, 0x00, 0x88, 0x09, 0x00, 0x00, 0x88, 0x0a, 0x00, 0x00, 0x88, 0x0b, 0x00, 0x00,
0x88, 0x0c, 0x00, 0x00, 0x88, 0x0d, 0x00, 0x00, 0x88, 0x0e, 0x00, 0x00, 0x88, 0x0f, 0x00,
0x00, 0x88, 0x10, 0x00, 0x00, 0x88, 0x11, 0x00, 0x00, 0x88, 0x12, 0x00, 0x00, 0x88, 0x13,
0x00, 0x00, 0x88, 0x14, 0x00, 0x00, 0x88, 0x15, 0x00, 0x00, 0x88, 0x16, 0x00, 0x00, 0x88,
0x17, 0x00, 0x00, 0x88, 0x18, 0x00, 0x00, 0x88, 0x19, 0x00, 0x00, 0x88, 0x1a, 0x00, 0x00,
0x88, 0x1b, 0x00, 0x00, 0x88, 0x1c, 0x00, 0x00, 0x88, 0x1d, 0x00, 0x00, 0x88, 0x1e, 0x00,
0x00, 0x88, 0x1f, 0x00, 0x00, 0x88, 0x20, 0x00, 0x00, 0x88, 0x21, 0x00, 0x00, 0x88, 0x22,
0x00, 0x00, 0x88, 0x23, 0x00, 0x00, 0x88, 0x24, 0x00, 0x00, 0x88, 0x25, 0x00, 0x00, 0x88,
0x26, 0x00, 0x00, 0x88, 0x27, 0x00, 0x00, 0x88, 0x28, 0x00, 0x00, 0x88, 0x29, 0x00, 0x00,
0x88, 0x2a, 0x00, 0x00, 0x88, 0x2b, 0x00, 0x00, 0x88, 0x2c, 0x00, 0x00, 0x88, 0x2d, 0x00,
0x00, 0x88, 0x2e, 0x00, 0x00, 0x88, 0x2f, 0x00, 0x00, 0x88, 0x30, 0x00, 0x00, 0x88, 0x31,
0x00, 0x00, 0x88, 0x32, 0x00, 0x00, 0x88, 0x33, 0x00, 0x00, 0x88, 0x34, 0x00, 0x00, 0x88,
0x35, 0x00, 0x00, 0x88, 0x36, 0x00, 0x00, 0x88, 0x37, 0x00, 0x00, 0x88, 0x38, 0x00, 0x00,
0x88, 0x39, 0x00, 0x00, 0x88, 0x3a, 0x00, 0x00, 0x88, 0x3b, 0x00, 0x00, 0x88, 0x3c, 0x00,
0x00, 0x88, 0x3d, 0x00, 0x00, 0x88, 0x3e, 0x00, 0x00, 0x88, 0x00, 0x00, 0x00, 0x90, 0x3f,
0x00, 0x00, 0x88, 0x40, 0x00, 0x00, 0x88, 0x41, 0x00, 0x00, 0x88, 0x42, 0x00, 0x00, 0x88,
0x43, 0x00, 0x00, 0x88, 0x44, 0x00, 0x00, 0x88, 0x45, 0x00, 0x00, 0x88, 0x46, 0x00, 0x00,
0x88, 0x47, 0x00, 0x00, 0x88, 0x48, 0x00, 0x00, 0x88, 0x49, 0x00, 0x00, 0x88, 0x4a, 0x00,
0x00, 0x88, 0x4b, 0x00, 0x00, 0x88, 0x4c, 0x00, 0x00, 0x88, 0x4d, 0x00, 0x00, 0x88, 0x4e,
0x00, 0x00, 0x88, 0x4f, 0x00, 0x00, 0x88, 0x50, 0x00, 0x00, 0x88, 0x51, 0x00, 0x00, 0x88,
0x52, 0x00, 0x00, 0x88, 0x53, 0x00, 0x00, 0x88, 0x54, 0x00, 0x00, 0x88, 0x55, 0x00, 0x00,
0x88, 0x56, 0x00, 0x00, 0x88, 0x57, 0x00, 0x00, 0x88, 0x58, 0x00, 0x00, 0x88, 0x59, 0x00,
0x00, 0x88, 0x5a, 0x00, 0x00, 0x88, 0x5b, 0x00, 0x00, 0x88, 0x5c, 0x00, 0x00, 0x88, 0x5d,
0x00, 0x00, 0x88, 0x5e, 0x00, 0x00, 0x88, 0x5f, 0x00, 0x00, 0x88, 0x60, 0x00, 0x00, 0x88,
0x61, 0x00, 0x00, 0x88, 0x62, 0x00, 0x00, 0x88, 0x63, 0x00, 0x00, 0x88, 0x64, 0x00, 0x00,
0x88, 0x65, 0x00, 0x00, 0x88, 0x66, 0x00, 0x00, 0x88, 0x67, 0x00, 0x00, 0x88, 0x68, 0x00,
0x00, 0x88, 0x69, 0x00, 0x00, 0x88, 0x6a, 0x00, 0x00, 0x88, 0x6b, 0x00, 0x00, 0x88, 0x6c,
0x00, 0x00, 0x88, 0x6d, 0x00, 0x00, 0x88, 0x6e, 0x00, 0x00, 0x88, 0x6f, 0x00, 0x00, 0x88,
0x70, 0x00, 0x00, 0x88, 0x38, 0x00, 0x00, 0x78, 0x39, 0x00, 0x00, 0x78, 0x1e, 0x00, 0x00,
0x70, 0x08, 0x00, 0x00, 0x60, 0x05, 0x00, 0x00, 0x58, 0x04, 0x00, 0x00, 0x50, 0x05, 0x00,
0x00, 0x50, 0x02, 0x00, 0x00, 0x40, 0x02, 0x00, 0x00, 0x38, 0x02, 0x00, 0x00, 0x30, 0x02,
0x00, 0x00, 0x28, 0x02, 0x00, 0x00, 0x20, 0x03, 0x00, 0x00, 0x20, 0x04, 0x00, 0x00, 0x20,
0x04, 0x00, 0x00, 0x18, 0x03, 0x00, 0x00, 0x10, 0x05, 0x00, 0x00, 0x18, 0x05, 0x00, 0x00,
0x20, 0x06, 0x00, 0x00, 0x20, 0x07, 0x00, 0x00, 0x20, 0x03, 0x00, 0x00, 0x28, 0x03, 0x00,
0x00, 0x30, 0x03, 0x00, 0x00, 0x38, 0x03, 0x00, 0x00, 0x40, 0x03, 0x00, 0x00, 0x48, 0x06,
0x00, 0x00, 0x58, 0x07, 0x00, 0x00, 0x58, 0x09, 0x00, 0x00, 0x60, 0x1f, 0x00, 0x00, 0x70,
0x3a, 0x00, 0x00, 0x78, 0x3b, 0x00, 0x00, 0x78, 0x71, 0x00, 0x00, 0x88, 0x72, 0x00, 0x00,
0x88, 0x73, 0x00, 0x00, 0x88, 0x74, 0x00, 0x00, 0x88, 0x75, 0x00, 0x00, 0x88, 0x76, 0x00,
0x00, 0x88, 0x77, 0x00, 0x00, 0x88, 0x78, 0x00, 0x00, 0x88, 0x79, 0x00, 0x00, 0x88, 0x7a,
0x00, 0x00, 0x88, 0x7b, 0x00, 0x00, 0x88, 0x7c, 0x00, 0x00, 0x88, 0x7d, 0x00, 0x00, 0x88,
0x7e, 0x00, 0x00, 0x88, 0x7f, 0x00, 0x00, 0x88, 0x80, 0x00, 0x00, 0x88, 0x81, 0x00, 0x00,
0x88, 0x82, 0x00, 0x00, 0x88, 0x83, 0x00, 0x00, 0x88, 0x84, 0x00, 0x00, 0x88, 0x85, 0x00,
0x00, 0x88, 0x86, 0x00, 0x00, 0x88, 0x87, 0x00, 0x00, 0x88, 0x88, 0x00, 0x00, 0x88, 0x89,
0x00, 0x00, 0x88, 0x8a, 0x00, 0x00, 0x88, 0x8b, 0x00, 0x00, 0x88, 0x8c, 0x00, 0x00, 0x88,
0x8d, 0x00, 0x00, 0x88, 0x8e, 0x00, 0x00, 0x88, 0x8f, 0x00, 0x00, 0x88, 0x90, 0x00, 0x00,
0x88, 0x91, 0x00, 0x00, 0x88, 0x92, 0x00, 0x00, 0x88, 0x93, 0x00, 0x00, 0x88, 0x94, 0x00,
0x00, 0x88, 0x95, 0x00, 0x00, 0x88, 0x96, 0x00, 0x00, 0x88, 0x97, 0x00, 0x00, 0x88, 0x98,
0x00, 0x00, 0x88, 0x99, 0x00, 0x00, 0x88, 0x9a, 0x00, 0x00, 0x88, 0x9b, 0x00, 0x00, 0x88,
0x9c, 0x00, 0x00, 0x88, 0x9d, 0x00, 0x00, 0x88, 0x9e, 0x00, 0x00, 0x88, 0x9f, 0x00, 0x00,
0x88, 0xa0, 0x00, 0x00, 0x88, 0xa1, 0x00, 0x00, 0x88, 0xa2, 0x00, 0x00, 0x88, 0xa3, 0x00,
0x00, 0x88, 0xa4, 0x00, 0x00, 0x88, 0xa5, 0x00, 0x00, 0x88, 0xa6, 0x00, 0x00, 0x88, 0xa7,
0x00, 0x00, 0x88, 0xa8, 0x00, 0x00, 0x88, 0xa9, 0x00, 0x00, 0x88, 0xaa, 0x00, 0x00, 0x88,
0xab, 0x00, 0x00, 0x88, 0xac, 0x00, 0x00, 0x88, 0xad, 0x00, 0x00, 0x88, 0xae, 0x00, 0x00,
0x88, 0xaf, 0x00, 0x00, 0x88, 0xb0, 0x00, 0x00, 0x88, 0xb1, 0x00, 0x00, 0x88, 0xb2, 0x00,
0x00, 0x88, 0xb3, 0x00, 0x00, 0x88, 0xb4, 0x00, 0x00, 0x88, 0xb5, 0x00, 0x00, 0x88, 0xb6,
0x00, 0x00, 0x88, 0xb7, 0x00, 0x00, 0x88, 0xb8, 0x00, 0x00, 0x88, 0xb9, 0x00, 0x00, 0x88,
0xba, 0x00, 0x00, 0x88, 0xbb, 0x00, 0x00, 0x88, 0xbc, 0x00, 0x00, 0x88, 0xbd, 0x00, 0x00,
0x88, 0xbe, 0x00, 0x00, 0x88, 0xbf, 0x00, 0x00, 0x88, 0xc0, 0x00, 0x00, 0x88, 0xc1, 0x00,
0x00, 0x88, 0xc2, 0x00, 0x00, 0x88, 0xc3, 0x00, 0x00, 0x88, 0xc4, 0x00, 0x00, 0x88, 0xc5,
0x00, 0x00, 0x88, 0xc6, 0x00, 0x00, 0x88, 0xc7, 0x00, 0x00, 0x88, 0xc8, 0x00, 0x00, 0x88,
0xc9, 0x00, 0x00, 0x88, 0xca, 0x00, 0x00, 0x88, 0xcb, 0x00, 0x00, 0x88, 0xcc, 0x00, 0x00,
0x88, 0xcd, 0x00, 0x00, 0x88, 0xce, 0x00, 0x00, 0x88, 0xcf, 0x00, 0x00, 0x88, 0xd0, 0x00,
0x00, 0x88, 0xd1, 0x00, 0x00, 0x88, 0xd2, 0x00, 0x00, 0x88, 0xd3, 0x00, 0x00, 0x88, 0xd4,
0x00, 0x00, 0x88, 0xd5, 0x00, 0x00, 0x88, 0xd6, 0x00, 0x00, 0x88, 0xd7, 0x00, 0x00, 0x88,
0xd8, 0x00, 0x00, 0x88, 0xd9, 0x00, 0x00, 0x88, 0xda, 0x00, 0x00, 0x88, 0xdb, 0x00, 0x00,
0x88, 0x01, 0x00, 0x00, 0x90, 0xdc, 0x00, 0x00, 0x88, 0xdd, 0x00, 0x00, 0x88, 0xde, 0x00,
0x00, 0x88, 0xdf, 0x00, 0x00, 0x88, 0x01, 0x00, 0x00, 0x88, 0x02, 0x00, 0x00, 0x88, 0x03,
0x00, 0x00, 0x88, 0x04, 0x00, 0x00, 0x88, 0x05, 0x00, 0x00, 0x88, 0x06, 0x00, 0x00, 0x88,
0x07, 0x00, 0x00, 0x88, 0x08, 0x00, 0x00, 0x88, 0x09, 0x00, 0x00, 0x88, 0x0a, 0x00, 0x00,
0x88, 0x0b, 0x00, 0x00, 0x88, 0x0c, 0x00, 0x00, 0x88, 0x0d, 0x00, 0x00, 0x88, 0x0e, 0x00,
0x00, 0x88, 0x0f, 0x00, 0x00, 0x88, 0x10, 0x00, 0x00, 0x88, 0x11, 0x00, 0x00, 0x88, 0x12,
0x00, 0x00, 0x88, 0x13, 0x00, 0x00, 0x88, 0x14, 0x00, 0x00, 0x88, 0x15, 0x00, 0x00, 0x88,
0x16, 0x00, 0x00, 0x88, 0x17, 0x00, 0x00, 0x88, 0x18, 0x00, 0x00, 0x88, 0x19, 0x00, 0x00,
0x88, 0x1a, 0x00, 0x00, 0x88, 0x1b, 0x00, 0x00, 0x88, 0x1c, 0x00, 0x00, 0x88, 0x1d, 0x00,
0x00, 0x88, 0x1e, 0x00, 0x00, 0x88, 0x1f, 0x00, 0x00, 0x88, 0x20, 0x00, 0x00, 0x88, 0x21,
0x00, 0x00, 0x88, 0x22, 0x00, 0x00, 0x88, 0x23, 0x00, 0x00, 0x88, 0x24, 0x00, 0x00, 0x88,
0x25, 0x00, 0x00, 0x88, 0x26, 0x00, 0x00, 0x88, 0x27, 0x00, 0x00, 0x88, 0x28, 0x00, 0x00,
0x88, 0x29, 0x00, 0x00, 0x88, 0x2a, 0x00, 0x00, 0x88, 0x2b, 0x00, 0x00, 0x88, 0x2c, 0x00,
0x00, 0x88, 0x2d, 0x00, 0x00, 0x88, 0x2e, 0x00, 0x00, 0x88, 0x2f, 0x00, 0x00, 0x88, 0x30,
0x00, 0x00, 0x88, 0x31, 0x00, 0x00, 0x88, 0x32, 0x00, 0x00, 0x88, 0x33, 0x00, 0x00, 0x88,
0x34, 0x00, 0x00, 0x88, 0x35, 0x00, 0x00, 0x88, 0x36, 0x00, 0x00, 0x88, 0x37, 0x00, 0x00,
0x88, 0x38, 0x00, 0x00, 0x88, 0x39, 0x00, 0x00, 0x88, 0x3a, 0x00, 0x00, 0x88, 0x3b, 0x00,
0x00, 0x88, 0x3c, 0x00, 0x00, 0x88, 0x3d, 0x00, 0x00, 0x88, 0x3e, 0x00, 0x00, 0x88, 0x00,
0x00, 0x00, 0x90, 0x3f, 0x00, 0x00, 0x88, 0x40, 0x00, 0x00, 0x88, 0x41, 0x00, 0x00, 0x88,
0x42, 0x00, 0x00, 0x88, 0x43, 0x00, 0x00, 0x88, 0x44, 0x00, 0x00, 0x88, 0x45, 0x00, 0x00,
0x88, 0x46, 0x00, 0x00, 0x88, 0x47, 0x00, 0x00, 0x88, 0x48, 0x00, 0x00, 0x88, 0x49, 0x00,
0x00, 0x88, 0x4a, 0x00, 0x00, 0x88, 0x4b, 0x00, 0x00, 0x88, 0x4c, 0x00, 0x00, 0x88, 0x4d,
0x00, 0x00, 0x88, 0x4e, 0x00, 0x00, 0x88, 0x4f, 0x00, 0x00, 0x88, 0x50, 0x00, 0x00, 0x88,
0x51, 0x00, 0x00, 0x88, 0x52, 0x00, 0x00, 0x88, 0x53, 0x00, 0x00, 0x88, 0x54, 0x00, 0x00,
0x88, 0x55, 0x00, 0x00, 0x88, 0x56, 0x00, 0x00, 0x88, 0x57, 0x00, 0x00, 0x88, 0x58, 0x00,
0x00, 0x88, 0x59, 0x00, 0x00, 0x88, 0x5a, 0x00, 0x00, 0x88, 0x5b, 0x00, 0x00, 0x88, 0x5c,
0x00, 0x00, 0x88, 0x5d, 0x00, 0x00, 0x88, 0x5e, 0x00, 0x00, 0x88, 0x5f, 0x00, 0x00, 0x88,
0x60, 0x00, 0x00, 0x88, 0x61, 0x00, 0x00, 0x88, 0x62, 0x00, 0x00, 0x88, 0x63, 0x00, 0x00,
0x88, 0x64, 0x00, 0x00, 0x88, 0x65, 0x00, 0x00, 0x88, 0x66, 0x00, 0x00, 0x88, 0x67, 0x00,
0x00, 0x88, 0x68, 0x00, 0x00, 0x88, 0x69, 0x00, 0x00, 0x88, 0x6a, 0x00, 0x00, 0x88, 0x6b,
0x00, 0x00, 0x88, 0x6c, 0x00, 0x00, 0x88, 0x6d, 0x00, 0x00, 0x88, 0x6e, 0x00, 0x00, 0x88,
0x6e, 0x00, 0x00, 0x80, 0x1c, 0x00, 0x00, 0x70, 0x0f, 0x00, 0x00, 0x68, 0x10, 0x00, 0x00,
0x68, 0x09, 0x00, 0x00, 0x60, 0x06, 0x00, 0x00, 0x58, 0x04, 0x00, 0x00, 0x50, 0x03, 0x00,
0x00, 0x48, 0x03, 0x00, 0x00, 0x40, 0x02, 0x00, 0x00, 0x38, 0x03, 0x00, 0x00, 0x38, 0x03,
0x00, 0x00, 0x30, 0x04, 0x00, 0x00, 0x30, 0x02, 0x00, 0x00, 0x20, 0x03, 0x00, 0x00, 0x20,
0x04, 0x00, 0x00, 0x20, 0x04, 0x00, 0x00, 0x18, 0x03, 0x00, 0x00, 0x10, 0x05, 0x00, 0x00,
0x18, 0x05, 0x00, 0x00, 0x20, 0x06, 0x00, 0x00, 0x20, 0x07, 0x00, 0x00, 0x20, 0x03, 0x00,
0x00, 0x28, 0x05, 0x00, 0x00, 0x30, 0x04, 0x00, 0x00, 0x38, 0x05, 0x00, 0x00, 0x38, 0x04,
0x00, 0x00, 0x48, 0x05, 0x00, 0x00, 0x48, 0x05, 0x00, 0x00, 0x50, 0x07, 0x00, 0x00, 0x58,
0x0a, 0x00, 0x00, 0x60, 0x0b, 0x00, 0x00, 0x60, 0x11, 0x00, 0x00, 0x68, 0x1d, 0x00, 0x00,
0x70, 0x6f, 0x00, 0x00, 0x80, 0x6f, 0x00, 0x00, 0x88, 0x70, 0x00, 0x00, 0x88, 0x71, 0x00,
0x00, 0x88, 0x72, 0x00, 0x00, 0x88, 0x73, 0x00, 0x00, 0x88, 0x74, 0x00, 0x00, 0x88, 0x75,
0x00, 0x00, 0x88, 0x76, 0x00, 0x00, 0x88, 0x77, 0x00, 0x00, 0x88, 0x78, 0x00, 0x00, 0x88,
0x79, 0x00, 0x00, 0x88, 0x7a, 0x00, 0x00, 0x88, 0x7b, 0x00, 0x00, 0x88, 0x7c, 0x00, 0x00,
0x88, 0x7d, 0x00, 0x00, 0x88, 0x7e, 0x00, 0x00, 0x88, 0x7f, 0x00, 0x00, 0x88, 0x80, 0x00,
0x00, 0x88, 0x81, 0x00, 0x00, 0x88, 0x82, 0x00, 0x00, 0x88, 0x83, 0x00, 0x00, 0x88, 0x84,
0x00, 0x00, 0x88, 0x85, 0x00, 0x00, 0x88, 0x86, 0x00, 0x00, 0x88, 0x87, 0x00, 0x00, 0x88,
0x88, 0x00, 0x00, 0x88, 0x89, 0x00, 0x00, 0x88, 0x8a, 0x00, 0x00, 0x88, 0x8b, 0x00, 0x00,
0x88, 0x8c, 0x00, 0x00, 0x88, 0x8d, 0x00, 0x00, 0x88, 0x8e, 0x00, 0x00, 0x88, 0x8f, 0x00,
0x00, 0x88, 0x90, 0x00, 0x00, 0x88, 0x91, 0x00, 0x00, 0x88, 0x92, 0x00, 0x00, 0x88, 0x93,
0x00, 0x00, 0x88, 0x94, 0x00, 0x00, 0x88, 0x95, 0x00, 0x00, 0x88, 0x96, 0x00, 0x00, 0x88,
0x97, 0x00, 0x00, 0x88, 0x98, 0x00, 0x00, 0x88, 0x99, 0x00, 0x00, 0x88, 0x9a, 0x00, 0x00,
0x88, 0x9b, 0x00, 0x00, 0x88, 0x9c, 0x00, 0x00, 0x88, 0x9d, 0x00, 0x00, 0x88, 0x9e, 0x00,
0x00, 0x88, 0x9f, 0x00, 0x00, 0x88, 0xa0, 0x00, 0x00, 0x88, 0xa1, 0x00, 0x00, 0x88, 0xa2,
0x00, 0x00, 0x88, 0xa3, 0x00, 0x00, 0x88, 0xa4, 0x00, 0x00, 0x88, 0xa5, 0x00, 0x00, 0x88,
0xa6, 0x00, 0x00, 0x88, 0xa7, 0x00, 0x00, 0x88, 0xa8, 0x00, 0x00, 0x88, 0xa9, 0x00, 0x00,
0x88, 0xaa, 0x00, 0x00, 0x88, 0xab, 0x00, 0x00, 0x88, 0xac, 0x00, 0x00, 0x88, 0xad, 0x00,
0x00, 0x88, 0xae, 0x00, 0x00, 0x88, 0xaf, 0x00, 0x00, 0x88, 0xb0, 0x00, 0x00, 0x88, 0xb1,
0x00, 0x00, 0x88, 0xb2, 0x00, 0x00, 0x88, 0xb3, 0x00, 0x00, 0x88, 0xb4, 0x00, 0x00, 0x88,
0xb5, 0x00, 0x00, 0x88, 0xb6, 0x00, 0x00, 0x88, 0xb7, 0x00, 0x00, 0x88, 0xb8, 0x00, 0x00,
0x88, 0xb9, 0x00, 0x00, 0x88, 0xba, 0x00, 0x00, 0x88, 0xbb, 0x00, 0x00, 0x88, 0xbc, 0x00,
0x00, 0x88, 0xbd, 0x00, 0x00, 0x88, 0xbe, 0x00, 0x00, 0x88, 0xbf, 0x00, 0x00, 0x88, 0xc0,
0x00, 0x00, 0x88, 0xc1, 0x00, 0x00, 0x88, 0xc2, 0x00, 0x00, 0x88, 0xc3, 0x00, 0x00, 0x88,
0xc4, 0x00, 0x00, 0x88, 0xc5, 0x00, 0x00, 0x88, 0xc6, 0x00, 0x00, 0x88, 0xc7, 0x00, 0x00,
0x88, 0xc8, 0x00, 0x00, 0x88, 0xc9, 0x00, 0x00, 0x88, 0xca, 0x00, 0x00, 0x88, 0xcb, 0x00,
0x00, 0x88, 0xcc, 0x00, 0x00, 0x88, 0xcd, 0x00, 0x00, 0x88, 0xce, 0x00, 0x00, 0x88, 0xcf,
0x00, 0x00, 0x88, 0xd0, 0x00, 0x00, 0x88, 0xd1, 0x00, 0x00, 0x88, 0xd2, 0x00, 0x00, 0x88,
0xd3, 0x00, 0x00, 0x88, 0xd4, 0x00, 0x00, 0x88, 0xd5, 0x00, 0x00, 0x88, 0xd6, 0x00, 0x00,
0x88, 0xd7, 0x00, 0x00, 0x88, 0x01, 0x00, 0x00, 0x90, 0xd8, 0x00, 0x00, 0x88, 0xd9, 0x00,
0x00, 0x88, 0xda, 0x00, 0x00, 0x88, 0xdb, 0x00, 0x00, 0x88, 0x01, 0x00, 0x00, 0x88, 0x02,
0x00, 0x00, 0x88, 0x03, 0x00, 0x00, 0x88, 0x04, 0x00, 0x00, 0x88, 0x05, 0x00, 0x00, 0x88,
0x06, 0x00, 0x00, 0x88, 0x07, 0x00, 0x00, 0x88, 0x08, 0x00, 0x00, 0x88, 0x09, 0x00, 0x00,
0x88, 0x0a, 0x00, 0x00, 0x88, 0x0b, 0x00, 0x00, 0x88, 0x0c, 0x00, 0x00, 0x88, 0x0d, 0x00,
0x00, 0x88, 0x0e, 0x00, 0x00, 0x88, 0x0f, 0x00, 0x00, 0x88, 0x10, 0x00, 0x00, 0x88, 0x11,
0x00, 0x00, 0x88, 0x12, 0x00, 0x00, 0x88, 0x13, 0x00, 0x00, 0x88, 0x14, 0x00, 0x00, 0x88,
0x15, 0x00, 0x00, 0x88, 0x16, 0x00, 0x00, 0x88, 0x17, 0x00, 0x00, 0x88, 0x18, 0x00, 0x00,
0x88, 0x19, 0x00, 0x00, 0x88, 0x1a, 0x00, 0x00, 0x88, 0x1b, 0x00, 0x00, 0x88, 0x1c, 0x00,
0x00, 0x88, 0x1d, 0x00, 0x00, 0x88, 0x1e, 0x00, 0x00, 0x88, 0x1f, 0x00, 0x00, 0x88, 0x20,
0x00, 0x00, 0x88, 0x21, 0x00, 0x00, 0x88, 0x22, 0x00, 0x00, 0x88, 0x23, 0x00, 0x00, 0x88,
0x24, 0x00, 0x00, 0x88, 0x25, 0x00, 0x00, 0x88, 0x26, 0x00, 0x00, 0x88, 0x27, 0x00, 0x00,
0x88, 0x28, 0x00, 0x00, 0x88, 0x29, 0x00, 0x00, 0x88, 0x2a, 0x00, 0x00, 0x88, 0x2b, 0x00,
0x00, 0x88, 0x2c, 0x00, 0x00, 0x88, 0x2d, 0x00, 0x00, 0x88, 0x2e, 0x00, 0x00, 0x88, 0x2f,
0x00, 0x00, 0x88, 0x30, 0x00, 0x00, 0x88, 0x31, 0x00, 0x00, 0x88, 0x32, 0x00, 0x00, 0x88,
0x33, 0x00, 0x00, 0x88, 0x34, 0x00, 0x00, 0x88, 0x35, 0x00, 0x00, 0x88, 0x36, 0x00, 0x00,
0x88, 0x37, 0x00, 0x00, 0x88, 0x38, 0x00, 0x00, 0x88, 0x39, 0x00, 0x00, 0x88, 0x3a, 0x00,
0x00, 0x88, 0x3b, 0x00, 0x00, 0x88, 0x3c, 0x00, 0x00, 0x88, 0x3d, 0x00, 0x00, 0x88, 0x3e,
0x00, 0x00, 0x88, 0x00, 0x00, 0x00, 0x90, 0x3f, 0x00, 0x00, 0x88, 0x40, 0x00, 0x00, 0x88,
0x41, 0x00, 0x00, 0x88, 0x42, 0x00, 0x00, 0x88, 0x43, 0x00, 0x00, 0x88, 0x44, 0x00, 0x00,
0x88, 0x45, 0x00, 0x00, 0x88, 0x46, 0x00, 0x00, 0x88, 0x47, 0x00, 0x00, 0x88, 0x48, 0x00,
0x00, 0x88, 0x49, 0x00, 0x00, 0x88, 0x4a, 0x00, 0x00, 0x88, 0x4b, 0x00, 0x00, 0x88, 0x4c,
0x00, 0x00, 0x88, 0x4d, 0x00, 0x00, 0x88, 0x4e, 0x00, 0x00, 0x88, 0x4f, 0x00, 0x00, 0x88,
0x50, 0x00, 0x00, 0x88, 0x51, 0x00, 0x00, 0x88, 0x52, 0x00, 0x00, 0x88, 0x53, 0x00, 0x00,
0x88, 0x54, 0x00, 0x00, 0x88, 0x55, 0x00, 0x00, 0x88, 0x56, 0x00, 0x00, 0x88, 0x57, 0x00,
0x00, 0x88, 0x58, 0x00, 0x00, 0x88, 0x59, 0x00, 0x00, 0x88, 0x5a, 0x00, 0x00, 0x88, 0x5b,
0x00, 0x00, 0x88, 0x5c, 0x00, 0x00, 0x88, 0x5d, 0x00, 0x00, 0x88, 0x5e, 0x00, 0x00, 0x88,
0x5f, 0x00, 0x00, 0x88, 0x60, 0x00, 0x00, 0x88, 0x61, 0x00, 0x00, 0x88, 0x62, 0x00, 0x00,
0x88, 0x63, 0x00, 0x00, 0x88, 0x64, 0x00, 0x00, 0x88, 0x65, 0x00, 0x00, 0x88, 0x66, 0x00,
0x00, 0x88, 0x67, 0x00, 0x00, 0x88, 0x68, 0x00, 0x00, 0x88, 0x69, 0x00, 0x00, 0x88, 0x6a,
0x00, 0x00, 0x88, 0x6b, 0x00, 0x00, 0x88, 0x6c, 0x00, 0x00, 0x88, 0x6c, 0x00, 0x00, 0x80,
0x37, 0x00, 0x00, 0x78, 0x1d, 0x00, 0x00, 0x70, 0x0f, 0x00, 0x00, 0x68, 0x09, 0x00, 0x00,
0x60, 0x0a, 0x00, 0x00, 0x60, 0x06, 0x00, 0x00, 0x58, 0x04, 0x00, 0x00, 0x50, 0x03, 0x00,
0x00, 0x48, 0x03, 0x00, 0x00, 0x40, 0x04, 0x00, 0x00, 0x40, 0x03, 0x00, 0x00, 0x38, 0x04,
0x00, 0x00, 0x38, 0x03, 0x00, 0x00, 0x30, 0x04, 0x00, 0x00, 0x30, 0x02, 0x00, 0x00, 0x20,
0x03, 0x00, 0x00, 0x20, 0x04, 0x00, 0x00, 0x20, 0x04, 0x00, 0x00, 0x18, 0x03, 0x00, 0x00,
0x10, 0x05, 0x00, 0x00, 0x18, 0x05, 0x00, 0x00, 0x20, 0x06, 0x00, 0x00, 0x20, 0x07, 0x00,
0x00, 0x20, 0x05, 0x00, 0x00, 0x30, 0x06, 0x00, 0x00, 0x30, 0x07, 0x00, 0x00, 0x30, 0x05,
0x00, 0x00, 0x38, 0x05, 0x00, 0x00, 0x40, 0x04, 0x00, 0x00, 0x48, 0x05, 0x00, 0x00, 0x48,
0x05, 0x00, 0x00, 0x50, 0x07, 0x00, 0x00, 0x58, 0x0b, 0x00, 0x00, 0x60, 0x10, 0x00, 0x00,
0x68, 0x11, 0x00, 0x00, 0x68, 0x38, 0x00, 0x00, 0x78, 0x39, 0x00, 0x00, 0x78, 0x6d, 0x00,
0x00, 0x80, 0x6d, 0x00, 0x00, 0x88, 0x6e, 0x00, 0x00, 0x88, 0x6f, 0x00, 0x00, 0x88, 0x70,
0x00, 0x00, 0x88, 0x71, 0x00, 0x00, 0x88, 0x72, 0x00, 0x00, 0x88, 0x73, 0x00, 0x00, 0x88,
0x74, 0x00, 0x00, 0x88, 0x75, 0x00, 0x00, 0x88, 0x76, 0x00, 0x00, 0x88, 0x77, 0x00, 0x00,
0x88, 0x78, 0x00, 0x00, 0x88, 0x79, 0x00, 0x00, 0x88, 0x7a, 0x00, 0x00, 0x88, 0x7b, 0x00,
0x00, 0x88, 0x7c, 0x00, 0x00, 0x88, 0x7d, 0x00, 0x00, 0x88, 0x7e, 0x00, 0x00, 0x88, 0x7f,
0x00, 0x00, 0x88, 0x80, 0x00, 0x00, 0x88, 0x81, 0x00, 0x00, 0x88, 0x82, 0x00, 0x00, 0x88,
0x83, 0x00, 0x00, 0x88, 0x84, 0x00, 0x00, 0x88, 0x85, 0x00, 0x00, 0x88, 0x86, 0x00, 0x00,
0x88, 0x87, 0x00, 0x00, 0x88, 0x88, 0x00, 0x00, 0x88, 0x89, 0x00, 0x00, 0x88, 0x8a, 0x00,
0x00, 0x88, 0x8b, 0x00, 0x00, 0x88, 0x8c, 0x00, 0x00, 0x88, 0x8d, 0x00, 0x00, 0x88, 0x8e,
0x00, 0x00, 0x88, 0x8f, 0x00, 0x00, 0x88, 0x90, 0x00, 0x00, 0x88, 0x91, 0x00, 0x00, 0x88,
0x92, 0x00, 0x00, 0x88, 0x93, 0x00, 0x00, 0x88, 0x94, 0x00, 0x00, 0x88, 0x95, 0x00, 0x00,
0x88, 0x96, 0x00, 0x00, 0x88, 0x97, 0x00, 0x00, 0x88, 0x98, 0x00, 0x00, 0x88, 0x99, 0x00,
0x00, 0x88, 0x9a, 0x00, 0x00, 0x88, 0x9b, 0x00, 0x00, 0x88, 0x9c, 0x00, 0x00, 0x88, 0x9d,
0x00, 0x00, 0x88, 0x9e, 0x00, 0x00, 0x88, 0x9f, 0x00, 0x00, 0x88, 0xa0, 0x00, 0x00, 0x88,
0xa1, 0x00, 0x00, 0x88, 0xa2, 0x00, 0x00, 0x88, 0xa3, 0x00, 0x00, 0x88, 0xa4, 0x00, 0x00,
0x88, 0xa5, 0x00, 0x00, 0x88, 0xa6, 0x00, 0x00, 0x88, 0xa7, 0x00, 0x00, 0x88, 0xa8, 0x00,
0x00, 0x88, 0xa9, 0x00, 0x00, 0x88, 0xaa, 0x00, 0x00, 0x88, 0xab, 0x00, 0x00, 0x88, 0xac,
0x00, 0x00, 0x88, 0xad, 0x00, 0x00, 0x88, 0xae, 0x00, 0x00, 0x88, 0xaf, 0x00, 0x00, 0x88,
0xb0, 0x00, 0x00, 0x88, 0xb1, 0x00, 0x00, 0x88, 0xb2, 0x00, 0x00, 0x88, 0xb3, 0x00, 0x00,
0x88, 0xb4, 0x00, 0x00, 0x88, 0xb5, 0x00, 0x00, 0x88, 0xb6, 0x00, 0x00, 0x88, 0xb7, 0x00,
0x00, 0x88, 0xb8, 0x00, 0x00, 0x88, 0xb9, 0x00, 0x00, 0x88, 0xba, 0x00, 0x00, 0x88, 0xbb,
0x00, 0x00, 0x88, 0xbc, 0x00, 0x00, 0x88, 0xbd, 0x00, 0x00, 0x88, 0xbe, 0x00, 0x00, 0x88,
0xbf, 0x00, 0x00, 0x88, 0xc0, 0x00, 0x00, 0x88, 0xc1, 0x00, 0x00, 0x88, 0xc2, 0x00, 0x00,
0x88, 0xc3, 0x00, 0x00, 0x88, 0xc4, 0x00, 0x00, 0x88, 0xc5, 0x00, 0x00, 0x88, 0xc6, 0x00,
0x00, 0x88, 0xc7, 0x00, 0x00, 0x88, 0xc8, 0x00, 0x00, 0x88, 0xc9, 0x00, 0x00, 0x88, 0xca,
0x00, 0x00, 0x88, 0xcb, 0x00, 0x00, 0x88, 0xcc, 0x00, 0x00, 0x88, 0xcd, 0x00, 0x00, 0x88,
0xce, 0x00, 0x00, 0x88, 0xcf, 0x00, 0x00, 0x88, 0xd0, 0x00, 0x00, 0x88, 0xd1, 0x00, 0x00,
0x88, 0xd2, 0x00, 0x00, 0x88, 0xd3, 0x00, 0x00, 0x88, 0x01, 0x00, 0x00, 0x90, 0xd4, 0x00,
0x00, 0x88, 0xd5, 0x00, 0x00, 0x88, 0xd6, 0x00, 0x00, 0x88, 0xd7, 0x00, 0x00, 0x88, 0x03,
0x00, 0x00, 0x88, 0x04, 0x00, 0x00, 0x88, 0x05, 0x00, 0x00, 0x88, 0x06, 0x00, 0x00, 0x88,
0x07, 0x00, 0x00, 0x88, 0x08, 0x00, 0x00, 0x88, 0x09, 0x00, 0x00, 0x88, 0x0a, 0x00, 0x00,
0x88, 0x0b, 0x00, 0x00, 0x88, 0x0c, 0x00, 0x00, 0x88, 0x0d, 0x00, 0x00, 0x88, 0x0e, 0x00,
0x00, 0x88, 0x0f, 0x00, 0x00, 0x88, 0x10, 0x00, 0x00, 0x88, 0x11, 0x00, 0x00, 0x88, 0x12,
0x00, 0x00, 0x88, 0x13, 0x00, 0x00, 0x88, 0x00, 0x00, 0x00, 0x90, 0x14, 0x00, 0x00, 0x88,
0x15, 0x00, 0x00, 0x88, 0x16, 0x00, 0x00, 0x88, 0x17, 0x00, 0x00, 0x88, 0x18, 0x00, 0x00,
0x88, 0x19, 0x00, 0x00, 0x88, 0x1a, 0x00, 0x00, 0x88, 0x1b, 0x00, 0x00, 0x88, 0x1c, 0x00,
0x00, 0x88, 0x1d, 0x00, 0x00, 0x88, 0x1e, 0x00, 0x00, 0x88, 0x1f, 0x00, 0x00, 0x88, 0x20,
0x00, 0x00, 0x88, 0x21, 0x00, 0x00, 0x88, 0x22, 0x00, 0x00, 0x88, 0x23, 0x00, 0x00, 0x88,
0x24, 0x00, 0x00, 0x88, 0x25, 0x00, 0x00, 0x88, 0x26, 0x00, 0x00, 0x88, 0x27, 0x00, 0x00,
0x88, 0x28, 0x00, 0x00, 0x88, 0x29, 0x00, 0x00, 0x88, 0x2a, 0x00, 0x00, 0x88, 0x2b, 0x00,
0x00, 0x88, 0x2c, 0x00, 0x00, 0x88, 0x2d, 0x00, 0x00, 0x88, 0x2e, 0x00, 0x00, 0x88, 0x2f,
0x00, 0x00, 0x88, 0x01, 0x00, 0x00, 0x90, 0x30, 0x00, 0x00, 0x88, 0x31, 0x00, 0x00, 0x88,
0x32, 0x00, 0x00, 0x88, 0x33, 0x00, 0x00, 0x88, 0x34, 0x00, 0x00, 0x88, 0x35, 0x00, 0x00,
0x88, 0x36, 0x00, 0x00, 0x88, 0x37, 0x00, 0x00, 0x88, 0x38, 0x00, 0x00, 0x88, 0x39, 0x00,
0x00, 0x88, 0x3a, 0x00, 0x00, 0x88, 0x3b, 0x00, 0x00, 0x88, 0x3c, 0x00, 0x00, 0x88, 0x02,
0x00, 0x00, 0x90, 0x3d, 0x00, 0x00, 0x88, 0x3e, 0x00, 0x00, 0x88, 0x3f, 0x00, 0x00, 0x88,
0x40, 0x00, 0x00, 0x88, 0x41, 0x00, 0x00, 0x88, 0x42, 0x00, 0x00, 0x88, 0x43, 0x00, 0x00,
0x88, 0x44, 0x00, 0x00, 0x88, 0x45, 0x00, 0x00, 0x88, 0x46, 0x00, 0x00, 0x88, 0x47, 0x00,
0x00, 0x88, 0x48, 0x00, 0x00, 0x88, 0x49, 0x00, 0x00, 0x88, 0x4a, 0x00, 0x00, 0x88, 0x4b,
0x00, 0x00, 0x88, 0x4c, 0x00, 0x00, 0x88, 0x4d, 0x00, 0x00, 0x88, 0x4e, 0x00, 0x00, 0x88,
0x4f, 0x00, 0x00, 0x88, 0x50, 0x00, 0x00, 0x88, 0x51, 0x00, 0x00, 0x88, 0x52, 0x00, 0x00,
0x88, 0x53, 0x00, 0x00, 0x88, 0x54, 0x00, 0x00, 0x88, 0x55, 0x00, 0x00, 0x88, 0x56, 0x00,
0x00, 0x88, 0x57, 0x00, 0x00, 0x88, 0x58, 0x00, 0x00, 0x88, 0x59, 0x00, 0x00, 0x88, 0x5a,
0x00, 0x00, 0x88, 0x5b, 0x00, 0x00, 0x88, 0x03, 0x00, 0x00, 0x90, 0x5c, 0x00, 0x00, 0x88,
0x5d, 0x00, 0x00, 0x88, 0x5e, 0x00, 0x00, 0x88, 0x5f, 0x00, 0x00, 0x88, 0x60, 0x00, 0x00,
0x88, 0x61, 0x00, 0x00, 0x88, 0x62, 0x00, 0x00, 0x88, 0x63, 0x00, 0x00, 0x88, 0x64, 0x00,
0x00, 0x88, 0x65, 0x00, 0x00, 0x88, 0x66, 0x00, 0x00, 0x88, 0x67, 0x00, 0x00, 0x88, 0x68,
0x00, 0x00, 0x88, 0x69, 0x00, 0x00, 0x88, 0x6a, 0x00, 0x00, 0x88, 0x6a, 0x00, 0x00, 0x80,
0x36, 0x00, 0x00, 0x78, 0x1c, 0x00, 0x00, 0x70, 0x0f, 0x00, 0x00, 0x68, 0x10, 0x00, 0x00,
0x68, 0x09, 0x00, 0x00, 0x60, 0x06, 0x00, 0x00, 0x58, 0x04, 0x00, 0x00, 0x50, 0x03, 0x00,
0x00, 0x48, 0x03, 0x00, 0x00, 0x40, 0x04, 0x00, 0x00, 0x40, 0x03, 0x00, 0x00, 0x38, 0x04,
0x00, 0x00, 0x38, 0x03, 0x00, 0x00, 0x30, 0x04, 0x00, 0x00, 0x30, 0x04, 0x00, 0x00, 0x28,
0x03, 0x00, 0x00, 0x20, 0x04, 0x00, 0x00, 0x20, 0x05, 0x00, 0x00, 0x20, 0x05, 0x00, 0x00,
0x18, 0x03, 0x00, 0x00, 0x10, 0x06, 0x00, 0x00, 0x20, 0x07, 0x00, 0x00, 0x20, 0x08, 0x00,
0x00, 0x20, 0x09, 0x00, 0x00, 0x20, 0x05, 0x00, 0x00, 0x28, 0x05, 0x00, 0x00, 0x30, 0x06,
0x00, 0x00, 0x30, 0x07, 0x00, 0x00, 0x30, 0x05, 0x00, 0x00, 0x38, 0x05, 0x00, 0x00, 0x40,
0x04, 0x00, 0x00, 0x48, 0x05, 0x00, 0x00, 0x48, 0x05, 0x00, 0x00, 0x50, 0x07, 0x00, 0x00,
0x58, 0x0a, 0x00, 0x00, 0x60, 0x0b, 0x00, 0x00, 0x60, 0x11, 0x00, 0x00, 0x68, 0x1d, 0x00,
0x00, 0x70, 0x37, 0x00, 0x00, 0x78, 0x6b, 0x00, 0x00, 0x80, 0x6b, 0x00, 0x00, 0x88, 0x6c,
0x00, 0x00, 0x88, 0x6d, 0x00, 0x00, 0x88, 0x6e, 0x00, 0x00, 0x88, 0x6f, 0x00, 0x00, 0x88,
0x70, 0x00, 0x00, 0x88, 0x71, 0x00, 0x00, 0x88, 0x72, 0x00, 0x00, 0x88, 0x73, 0x00, 0x00,
0x88, 0x74, 0x00, 0x00, 0x88, 0x75, 0x00, 0x00, 0x88, 0x76, 0x00, 0x00, 0x88, 0x77, 0x00,
0x00, 0x88, 0x78, 0x00, 0x00, 0x88, 0x79, 0x00, 0x00, 0x88, 0x7a, 0x00, 0x00, 0x88, 0x7b,
0x00, 0x00, 0x88, 0x7c, 0x00, 0x00, 0x88, 0x7d, 0x00, 0x00, 0x88, 0x7e, 0x00, 0x00, 0x88,
0x7f, 0x00, 0x00, 0x88, 0x80, 0x00, 0x00, 0x88, 0x81, 0x00, 0x00, 0x88, 0x82, 0x00, 0x00,
0x88, 0x83, 0x00, 0x00, 0x88, 0x84, 0x00, 0x00, 0x88, 0x85, 0x00, 0x00, 0x88, 0x86, 0x00,
0x00, 0x88, 0x87, 0x00, 0x00, 0x88, 0x88, 0x00, 0x00, 0x88, 0x89, 0x00, 0x00, 0x88, 0x8a,
0x00, 0x00, 0x88, 0x8b, 0x00, 0x00, 0x88, 0x8c, 0x00, 0x00, 0x88, 0x8d, 0x00, 0x00, 0x88,
0x8e, 0x00, 0x00, 0x88, 0x8f, 0x00, 0x00, 0x88, 0x90, 0x00, 0x00, 0x88, 0x91, 0x00, 0x00,
0x88, 0x92, 0x00, 0x00, 0x88, 0x93, 0x00, 0x00, 0x88, 0x94, 0x00, 0x00, 0x88, 0x95, 0x00,
0x00, 0x88, 0x96, 0x00, 0x00, 0x88, 0x97, 0x00, 0x00, 0x88, 0x98, 0x00, 0x00, 0x88, 0x99,
0x00, 0x00, 0x88, 0x9a, 0x00, 0x00, 0x88, 0x9b, 0x00, 0x00, 0x88, 0x9c, 0x00, 0x00, 0x88,
0x9d, 0x00, 0x00, 0x88, 0x9e, 0x00, 0x00, 0x88, 0x9f, 0x00, 0x00, 0x88, 0xa0, 0x00, 0x00,
0x88, 0xa1, 0x00, 0x00, 0x88, 0xa2, 0x00, 0x00, 0x88, 0xa3, 0x00, 0x00, 0x88, 0xa4, 0x00,
0x00, 0x88, 0xa5, 0x00, 0x00, 0x88, 0xa6, 0x00, 0x00, 0x88, 0xa7, 0x00, 0x00, 0x88, 0xa8,
0x00, 0x00, 0x88, 0xa9, 0x00, 0x00, 0x88, 0xaa, 0x00, 0x00, 0x88, 0xab, 0x00, 0x00, 0x88,
0xac, 0x00, 0x00, 0x88, 0xad, 0x00, 0x00, 0x88, 0xae, 0x00, 0x00, 0x88, 0xaf, 0x00, 0x00,
0x88, 0xb0, 0x00, 0x00, 0x88, 0xb1, 0x00, 0x00, 0x88, 0xb2, 0x00, 0x00, 0x88, 0xb3, 0x00,
0x00, 0x88, 0xb4, 0x00, 0x00, 0x88, 0xb5, 0x00, 0x00, 0x88, 0xb6, 0x00, 0x00, 0x88, 0xb7,
0x00, 0x00, 0x88, 0xb8, 0x00, 0x00, 0x88, 0xb9, 0x00, 0x00, 0x88, 0xba, 0x00, 0x00, 0x88,
0xbb, 0x00, 0x00, 0x88, 0xbc, 0x00, 0x00, 0x88, 0xbd, 0x00, 0x00, 0x88, 0xbe, 0x00, 0x00,
0x88, 0xbf, 0x00, 0x00, 0x88, 0xc0, 0x00, 0x00, 0x88, 0xc1, 0x00, 0x00, 0x88, 0xc2, 0x00,
0x00, 0x88, 0xc3, 0x00, 0x00, 0x88, 0xc4, 0x00, 0x00, 0x88, 0xc5, 0x00, 0x00, 0x88, 0xc6,
0x00, 0x00, 0x88, 0x04, 0x00, 0x00, 0x90, 0x05, 0x00, 0x00, 0x90, 0xc7, 0x00, 0x00, 0x88,
0xc8, 0x00, 0x00, 0x88, 0xc9, 0x00, 0x00, 0x88, 0xca, 0x00, 0x00, 0x88, 0xcb, 0x00, 0x00,
0x88, 0xcc, 0x00, 0x00, 0x88, 0xcd, 0x00, 0x00, 0x88, 0xce, 0x00, 0x00, 0x88, 0xcf, 0x00,
0x00, 0x88, 0xd0, 0x00, 0x00, 0x88, 0xd1, 0x00, 0x00, 0x88, 0xd2, 0x00, 0x00, 0x88, 0xd3,
0x00, 0x00, 0x88, 0x07, 0x00, 0x00, 0x88, 0x08, 0x00, 0x00, 0x88, 0x09, 0x00, 0x00, 0x88,
0x0a, 0x00, 0x00, 0x88, 0x0b, 0x00, 0x00, 0x88, 0x0c, 0x00, 0x00, 0x88, 0x0d, 0x00, 0x00,
0x88, 0x00, 0x00, 0x00, 0x90, 0x0e, 0x00, 0x00, 0x88, 0x0f, 0x00, 0x00, 0x88, 0x10, 0x00,
0x00, 0x88, 0x11, 0x00, 0x00, 0x88, 0x12, 0x00, 0x00, 0x88, 0x13, 0x00, 0x00, 0x88, 0x14,
0x00, 0x00, 0x88, 0x01, 0x00, 0x00, 0x90, 0x15, 0x00, 0x00, 0x88, 0x16, 0x00, 0x00, 0x88,
0x17, 0x00, 0x00, 0x88, 0x18, 0x00, 0x00, 0x88, 0x19, 0x00, 0x00, 0x88, 0x1a, 0x00, 0x00,
0x88, 0x1b, 0x00, 0x00, 0x88, 0x1c, 0x00, 0x00, 0x88, 0x1d, 0x00, 0x00, 0x88, 0x1e, 0x00,
0x00, 0x88, 0x1f, 0x00, 0x00, 0x88, 0x20, 0x00, 0x00, 0x88, 0x21, 0x00, 0x00, 0x88, 0x22,
0x00, 0x00, 0x88, 0x23, 0x00, 0x00, 0x88, 0x02, 0x00, 0x00, 0x90, 0x24, 0x00, 0x00, 0x88,
0x25, 0x00, 0x00, 0x88, 0x26, 0x00, 0x00, 0x88, 0x27, 0x00, 0x00, 0x88, 0x28, 0x00, 0x00,
0x88, 0x29, 0x00, 0x00, 0x88, 0x2a, 0x00, 0x00, 0x88, 0x2b, 0x00, 0x00, 0x88, 0x2c, 0x00,
0x00, 0x88, 0x2d, 0x00, 0x00, 0x88, 0x03, 0x00, 0x00, 0x90, 0x2e, 0x00, 0x00, 0x88, 0x04,
0x00, 0x00, 0x90, 0x2f, 0x00, 0x00, 0x88, 0x30, 0x00, 0x00, 0x88, 0x31, 0x00, 0x00, 0x88,
0x32, 0x00, 0x00, 0x88, 0x33, 0x00, 0x00, 0x88, 0x34, 0x00, 0x00, 0x88, 0x35, 0x00, 0x00,
0x88, 0x36, 0x00, 0x00, 0x88, 0x37, 0x00, 0x00, 0x88, 0x38, 0x00, 0x00, 0x88, 0x39, 0x00,
0x00, 0x88, 0x3a, 0x00, 0x00, 0x88, 0x3b, 0x00, 0x00, 0x88, 0x3c, 0x00, 0x00, 0x88, 0x3d,
0x00, 0x00, 0x88, 0x3e, 0x00, 0x00, 0x88, 0x3f, 0x00, 0x00, 0x88, 0x05, 0x00, 0x00, 0x90,
0x40, 0x00, 0x00, 0x88, 0x41, 0x00, 0x00, 0x88, 0x42, 0x00, 0x00, 0x88, 0x43, 0x00, 0x00,
0x88, 0x44, 0x00, 0x00, 0x88, 0x45, 0x00, 0x00, 0x88, 0x46, 0x00, 0x00, 0x88, 0x47, 0x00,
0x00, 0x88, 0x48, 0x00, 0x00, 0x88, 0x49, 0x00, 0x00, 0x88, 0x4a, 0x00, 0x00, 0x88, 0x4b,
0x00, 0x00, 0x88, 0x4c, 0x00, 0x00, 0x88, 0x4d, 0x00, 0x00, 0x88, 0x4e, 0x00, 0x00, 0x88,
0x4f, 0x00, 0x00, 0x88, 0x50, 0x00, 0x00, 0x88, 0x51, 0x00, 0x00, 0x88, 0x52, 0x00, 0x00,
0x88, 0x53, 0x00, 0x00, 0x88, 0x54, 0x00, 0x00, 0x88, 0x55, 0x00, 0x00, 0x88, 0x56, 0x00,
0x00, 0x88, 0x57, 0x00, 0x00, 0x88, 0x58, 0x00, 0x00, 0x88, 0x59, 0x00, 0x00, 0x88, 0x5a,
0x00, 0x00, 0x88, 0x5b, 0x00, 0x00, 0x88, 0x5c, 0x00, 0x00, 0x88, 0x06, 0x00, 0x00, 0x90,
0x5d, 0x00, 0x00, 0x88, 0x5e, 0x00, 0x00, 0x88, 0x5f, 0x00, 0x00, 0x88, 0x60, 0x00, 0x00,
0x88, 0x61, 0x00, 0x00, 0x88, 0x62, 0x00, 0x00, 0x88, 0x63, 0x00, 0x00, 0x88, 0x64, 0x00,
0x00, 0x88, 0x65, 0x00, 0x00, 0x88, 0x66, 0x00, 0x00, 0x88, 0x67, 0x00, 0x00, 0x88, 0x68,
0x00, 0x00, 0x88, 0x69, 0x00, 0x00, 0x88, 0x66, 0x00, 0x00, 0x80, 0x34, 0x00, 0x00, 0x78,
0x35, 0x00, 0x00, 0x78, 0x1c, 0x00, 0x00, 0x70, 0x0f, 0x00, 0x00, 0x68, 0x09, 0x00, 0x00,
0x60, 0x0a, 0x00, 0x00, 0x60, 0x06, 0x00, 0x00, 0x58, 0x04, 0x00, 0x00, 0x50, 0x05, 0x00,
0x00, 0x50, 0x04, 0x00, 0x00, 0x48, 0x03, 0x00, 0x00, 0x40, 0x04, 0x00, 0x00, 0x40, 0x04,
0x00, 0x00, 0x38, 0x05, 0x00, 0x00, 0x38, 0x03, 0x00, 0x00, 0x30, 0x04, 0x00, 0x00, 0x30,
0x04, 0x00, 0x00, 0x28, 0x03, 0x00, 0x00, 0x20, 0x04, 0x00, 0x00, 0x20, 0x05, 0x00, 0x00,
0x20, 0x05, 0x00, 0x00, 0x18, 0x03, 0x00, 0x00, 0x10, 0x06, 0x00, 0x00, 0x20, 0x07, 0x00,
0x00, 0x20, 0x08, 0x00, 0x00, 0x20, 0x09, 0x00, 0x00, 0x20, 0x05, 0x00, 0x00, 0x28, 0x05,
0x00, 0x00, 0x30, 0x06, 0x00, 0x00, 0x30, 0x07, 0x00, 0x00, 0x30, 0x05, 0x00, 0x00, 0x40,
0x06, 0x00, 0x00, 0x40, 0x07, 0x00, 0x00, 0x40, 0x05, 0x00, 0x00, 0x48, 0x06, 0x00, 0x00,
0x50, 0x07, 0x00, 0x00, 0x50, 0x07, 0x00, 0x00, 0x58, 0x0b, 0x00, 0x00, 0x60, 0x10, 0x00,
0x00, 0x68, 0x11, 0x00, 0x00, 0x68, 0x1d, 0x00, 0x00, 0x70, 0x36, 0x00, 0x00, 0x78, 0x37,
0x00, 0x00, 0x78, 0x67, 0x00, 0x00, 0x80, 0x6a, 0x00, 0x00, 0x88, 0x6b, 0x00, 0x00, 0x88,
0x6c, 0x00, 0x00, 0x88, 0x6d, 0x00, 0x00, 0x88, 0x6e, 0x00, 0x00, 0x88, 0x6f, 0x00, 0x00,
0x88, 0x70, 0x00, 0x00, 0x88, 0x71, 0x00, 0x00, 0x88, 0x72, 0x00, 0x00, 0x88, 0x73, 0x00,
0x00, 0x88, 0x74, 0x00, 0x00, 0x88, 0x75, 0x00, 0x00, 0x88, 0x76, 0x00, 0x00, 0x88, 0x77,
0x00, 0x00, 0x88, 0x78, 0x00, 0x00, 0x88, 0x79, 0x00, 0x00, 0x88, 0x7a, 0x00, 0x00, 0x88,
0x7b, 0x00, 0x00, 0x88, 0x7c, 0x00, 0x00, 0x88, 0x7d, 0x00, 0x00, 0x88, 0x7e, 0x00, 0x00,
0x88, 0x7f, 0x00, 0x00, 0x88, 0x80, 0x00, 0x00, 0x88, 0x81, 0x00, 0x00, 0x88, 0x82, 0x00,
0x00, 0x88, 0x83, 0x00, 0x00, 0x88, 0x84, 0x00, 0x00, 0x88, 0x85, 0x00, 0x00, 0x88, 0x86,
0x00, 0x00, 0x88, 0x07, 0x00, 0x00, 0x90, 0x87, 0x00, 0x00, 0x88, 0x88, 0x00, 0x00, 0x88,
0x89, 0x00, 0x00, 0x88, 0x08, 0x00, 0x00, 0x90, 0x8a, 0x00, 0x00, 0x88, 0x8b, 0x00, 0x00,
0x88, 0x8c, 0x00, 0x00, 0x88, 0x8d, 0x00, 0x00, 0x88, 0x8e, 0x00, 0x00, 0x88, 0x8f, 0x00,
0x00, 0x88, 0x09, 0x00, 0x00, 0x90, 0x90, 0x00, 0x00, 0x88, 0x91, 0x00, 0x00, 0x88, 0x0a,
0x00, 0x00, 0x90, 0x92, 0x00, 0x00, 0x88, 0x93, 0x00, 0x00, 0x88, 0x94, 0x00, 0x00, 0x88,
0x95, 0x00, 0x00, 0x88, 0x96, 0x00, 0x00, 0x88, 0x97, 0x00, 0x00, 0x88, 0x98, 0x00, 0x00,
0x88, 0x99, 0x00, 0x00, 0x88, 0x9a, 0x00, 0x00, 0x88, 0x9b, 0x00, 0x00, 0x88, 0x9c, 0x00,
0x00, 0x88, 0x9d, 0x00, 0x00, 0x88, 0x9e, 0x00, 0x00, 0x88, 0x9f, 0x00, 0x00, 0x88, 0xa0,
0x00, 0x00, 0x88, 0x0b, 0x00, 0x00, 0x90, 0xa1, 0x00, 0x00, 0x88, 0xa2, 0x00, 0x00, 0x88,
0xa3, 0x00, 0x00, 0x88, 0xa4, 0x00, 0x00, 0x88, 0xa5, 0x00, 0x00, 0x88, 0xa6, 0x00, 0x00,
0x88, 0xa7, 0x00, 0x00, 0x88, 0xa8, 0x00, 0x00, 0x88, 0xa9, 0x00, 0x00, 0x88, 0xaa, 0x00,
0x00, 0x88, 0xab, 0x00, 0x00, 0x88, 0xac, 0x00, 0x00, 0x88, 0xad, 0x00, 0x00, 0x88, 0xae,
0x00, 0x00, 0x88, 0xaf, 0x00, 0x00, 0x88, 0xb0, 0x00, 0x00, 0x88, 0xb1, 0x00, 0x00, 0x88,
0xb2, 0x00, 0x00, 0x88, 0xb3, 0x00, 0x00, 0x88, 0xb4, 0x00, 0x00, 0x88, 0xb5, 0x00, 0x00,
0x88, 0xb6, 0x00, 0x00, 0x88, 0xb7, 0x00, 0x00, 0x88, 0xb8, 0x00, 0x00, 0x88, 0xb9, 0x00,
0x00, 0x88, 0xba, 0x00, 0x00, 0x88, 0xbb, 0x00, 0x00, 0x88, 0xbc, 0x00, 0x00, 0x88, 0xbd,
0x00, 0x00, 0x88, 0xbe, 0x00, 0x00, 0x88, 0xbf, 0x00, 0x00, 0x88, 0xc0, 0x00, 0x00, 0x88,
0xc1, 0x00, 0x00, 0x88, 0xc2, 0x00, 0x00, 0x88, 0xc3, 0x00, 0x00, 0x88, 0xc4, 0x00, 0x00,
0x88, 0xc5, 0x00, 0x00, 0x88, 0xc6, 0x00, 0x00, 0x88, 0xc7, 0x00, 0x00, 0x88, 0xc8, 0x00,
0x00, 0x88, 0x0c, 0x00, 0x00, 0x90, 0x0d, 0x00, 0x00, 0x90, 0xc9, 0x00, 0x00, 0x88, 0xca,
0x00, 0x00, 0x88, 0xcb, 0x00, 0x00, 0x88, 0x01, 0x00, 0x00, 0x88, 0x02, 0x00, 0x00, 0x88,
0x03, 0x00, 0x00, 0x88, 0x04, 0x00, 0x00, 0x88, 0x05, 0x00, 0x00, 0x88, 0x06, 0x00, 0x00,
0x88, 0x07, 0x00, 0x00, 0x88, 0x08, 0x00, 0x00, 0x88, 0x09, 0x00, 0x00, 0x88, 0x0a, 0x00,
0x00, 0x88, 0x0b, 0x00, 0x00, 0x88, 0x0c, 0x00, 0x00, 0x88, 0x0d, 0x00, 0x00, 0x88, 0x0e,
0x00, 0x00, 0x88, 0x0f, 0x00, 0x00, 0x88, 0x10, 0x00, 0x00, 0x88, 0x11, 0x00, 0x00, 0x88,
0x12, 0x00, 0x00, 0x88, 0x13, 0x00, 0x00, 0x88, 0x14, 0x00, 0x00, 0x88, 0x15, 0x00, 0x00,
0x88, 0x16, 0x00, 0x00, 0x88, 0x17, 0x00, 0x00, 0x88, 0x18, 0x00, 0x00, 0x88, 0x19, 0x00,
0x00, 0x88, 0x1a, 0x00, 0x00, 0x88, 0x1b, 0x00, 0x00, 0x88, 0x1c, 0x00, 0x00, 0x88, 0x1d,
0x00, 0x00, 0x88, 0x1e, 0x00, 0x00, 0x88, 0x1f, 0x00, 0x00, 0x88, 0x20, 0x00, 0x00, 0x88,
0x21, 0x00, 0x00, 0x88, 0x22, 0x00, 0x00, 0x88, 0x23, 0x00, 0x00, 0x88, 0x24, 0x00, 0x00,
0x88, 0x25, 0x00, 0x00, 0x88, 0x26, 0x00, 0x00, 0x88, 0x27, 0x00, 0x00, 0x88, 0x28, 0x00,
0x00, 0x88, 0x29, 0x00, 0x00, 0x88, 0x2a, 0x00, 0x00, 0x88, 0x2b, 0x00, 0x00, 0x88, 0x2c,
0x00, 0x00, 0x88, 0x2d, 0x00, 0x00, 0x88, 0x2e, 0x00, 0x00, 0x88, 0x00, 0x00, 0x00, 0x90,
0x2f, 0x00, 0x00, 0x88, 0x30, 0x00, 0x00, 0x88, 0x31, 0x00, 0x00, 0x88, 0x32, 0x00, 0x00,
0x88, 0x33, 0x00, 0x00, 0x88, 0x34, 0x00, 0x00, 0x88, 0x35, 0x00, 0x00, 0x88, 0x36, 0x00,
0x00, 0x88, 0x37, 0x00, 0x00, 0x88, 0x38, 0x00, 0x00, 0x88, 0x39, 0x00, 0x00, 0x88, 0x3a,
0x00, 0x00, 0x88, 0x3b, 0x00, 0x00, 0x88, 0x3c, 0x00, 0x00, 0x88, 0x3d, 0x00, 0x00, 0x88,
0x3e, 0x00, 0x00, 0x88, 0x3f, 0x00, 0x00, 0x88, 0x40, 0x00, 0x00, 0x88, 0x41, 0x00, 0x00,
0x88, 0x42, 0x00, 0x00, 0x88, 0x43, 0x00, 0x00, 0x88, 0x44, 0x00, 0x00, 0x88, 0x45, 0x00,
0x00, 0x88, 0x46, 0x00, 0x00, 0x88, 0x47, 0x00, 0x00, 0x88, 0x48, 0x00, 0x00, 0x88, 0x49,
0x00, 0x00, 0x88, 0x4a, 0x00, 0x00, 0x88, 0x4b, 0x00, 0x00, 0x88, 0x4c, 0x00, 0x00, 0x88,
0x4d, 0x00, 0x00, 0x88, 0x4e, 0x00, 0x00, 0x88, 0x4f, 0x00, 0x00, 0x88, 0x50, 0x00, 0x00,
0x88, 0x51, 0x00, 0x00, 0x88, 0x52, 0x00, 0x00, 0x88, 0x53, 0x00, 0x00, 0x88, 0x54, 0x00,
0x00, 0x88, 0x55, 0x00, 0x00, 0x88, 0x56, 0x00, 0x00, 0x88, 0x57, 0x00, 0x00, 0x88, 0x58,
0x00, 0x00, 0x88, 0x59, 0x00, 0x00, 0x88, 0x5a, 0x00, 0x00, 0x88, 0x5b, 0x00, 0x00, 0x88,
0x5c, 0x00, 0x00, 0x88, 0x5d, 0x00, 0x00, 0x88, 0x5e, 0x00, 0x00, 0x88, 0x5f, 0x00, 0x00,
0x88, 0x60, 0x00, 0x00, 0x88, 0x61, 0x00, 0x00, 0x88, 0x62, 0x00, 0x00, 0x88, 0x63, 0x00,
0x00, 0x88, 0x64, 0x00, 0x00, 0x88, 0x65, 0x00, 0x00, 0x88, 0x66, 0x00, 0x00, 0x88, 0x67,
0x00, 0x00, 0x88, 0x67, 0x00, 0x00, 0x80, 0x35, 0x00, 0x00, 0x78, 0x36, 0x00, 0x00, 0x78,
0x1c, 0x00, 0x00, 0x70, 0x0f, 0x00, 0x00, 0x68, 0x10, 0x00, 0x00, 0x68, 0x09, 0x00, 0x00,
0x60, 0x06, 0x00, 0x00, 0x58, 0x04, 0x00, 0x00, 0x50, 0x05, 0x00, 0x00, 0x50, 0x04, 0x00,
0x00, 0x48, 0x05, 0x00, 0x00, 0x48, 0x04, 0x00, 0x00, 0x40, 0x05, 0x00, 0x00, 0x40, 0x04,
0x00, 0x00, 0x38, 0x05, 0x00, 0x00, 0x38, 0x04, 0x00, 0x00, 0x30, 0x05, 0x00, 0x00, 0x30,
0x04, 0x00, 0x00, 0x28, 0x05, 0x00, 0x00, 0x28, 0x04, 0x00, 0x00, 0x20, 0x05, 0x00, 0x00,
0x20, 0x06, 0x00, 0x00, 0x20, 0x05, 0x00, 0x00, 0x18, 0x06, 0x00, 0x00, 0x18, 0x07, 0x00,
0x00, 0x18, 0x07, 0x00, 0x00, 0x20, 0x08, 0x00, 0x00, 0x20, 0x09, 0x00, 0x00, 0x20, 0x06,
0x00, 0x00, 0x28, 0x07, 0x00, 0x00, 0x28, 0x06, 0x00, 0x00, 0x30, 0x07, 0x00, 0x00, 0x30,
0x06, 0x00, 0x00, 0x38, 0x07, 0x00, 0x00, 0x38, 0x06, 0x00, 0x00, 0x40, 0x07, 0x00, 0x00,
0x40, 0x06, 0x00, 0x00, 0x48, 0x07, 0x00, 0x00, 0x48, 0x06, 0x00, 0x00, 0x50, 0x07, 0x00,
0x00, 0x50, 0x07, 0x00, 0x00, 0x58, 0x0a, 0x00, 0x00, 0x60, 0x0b, 0x00, 0x00, 0x60, 0x11,
0x00, 0x00, 0x68, 0x1d, 0x00, 0x00, 0x70, 0x37, 0x00, 0x00, 0x78, 0x68, 0x00, 0x00, 0x80,
0x69, 0x00, 0x00, 0x80, 0x68, 0x00, 0x00, 0x88, 0x69, 0x00, 0x00, 0x88, 0x6a, 0x00, 0x00,
0x88, 0x6b, 0x00, 0x00, 0x88, 0x6c, 0x00, 0x00, 0x88, 0x6d, 0x00, 0x00, 0x88, 0x6e, 0x00,
0x00, 0x88, 0x6f, 0x00, 0x00, 0x88, 0x70, 0x00, 0x00, 0x88, 0x71, 0x00, 0x00, 0x88, 0x72,
0x00, 0x00, 0x88, 0x73, 0x00, 0x00, 0x88, 0x74, 0x00, 0x00, 0x88, 0x75, 0x00, 0x00, 0x88,
0x76, 0x00, 0x00, 0x88, 0x77, 0x00, 0x00, 0x88, 0x78, 0x00, 0x00, 0x88, 0x79, 0x00, 0x00,
0x88, 0x7a, 0x00, 0x00, 0x88, 0x7b, 0x00, 0x00, 0x88, 0x7c, 0x00, 0x00, 0x88, 0x7d, 0x00,
0x00, 0x88, 0x7e, 0x00, 0x00, 0x88, 0x7f, 0x00, 0x00, 0x88, 0x80, 0x00, 0x00, 0x88, 0x81,
0x00, 0x00, 0x88, 0x82, 0x00, 0x00, 0x88, 0x83, 0x00, 0x00, 0x88, 0x84, 0x00, 0x00, 0x88,
0x85, 0x00, 0x00, 0x88, 0x86, 0x00, 0x00, 0x88, 0x87, 0x00, 0x00, 0x88, 0x88, 0x00, 0x00,
0x88, 0x01, 0x00, 0x00, 0x90, 0x89, 0x00, 0x00, 0x88, 0x8a, 0x00, 0x00, 0x88, 0x8b, 0x00,
0x00, 0x88, 0x8c, 0x00, 0x00, 0x88, 0x8d, 0x00, 0x00, 0x88, 0x8e, 0x00, 0x00, 0x88, 0x8f,
0x00, 0x00, 0x88, 0x90, 0x00, 0x00, 0x88, 0x91, 0x00, 0x00, 0x88, 0x92, 0x00, 0x00, 0x88,
0x93, 0x00, 0x00, 0x88, 0x94, 0x00, 0x00, 0x88, 0x95, 0x00, 0x00, 0x88, 0x96, 0x00, 0x00,
0x88, 0x97, 0x00, 0x00, 0x88, 0x98, 0x00, 0x00, 0x88, 0x99, 0x00, 0x00, 0x88, 0x9a, 0x00,
0x00, 0x88, 0x9b, 0x00, 0x00, 0x88, 0x9c, 0x00, 0x00, 0x88, 0x9d, 0x00, 0x00, 0x88, 0x9e,
0x00, 0x00, 0x88, 0x9f, 0x00, 0x00, 0x88, 0xa0, 0x00, 0x00, 0x88, 0xa1, 0x00, 0x00, 0x88,
0xa2, 0x00, 0x00, 0x88, 0xa3, 0x00, 0x00, 0x88, 0xa4, 0x00, 0x00, 0x88, 0xa5, 0x00, 0x00,
0x88, 0xa6, 0x00, 0x00, 0x88, 0xa7, 0x00, 0x00, 0x88, 0xa8, 0x00, 0x00, 0x88, 0xa9, 0x00,
0x00, 0x88, 0xaa, 0x00, 0x00, 0x88, 0xab, 0x00, 0x00, 0x88, 0xac, 0x00, 0x00, 0x88, 0xad,
0x00, 0x00, 0x88, 0xae, 0x00, 0x00, 0x88, 0xaf, 0x00, 0x00, 0x88, 0xb0, 0x00, 0x00, 0x88,
0xb1, 0x00, 0x00, 0x88, 0xb2, 0x00, 0x00, 0x88, 0xb3, 0x00, 0x00, 0x88, 0xb4, 0x00, 0x00,
0x88, 0xb5, 0x00, 0x00, 0x88, 0xb6, 0x00, 0x00, 0x88, 0xb7, 0x00, 0x00, 0x88, 0xb8, 0x00,
0x00, 0x88, 0xb9, 0x00, 0x00, 0x88, 0xba, 0x00, 0x00, 0x88, 0xbb, 0x00, 0x00, 0x88, 0xbc,
0x00, 0x00, 0x88, 0xbd, 0x00, 0x00, 0x88, 0xbe, 0x00, 0x00, 0x88, 0xbf, 0x00, 0x00, 0x88,
0xc0, 0x00, 0x00, 0x88, 0xc1, 0x00, 0x00, 0x88, 0xc2, 0x00, 0x00, 0x88, 0xc3, 0x00, 0x00,
0x88, 0xc4, 0x00, 0x00, 0x88, 0xc5, 0x00, 0x00, 0x88, 0xc6, 0x00, 0x00, 0x88, 0xc7, 0x00,
0x00, 0x88, 0xc8, 0x00, 0x00, 0x88, 0xc9, 0x00, 0x00, 0x88, 0xca, 0x00, 0x00, 0x88, 0xcb,
0x00, 0x00, 0x88, 0xcc, 0x00, 0x00, 0x88, 0xcd, 0x00, 0x00, 0x88, 0x01, 0x00, 0x00, 0x88,
0x02, 0x00, 0x00, 0x88, 0x03, 0x00, 0x00, 0x88, 0x04, 0x00, 0x00, 0x88, 0x05, 0x00, 0x00,
0x88, 0x06, 0x00, 0x00, 0x88, 0x07, 0x00, 0x00, 0x88, 0x08, 0x00, 0x00, 0x88, 0x09, 0x00,
0x00, 0x88, 0x0a, 0x00, 0x00, 0x88, 0x0b, 0x00, 0x00, 0x88, 0x0c, 0x00, 0x00, 0x88, 0x0d,
0x00, 0x00, 0x88, 0x0e, 0x00, 0x00, 0x88, 0x0f, 0x00, 0x00, 0x88, 0x10, 0x00, 0x00, 0x88,
0x11, 0x00, 0x00, 0x88, 0x12, 0x00, 0x00, 0x88, 0x13, 0x00, 0x00, 0x88, 0x14, 0x00, 0x00,
0x88, 0x15, 0x00, 0x00, 0x88, 0x16, 0x00, 0x00, 0x88, 0x17, 0x00, 0x00, 0x88, 0x18, 0x00,
0x00, 0x88, 0x19, 0x00, 0x00, 0x88, 0x1a, 0x00, 0x00, 0x88, 0x1b, 0x00, 0x00, 0x88, 0x1c,
0x00, 0x00, 0x88, 0x1d, 0x00, 0x00, 0x88, 0x1e, 0x00, 0x00, 0x88, 0x1f, 0x00, 0x00, 0x88,
0x20, 0x00, 0x00, 0x88, 0x21, 0x00, 0x00, 0x88, 0x22, 0x00, 0x00, 0x88, 0x23, 0x00, 0x00,
0x88, 0x24, 0x00, 0x00, 0x88, 0x25, 0x00, 0x00, 0x88, 0x26, 0x00, 0x00, 0x88, 0x27, 0x00,
0x00, 0x88, 0x28, 0x00, 0x00, 0x88, 0x29, 0x00, 0x00, 0x88, 0x2a, 0x00, 0x00, 0x88, 0x2b,
0x00, 0x00, 0x88, 0x2c, 0x00, 0x00, 0x88, 0x2d, 0x00, 0x00, 0x88, 0x2e, 0x00, 0x00, 0x88,
0x2f, 0x00, 0x00, 0x88, 0x30, 0x00, 0x00, 0x88, 0x31, 0x00, 0x00, 0x88, 0x32, 0x00, 0x00,
0x88, 0x33, 0x00, 0x00, 0x88, 0x34, 0x00, 0x00, 0x88, 0x35, 0x00, 0x00, 0x88, 0x36, 0x00,
0x00, 0x88, 0x37, 0x00, 0x00, 0x88, 0x38, 0x00, 0x00, 0x88, 0x39, 0x00, 0x00, 0x88, 0x3a,
0x00, 0x00, 0x88, 0x3b, 0x00, 0x00, 0x88, 0x3c, 0x00, 0x00, 0x88, 0x3d, 0x00, 0x00, 0x88,
0x3e, 0x00, 0x00, 0x88, 0x00, 0x00, 0x00, 0x90, 0x3f, 0x00, 0x00, 0x88, 0x40, 0x00, 0x00,
0x88, 0x41, 0x00, 0x00, 0x88, 0x42, 0x00, 0x00, 0x88, 0x43, 0x00, 0x00, 0x88, 0x44, 0x00,
0x00, 0x88, 0x45, 0x00, 0x00, 0x88, 0x46, 0x00, 0x00, 0x88, 0x47, 0x00, 0x00, 0x88, 0x48,
0x00, 0x00, 0x88, 0x49, 0x00, 0x00, 0x88, 0x4a, 0x00, 0x00, 0x88, 0x4b, 0x00, 0x00, 0x88,
0x4c, 0x00, 0x00, 0x88, 0x4d, 0x00, 0x00, 0x88, 0x4e, 0x00, 0x00, 0x88, 0x4f, 0x00, 0x00,
0x88, 0x50, 0x00, 0x00, 0x88, 0x51, 0x00, 0x00, 0x88, 0x52, 0x00, 0x00, 0x88, 0x53, 0x00,
0x00, 0x88, 0x54, 0x00, 0x00, 0x88, 0x55, 0x00, 0x00, 0x88, 0x56, 0x00, 0x00, 0x88, 0x57,
0x00, 0x00, 0x88, 0x58, 0x00, 0x00, 0x88, 0x59, 0x00, 0x00, 0x88, 0x5a, 0x00, 0x00, 0x88,
0x5b, 0x00, 0x00, 0x88, 0x5c, 0x00, 0x00, 0x88, 0x5d, 0x00, 0x00, 0x88, 0x5e, 0x00, 0x00,
0x88, 0x5f, 0x00, 0x00, 0x88, 0x60, 0x00, 0x00, 0x88, 0x61, 0x00, 0x00, 0x88, 0x62, 0x00,
0x00, 0x88, 0x63, 0x00, 0x00, 0x88, 0x64, 0x00, 0x00, 0x88, 0x65, 0x00, 0x00, 0x88, 0x66,
0x00, 0x00, 0x88, 0x66, 0x00, 0x00, 0x80, 0x34, 0x00, 0x00, 0x78, 0x35, 0x00, 0x00, 0x78,
0x1c, 0x00, 0x00, 0x70, 0x0f, 0x00, 0x00, 0x68, 0x09, 0x00, 0x00, 0x60, 0x0a, 0x00, 0x00,
0x60, 0x06, 0x00, 0x00, 0x58, 0x04, 0x00, 0x00, 0x50, 0x05, 0x00, 0x00, 0x50, 0x04, 0x00,
0x00, 0x48, 0x05, 0x00, 0x00, 0x48, 0x04, 0x00, 0x00, 0x40, 0x05, 0x00, 0x00, 0x40, 0x04,
0x00, 0x00, 0x38, 0x05, 0x00, 0x00, 0x38, 0x04, 0x00, 0x00, 0x30, 0x05, 0x00, 0x00, 0x30,
0x04, 0x00, 0x00, 0x28, 0x05, 0x00, 0x00, 0x28, 0x06, 0x00, 0x00, 0x28, 0x05, 0x00, 0x00,
0x20, 0x06, 0x00, 0x00, 0x20, 0x07, 0x00, 0x00, 0x20, 0x06, 0x00, 0x00, 0x18, 0x07, 0x00,
0x00, 0x18, 0x08, 0x00, 0x00, 0x20, 0x09, 0x00, 0x00, 0x20, 0x0a, 0x00, 0x00, 0x20, 0x0b,
0x00, 0x00, 0x20, 0x07, 0x00, 0x00, 0x28, 0x08, 0x00, 0x00, 0x28, 0x09, 0x00, 0x00, 0x28,
0x06, 0x00, 0x00, 0x30, 0x07, 0x00, 0x00, 0x30, 0x06, 0x00, 0x00, 0x38, 0x07, 0x00, 0x00,
0x38, 0x06, 0x00, 0x00, 0x40, 0x07, 0x00, 0x00, 0x40, 0x06, 0x00, 0x00, 0x48, 0x07, 0x00,
0x00, 0x48, 0x06, 0x00, 0x00, 0x50, 0x07, 0x00, 0x00, 0x50, 0x07, 0x00, 0x00, 0x58, 0x0b,
0x00, 0x00, 0x60, 0x10, 0x00, 0x00, 0x68, 0x11, 0x00, 0x00, 0x68, 0x1d, 0x00, 0x00, 0x70,
0x36, 0x00, 0x00, 0x78, 0x37, 0x00, 0x00, 0x78, 0x67, 0x00, 0x00, 0x80, 0x67, 0x00, 0x00,
0x88, 0x68, 0x00, 0x00, 0x88, 0x69, 0x00, 0x00, 0x88, 0x6a, 0x00, 0x00, 0x88, 0x6b, 0x00,
0x00, 0x88, 0x6c, 0x00, 0x00, 0x88, 0x6d, 0x00, 0x00, 0x88, 0x6e, 0x00, 0x00, 0x88, 0x6f,
0x00, 0x00, 0x88, 0x70, 0x00, 0x00, 0x88, 0x71, 0x00, 0x00, 0x88, 0x72, 0x00, 0x00, 0x88,
0x73, 0x00, 0x00, 0x88, 0x74, 0x00, 0x00, 0x88, 0x75, 0x00, 0x00, 0x88, 0x76, 0x00, 0x00,
0x88, 0x77, 0x00, 0x00, 0x88, 0x78, 0x00, 0x00, 0x88, 0x79, 0x00, 0x00, 0x88, 0x7a, 0x00,
0x00, 0x88, 0x7b, 0x00, 0x00, 0x88, 0x7c, 0x00, 0x00, 0x88, 0x7d, 0x00, 0x00, 0x88, 0x7e,
0x00, 0x00, 0x88, 0x7f, 0x00, 0x00, 0x88, 0x80, 0x00, 0x00, 0x88, 0x81, 0x00, 0x00, 0x88,
0x82, 0x00, 0x00, 0x88, 0x83, 0x00, 0x00, 0x88, 0x84, 0x00, 0x00, 0x88, 0x85, 0x00, 0x00,
0x88, 0x86, 0x00, 0x00, 0x88, 0x87, 0x00, 0x00, 0x88, 0x88, 0x00, 0x00, 0x88, 0x89, 0x00,
0x00, 0x88, 0x8a, 0x00, 0x00, 0x88, 0x8b, 0x00, 0x00, 0x88, 0x8c, 0x00, 0x00, 0x88, 0x8d,
0x00, 0x00, 0x88, 0x8e, 0x00, 0x00, 0x88, 0x8f, 0x00, 0x00, 0x88, 0x90, 0x00, 0x00, 0x88,
0x91, 0x00, 0x00, 0x88, 0x92, 0x00, 0x00, 0x88, 0x93, 0x00, 0x00, 0x88, 0x94, 0x00, 0x00,
0x88, 0x95, 0x00, 0x00, 0x88, 0x96, 0x00, 0x00, 0x88, 0x97, 0x00, 0x00, 0x88, 0x98, 0x00,
0x00, 0x88, 0x99, 0x00, 0x00, 0x88, 0x9a, 0x00, 0x00, 0x88, 0x9b, 0x00, 0x00, 0x88, 0x9c,
0x00, 0x00, 0x88, 0x9d, 0x00, 0x00, 0x88, 0x9e, 0x00, 0x00, 0x88, 0x9f, 0x00, 0x00, 0x88,
0xa0, 0x00, 0x00, 0x88, 0xa1, 0x00, 0x00, 0x88, 0xa2, 0x00, 0x00, 0x88, 0xa3, 0x00, 0x00,
0x88, 0xa4, 0x00, 0x00, 0x88, 0xa5, 0x00, 0x00, 0x88, 0xa6, 0x00, 0x00, 0x88, 0xa7, 0x00,
0x00, 0x88, 0xa8, 0x00, 0x00, 0x88, 0xa9, 0x00, 0x00, 0x88, 0xaa, 0x00, 0x00, 0x88, 0xab,
0x00, 0x00, 0x88, 0xac, 0x00, 0x00, 0x88, 0xad, 0x00, 0x00, 0x88, 0xae, 0x00, 0x00, 0x88,
0xaf, 0x00, 0x00, 0x88, 0xb0, 0x00, 0x00, 0x88, 0xb1, 0x00, 0x00, 0x88, 0xb2, 0x00, 0x00,
0x88, 0xb3, 0x00, 0x00, 0x88, 0xb4, 0x00, 0x00, 0x88, 0xb5, 0x00, 0x00, 0x88, 0xb6, 0x00,
0x00, 0x88, 0xb7, 0x00, 0x00, 0x88, 0xb8, 0x00, 0x00, 0x88, 0xb9, 0x00, 0x00, 0x88, 0xba,
0x00, 0x00, 0x88, 0xbb, 0x00, 0x00, 0x88, 0xbc, 0x00, 0x00, 0x88, 0xbd, 0x00, 0x00, 0x88,
0xbe, 0x00, 0x00, 0x88, 0xbf, 0x00, 0x00, 0x88, 0xc0, 0x00, 0x00, 0x88, 0xc1, 0x00, 0x00,
0x88, 0xc2, 0x00, 0x00, 0x88, 0xc3, 0x00, 0x00, 0x88, 0xc4, 0x00, 0x00, 0x88, 0xc5, 0x00,
0x00, 0x88, 0xc6, 0x00, 0x00, 0x88, 0xc7, 0x00, 0x00, 0x88, 0x01, 0x00, 0x00, 0x90, 0xc8,
0x00, 0x00, 0x88, 0xc9, 0x00, 0x00, 0x88, 0xca, 0x00, 0x00, 0x88, 0xcb, 0x00, 0x00, 0x88,
0x00, 0x00, 0x00, 0x88, 0x01, 0x00, 0x00, 0x88, 0x02, 0x00, 0x00, 0x88, 0x03, 0x00, 0x00,
0x88, 0x04, 0x00, 0x00, 0x88, 0x05, 0x00, 0x00, 0x88, 0x06, 0x00, 0x00, 0x88, 0x07, 0x00,
0x00, 0x88, 0x08, 0x00, 0x00, 0x88, 0x09, 0x00, 0x00, 0x88, 0x0a, 0x00, 0x00, 0x88, 0x0b,
0x00, 0x00, 0x88, 0x0c, 0x00, 0x00, 0x88, 0x0d, 0x00, 0x00, 0x88, 0x0e, 0x00, 0x00, 0x88,
0x0f, 0x00, 0x00, 0x88, 0x10, 0x00, 0x00, 0x88, 0x11, 0x00, 0x00, 0x88, 0x12, 0x00, 0x00,
0x88, 0x13, 0x00, 0x00, 0x88, 0x14, 0x00, 0x00, 0x88, 0x15, 0x00, 0x00, 0x88, 0x16, 0x00,
0x00, 0x88, 0x17, 0x00, 0x00, 0x88, 0x18, 0x00, 0x00, 0x88, 0x19, 0x00, 0x00, 0x88, 0x1a,
0x00, 0x00, 0x88, 0x1b, 0x00, 0x00, 0x88, 0x1c, 0x00, 0x00, 0x88, 0x1d, 0x00, 0x00, 0x88,
0x1e, 0x00, 0x00, 0x88, 0x1f, 0x00, 0x00, 0x88, 0x20, 0x00, 0x00, 0x88, 0x21, 0x00, 0x00,
0x88, 0x22, 0x00, 0x00, 0x88, 0x23, 0x00, 0x00, 0x88, 0x24, 0x00, 0x00, 0x88, 0x25, 0x00,
0x00, 0x88, 0x26, 0x00, 0x00, 0x88, 0x27, 0x00, 0x00, 0x88, 0x28, 0x00, 0x00, 0x88, 0x29,
0x00, 0x00, 0x88, 0x2a, 0x00, 0x00, 0x88, 0x2b, 0x00, 0x00, 0x88, 0x2c, 0x00, 0x00, 0x88,
0x2d, 0x00, 0x00, 0x88, 0x2e, 0x00, 0x00, 0x88, 0x2f, 0x00, 0x00, 0x88, 0x30, 0x00, 0x00,
0x88, 0x31, 0x00, 0x00, 0x88, 0x32, 0x00, 0x00, 0x88, 0x33, 0x00, 0x00, 0x88, 0x34, 0x00,
0x00, 0x88, 0x35, 0x00, 0x00, 0x88, 0x36, 0x00, 0x00, 0x88, 0x37, 0x00, 0x00, 0x88, 0x38,
0x00, 0x00, 0x88, 0x39, 0x00, 0x00, 0x88, 0x3a, 0x00, 0x00, 0x88, 0x3b, 0x00, 0x00, 0x88,
0x3c, 0x00, 0x00, 0x88, 0x3d, 0x00, 0x00, 0x88, 0x3e, 0x00, 0x00, 0x88, 0x3f, 0x00, 0x00,
0x88, 0x40, 0x00, 0x00, 0x88, 0x41, 0x00, 0x00, 0x88, 0x42, 0x00, 0x00, 0x88, 0x43, 0x00,
0x00, 0x88, 0x44, 0x00, 0x00, 0x88, 0x45, 0x00, 0x00, 0x88, 0x46, 0x00, 0x00, 0x88, 0x47,
0x00, 0x00, 0x88, 0x48, 0x00, 0x00, 0x88, 0x49, 0x00, 0x00, 0x88, 0x4a, 0x00, 0x00, 0x88,
0x4b, 0x00, 0x00, 0x88, 0x4c, 0x00, 0x00, 0x88, 0x4d, 0x00, 0x00, 0x88, 0x4e, 0x00, 0x00,
0x88, 0x4f, 0x00, 0x00, 0x88, 0x50, 0x00, 0x00, 0x88, 0x51, 0x00, 0x00, 0x88, 0x52, 0x00,
0x00, 0x88, 0x53, 0x00, 0x00, 0x88, 0x54, 0x00, 0x00, 0x88, 0x55, 0x00, 0x00, 0x88, 0x56,
0x00, 0x00, 0x88, 0x57, 0x00, 0x00, 0x88, 0x58, 0x00, 0x00, 0x88, 0x59, 0x00, 0x00, 0x88,
0x5a, 0x00, 0x00, 0x88, 0x5b, 0x00, 0x00, 0x88, 0x5c, 0x00, 0x00, 0x88, 0x5d, 0x00, 0x00,
0x88, 0x5e, 0x00, 0x00, 0x88, 0x5f, 0x00, 0x00, 0x88, 0x60, 0x00, 0x00, 0x88, 0x61, 0x00,
0x00, 0x88, 0x62, 0x00, 0x00, 0x88, 0x63, 0x00, 0x00, 0x88, 0x64, 0x00, 0x00, 0x88, 0x65,
0x00, 0x00, 0x88, 0x65, 0x00, 0x00, 0x80, 0x34, 0x00, 0x00, 0x78, 0x1b, 0x00, 0x00, 0x70,
0x1c, 0x00, 0x00, 0x70, 0x0f, 0x00, 0x00, 0x68, 0x09, 0x00, 0x00, 0x60, 0x0a, 0x00, 0x00,
0x60, 0x06, 0x00, 0x00, 0x58, 0x05, 0x00, 0x00, 0x50, 0x06, 0x00, 0x00, 0x50, 0x04, 0x00,
0x00, 0x48, 0x05, 0x00, 0x00, 0x48, 0x04, 0x00, 0x00, 0x40, 0x05, 0x00, 0x00, 0x40, 0x04,
0x00, 0x00, 0x38, 0x05, 0x00, 0x00, 0x38, 0x04, 0x00, 0x00, 0x30, 0x05, 0x00, 0x00, 0x30,
0x04, 0x00, 0x00, 0x28, 0x05, 0x00, 0x00, 0x28, 0x06, 0x00, 0x00, 0x28, 0x07, 0x00, 0x00,
0x28, 0x06, 0x00, 0x00, 0x20, 0x07, 0x00, 0x00, 0x20, 0x08, 0x00, 0x00, 0x20, 0x09, 0x00,
0x00, 0x20, 0x07, 0x00, 0x00, 0x18, 0x0a, 0x00, 0x00, 0x20, 0x0b, 0x00, 0x00, 0x20, 0x0c,
0x00, 0x00, 0x20, 0x0d, 0x00, 0x00, 0x20, 0x08, 0x00, 0x00, 0x28, 0x09, 0x00, 0x00, 0x28,
0x0a, 0x00, 0x00, 0x28, 0x0b, 0x00, 0x00, 0x28, 0x06, 0x00, 0x00, 0x30, 0x07, 0x00, 0x00,
0x30, 0x06, 0x00, 0x00, 0x38, 0x07, 0x00, 0x00, 0x38, 0x06, 0x00, 0x00, 0x40, 0x07, 0x00,
0x00, 0x40, 0x06, 0x00, 0x00, 0x48, 0x07, 0x00, 0x00, 0x48, 0x07, 0x00, 0x00, 0x50, 0x07,
0x00, 0x00, 0x58, 0x08, 0x00, 0x00, 0x58, 0x09, 0x00, 0x00, 0x58, 0x0b, 0x00, 0x00, 0x60,
0x10, 0x00, 0x00, 0x68, 0x11, 0x00, 0x00, 0x68, 0x1d, 0x00, 0x00, 0x70, 0x35, 0x00, 0x00,
0x78, 0x66, 0x00, 0x00, 0x80, 0x67, 0x00, 0x00, 0x80, 0x66, 0x00, 0x00, 0x88, 0x67, 0x00,
0x00, 0x88, 0x68, 0x00, 0x00, 0x88, 0x69, 0x00, 0x00, 0x88, 0x6a, 0x00, 0x00, 0x88, 0x6b,
0x00, 0x00, 0x88, 0x6c, 0x00, 0x00, 0x88, 0x6d, 0x00, 0x00, 0x88, 0x6e, 0x00, 0x00, 0x88,
0x6f, 0x00, 0x00, 0x88, 0x70, 0x00, 0x00, 0x88, 0x71, 0x00, 0x00, 0x88, 0x72, 0x00, 0x00,
0x88, 0x73, 0x00, 0x00, 0x88, 0x74, 0x00, 0x00, 0x88, 0x75, 0x00, 0x00, 0x88, 0x76, 0x00,
0x00, 0x88, 0x77, 0x00, 0x00, 0x88, 0x78, 0x00, 0x00, 0x88, 0x79, 0x00, 0x00, 0x88, 0x7a,
0x00, 0x00, 0x88, 0x7b, 0x00, 0x00, 0x88, 0x7c, 0x00, 0x00, 0x88, 0x7d, 0x00, 0x00, 0x88,
0x7e, 0x00, 0x00, 0x88, 0x7f, 0x00, 0x00, 0x88, 0x80, 0x00, 0x00, 0x88, 0x81, 0x00, 0x00,
0x88, 0x82, 0x00, 0x00, 0x88, 0x83, 0x00, 0x00, 0x88, 0x84, 0x00, 0x00, 0x88, 0x85, 0x00,
0x00, 0x88, 0x86, 0x00, 0x00, 0x88, 0x87, 0x00, 0x00, 0x88, 0x88, 0x00, 0x00, 0x88, 0x89,
0x00, 0x00, 0x88, 0x8a, 0x00, 0x00, 0x88, 0x8b, 0x00, 0x00, 0x88, 0x8c, 0x00, 0x00, 0x88,
0x8d, 0x00, 0x00, 0x88, 0x8e, 0x00, 0x00, 0x88, 0x8f, 0x00, 0x00, 0x88, 0x90, 0x00, 0x00,
0x88, 0x91, 0x00, 0x00, 0x88, 0x92, 0x00, 0x00, 0x88, 0x93, 0x00, 0x00, 0x88, 0x94, 0x00,
0x00, 0x88, 0x95, 0x00, 0x00, 0x88, 0x96, 0x00, 0x00, 0x88, 0x97, 0x00, 0x00, 0x88, 0x98,
0x00, 0x00, 0x88, 0x99, 0x00, 0x00, 0x88, 0x9a, 0x00, 0x00, 0x88, 0x9b, 0x00, 0x00, 0x88,
0x9c, 0x00, 0x00, 0x88, 0x9d, 0x00, 0x00, 0x88, 0x9e, 0x00, 0x00, 0x88, 0x9f, 0x00, 0x00,
0x88, 0xa0, 0x00, 0x00, 0x88, 0xa1, 0x00, 0x00, 0x88, 0xa2, 0x00, 0x00, 0x88, 0xa3, 0x00,
0x00, 0x88, 0xa4, 0x00, 0x00, 0x88, 0xa5, 0x00, 0x00, 0x88, 0xa6, 0x00, 0x00, 0x88, 0xa7,
0x00, 0x00, 0x88, 0xa8, 0x00, 0x00, 0x88, 0xa9, 0x00, 0x00, 0x88, 0xaa, 0x00, 0x00, 0x88,
0xab, 0x00, 0x00, 0x88, 0xac, 0x00, 0x00, 0x88, 0xad, 0x00, 0x00, 0x88, 0xae, 0x00, 0x00,
0x88, 0xaf, 0x00, 0x00, 0x88, 0xb0, 0x00, 0x00, 0x88, 0xb1, 0x00, 0x00, 0x88, 0xb2, 0x00,
0x00, 0x88, 0xb3, 0x00, 0x00, 0x88, 0xb4, 0x00, 0x00, 0x88, 0xb5, 0x00, 0x00, 0x88, 0xb6,
0x00, 0x00, 0x88, 0xb7, 0x00, 0x00, 0x88, 0xb8, 0x00, 0x00, 0x88, 0xb9, 0x00, 0x00, 0x88,
0xba, 0x00, 0x00, 0x88, 0xbb, 0x00, 0x00, 0x88, 0xbc, 0x00, 0x00, 0x88, 0xbd, 0x00, 0x00,
0x88, 0xbe, 0x00, 0x00, 0x88, 0xbf, 0x00, 0x00, 0x88, 0xc0, 0x00, 0x00, 0x88, 0xc1, 0x00,
0x00, 0x88, 0xc2, 0x00, 0x00, 0x88, 0xc3, 0x00, 0x00, 0x88, 0xc4, 0x00, 0x00, 0x88, 0xc5,
0x00, 0x00, 0x88, 0xc6, 0x00, 0x00, 0x88, 0xc7, 0x00, 0x00, 0x88, 0xc8, 0x00, 0x00, 0x88,
0xc9, 0x00, 0x00, 0x88, 0x2e, 0x00, 0x00, 0x88, 0x2f, 0x00, 0x00, 0x88, 0x30, 0x00, 0x00,
0x88, 0x31, 0x00, 0x00, 0x88, 0x00, 0x00, 0x00, 0x90, 0x32, 0x00, 0x00, 0x88, 0x01, 0x00,
0x00, 0x90, 0x33, 0x00, 0x00, 0x88, 0x02, 0x00, 0x00, 0x90, 0x03, 0x00, 0x00, 0x90, 0x34,
0x00, 0x00, 0x88, 0x35, 0x00, 0x00, 0x88, 0x36, 0x00, 0x00, 0x88, 0x04, 0x00, 0x00, 0x90,
0x05, 0x00, 0x00, 0x90, 0x37, 0x00, 0x00, 0x88, 0x06, 0x00, 0x00, 0x90, 0x38, 0x00, 0x00,
0x88, 0x07, 0x00, 0x00, 0x90, 0x39, 0x00, 0x00, 0x88, 0x08, 0x00, 0x00, 0x90, 0x09, 0x00,
0x00, 0x90, 0x0a, 0x00, 0x00, 0x90, 0x3a, 0x00, 0x00, 0x88, 0x3b, 0x00, 0x00, 0x88, 0x3c,
0x00, 0x00, 0x88, 0x0b, 0x00, 0x00, 0x90, 0x0c, 0x00, 0x00, 0x90, 0x0d, 0x00, 0x00, 0x90,
0x0e, 0x00, 0x00, 0x90, 0x0f, 0x00, 0x00, 0x90, 0x3d, 0x00, 0x00, 0x88, 0x10, 0x00, 0x00,
0x90, 0x11, 0x00, 0x00, 0x90, 0x3e, 0x00, 0x00, 0x88, 0x12, 0x00, 0x00, 0x90, 0x13, 0x00,
0x00, 0x90, 0x14, 0x00, 0x00, 0x90, 0x15, 0x00, 0x00, 0x90, 0x3f, 0x00, 0x00, 0x88, 0x40,
0x00, 0x00, 0x88, 0x41, 0x00, 0x00, 0x88, 0x16, 0x00, 0x00, 0x90, 0x17, 0x00, 0x00, 0x90,
0x42, 0x00, 0x00, 0x88, 0x43, 0x00, 0x00, 0x88, 0x44, 0x00, 0x00, 0x88, 0x45, 0x00, 0x00,
0x88, 0x46, 0x00, 0x00, 0x88, 0x47, 0x00, 0x00, 0x88, 0x18, 0x00, 0x00, 0x90, 0x48, 0x00,
0x00, 0x88, 0x19, 0x00, 0x00, 0x90, 0x49, 0x00, 0x00, 0x88, 0x4a, 0x00, 0x00, 0x88, 0x1a,
0x00, 0x00, 0x90, 0x4b, 0x00, 0x00, 0x88, 0x1b, 0x00, 0x00, 0x90, 0x1c, 0x00, 0x00, 0x90,
0x4c, 0x00, 0x00, 0x88, 0x1d, 0x00, 0x00, 0x90, 0x1e, 0x00, 0x00, 0x90, 0x1f, 0x00, 0x00,
0x90, 0x20, 0x00, 0x00, 0x90, 0x21, 0x00, 0x00, 0x90, 0x22, 0x00, 0x00, 0x90, 0x23, 0x00,
0x00, 0x90, 0x24, 0x00, 0x00, 0x90, 0x4d, 0x00, 0x00, 0x88, 0x25, 0x00, 0x00, 0x90, 0x26,
0x00, 0x00, 0x90, 0x27, 0x00, 0x00, 0x90, 0x28, 0x00, 0x00, 0x90, 0x29, 0x00, 0x00, 0x90,
0x4e, 0x00, 0x00, 0x88, 0x2a, 0x00, 0x00, 0x90, 0x2b, 0x00, 0x00, 0x90, 0x4f, 0x00, 0x00,
0x88, 0x50, 0x00, 0x00, 0x88, 0x51, 0x00, 0x00, 0x88, 0x52, 0x00, 0x00, 0x88, 0x2c, 0x00,
0x00, 0x90, 0x2d, 0x00, 0x00, 0x90, 0x53, 0x00, 0x00, 0x88, 0x54, 0x00, 0x00, 0x88, 0x55,
0x00, 0x00, 0x88, 0x2e, 0x00, 0x00, 0x90, 0x56, 0x00, 0x00, 0x88, 0x2f, 0x00, 0x00, 0x90,
0x57, 0x00, 0x00, 0x88, 0x58, 0x00, 0x00, 0x88, 0x59, 0x00, 0x00, 0x88, 0x5a, 0x00, 0x00,
0x88, 0x30, 0x00, 0x00, 0x90, 0x5b, 0x00, 0x00, 0x88, 0x5c, 0x00, 0x00, 0x88, 0x5d, 0x00,
0x00, 0x88, 0x5e, 0x00, 0x00, 0x88, 0x5f, 0x00, 0x00, 0x88, 0x60, 0x00, 0x00, 0x88, 0x4d,
0x00, 0x00, 0x80, 0x4e, 0x00, 0x00, 0x80, 0x28, 0x00, 0x00, 0x78, 0x29, 0x00, 0x00, 0x78,
0x16, 0x00, 0x00, 0x70, 0x0c, 0x00, 0x00, 0x68, 0x0d, 0x00, 0x00, 0x68, 0x08, 0x00, 0x00,
0x60, 0x09, 0x00, 0x00, 0x60, 0x06, 0x00, 0x00, 0x58, 0x04, 0x00, 0x00, 0x50, 0x05, 0x00,
0x00, 0x50, 0x04, 0x00, 0x00, 0x48, 0x05, 0x00, 0x00, 0x48, 0x04, 0x00, 0x00, 0x40, 0x05,
0x00, 0x00, 0x40, 0x04, 0x00, 0x00, 0x38, 0x05, 0x00, 0x00, 0x38, 0x04, 0x00, 0x00, 0x30,
0x05, 0x00, 0x00, 0x30, 0x04, 0x00, 0x00, 0x28, 0x05, 0x00, 0x00, 0x28, 0x06, 0x00, 0x00,
0x28, 0x07, 0x00, 0x00, 0x28, 0x06, 0x00, 0x00, 0x20, 0x07, 0x00, 0x00, 0x20, 0x08, 0x00,
0x00, 0x20, 0x09, 0x00, 0x00, 0x20, 0x07, 0x00, 0x00, 0x18, 0x0a, 0x00, 0x00, 0x20, 0x0b,
0x00, 0x00, 0x20, 0x0c, 0x00, 0x00, 0x20, 0x0d, 0x00, 0x00, 0x20, 0x08, 0x00, 0x00, 0x28,
0x09, 0x00, 0x00, 0x28, 0x0a, 0x00, 0x00, 0x28, 0x0b, 0x00, 0x00, 0x28, 0x06, 0x00, 0x00,
0x30, 0x07, 0x00, 0x00, 0x30, 0x06, 0x00, 0x00, 0x38, 0x07, 0x00, 0x00, 0x38, 0x06, 0x00,
0x00, 0x40, 0x07, 0x00, 0x00, 0x40, 0x06, 0x00, 0x00, 0x48, 0x07, 0x00, 0x00, 0x48, 0x06,
0x00, 0x00, 0x50, 0x07, 0x00, 0x00, 0x50, 0x07, 0x00, 0x00, 0x58, 0x0a, 0x00, 0x00, 0x60,
0x0b, 0x00, 0x00, 0x60, 0x0e, 0x00, 0x00, 0x68, 0x0f, 0x00, 0x00, 0x68, 0x17, 0x00, 0x00,
0x70, 0x2a, 0x00, 0x00, 0x78, 0x2b, 0x00, 0x00, 0x78, 0x4f, 0x00, 0x00, 0x80, 0x61, 0x00,
0x00, 0x88, 0x62, 0x00, 0x00, 0x88, 0x63, 0x00, 0x00, 0x88, 0x64, 0x00, 0x00, 0x88, 0x65,
0x00, 0x00, 0x88, 0x31, 0x00, 0x00, 0x90, 0x66, 0x00, 0x00, 0x88, 0x32, 0x00, 0x00, 0x90,
0x33, 0x00, 0x00, 0x90, 0x34, 0x00, 0x00, 0x90, 0x35, 0x00, 0x00, 0x90, 0x67, 0x00, 0x00,
0x88, 0x68, 0x00, 0x00, 0x88, 0x69, 0x00, 0x00, 0x88, 0x36, 0x00, 0x00, 0x90, 0x37, 0x00,
0x00, 0x90, 0x38, 0x00, 0x00, 0x90, 0x6a, 0x00, 0x00, 0x88, 0x6b, 0x00, 0x00, 0x88, 0x6c,
0x00, 0x00, 0x88, 0x6d, 0x00, 0x00, 0x88, 0x6e, 0x00, 0x00, 0x88, 0x6f, 0x00, 0x00, 0x88,
0x70, 0x00, 0x00, 0x88, 0x71, 0x00, 0x00, 0x88, 0x72, 0x00, 0x00, 0x88, 0x73, 0x00, 0x00,
0x88, 0x39, 0x00, 0x00, 0x90, 0x74, 0x00, 0x00, 0x88, 0x3a, 0x00, 0x00, 0x90, 0x75, 0x00,
0x00, 0x88, 0x3b, 0x00, 0x00, 0x90, 0x76, 0x00, 0x00, 0x88, 0x3c, 0x00, 0x00, 0x90, 0x3d,
0x00, 0x00, 0x90, 0x77, 0x00, 0x00, 0x88, 0x78, 0x00, 0x00, 0x88, 0x3e, 0x00, 0x00, 0x90,
0x79, 0x00, 0x00, 0x88, 0x7a, 0x00, 0x00, 0x88, 0x3f, 0x00, 0x00, 0x90, 0x7b, 0x00, 0x00,
0x88, 0x7c, 0x00, 0x00, 0x88, 0x40, 0x00, 0x00, 0x90, 0x7d, 0x00, 0x00, 0x88, 0x7e, 0x00,
0x00, 0x88, 0x7f, 0x00, 0x00, 0x88, 0x41, 0x00, 0x00, 0x90, 0x80, 0x00, 0x00, 0x88, 0x81,
0x00, 0x00, 0x88, 0x42, 0x00, 0x00, 0x90, 0x43, 0x00, 0x00, 0x90, 0x82, 0x00, 0x00, 0x88,
0x44, 0x00, 0x00, 0x90, 0x83, 0x00, 0x00, 0x88, 0x45, 0x00, 0x00, 0x90, 0x46, 0x00, 0x00,
0x90, 0x47, 0x00, 0x00, 0x90, 0x84, 0x00, 0x00, 0x88, 0x85, 0x00, 0x00, 0x88, 0x86, 0x00,
0x00, 0x88, 0x87, 0x00, 0x00, 0x88, 0x88, 0x00, 0x00, 0x88, 0x89, 0x00, 0x00, 0x88, 0x48,
0x00, 0x00, 0x90, 0x8a, 0x00, 0x00, 0x88, 0x49, 0x00, 0x00, 0x90, 0x4a, 0x00, 0x00, 0x90,
0x4b, 0x00, 0x00, 0x90, 0x4c, 0x00, 0x00, 0x90, 0x4d, 0x00, 0x00, 0x90, 0x8b, 0x00, 0x00,
0x88, 0x8c, 0x00, 0x00, 0x88, 0x4e, 0x00, 0x00, 0x90, 0x8d, 0x00, 0x00, 0x88, 0x4f, 0x00,
0x00, 0x90, 0x8e, 0x00, 0x00, 0x88, 0x50, 0x00, 0x00, 0x90, 0x8f, 0x00, 0x00, 0x88, 0x90,
0x00, 0x00, 0x88, 0x51, 0x00, 0x00, 0x90, 0x91, 0x00, 0x00, 0x88, 0x92, 0x00, 0x00, 0x88,
0x93, 0x00, 0x00, 0x88, 0x52, 0x00, 0x00, 0x90, 0x53, 0x00, 0x00, 0x90, 0x94, 0x00, 0x00,
0x88, 0x54, 0x00, 0x00, 0x90, 0x55, 0x00, 0x00, 0x90, 0x56, 0x00, 0x00, 0x90, 0x57, 0x00,
0x00, 0x90, 0x95, 0x00, 0x00, 0x88, 0x58, 0x00, 0x00, 0x90, 0x96, 0x00, 0x00, 0x88, 0x59,
0x00, 0x00, 0x90, 0x5a, 0x00, 0x00, 0x90, 0x97, 0x00, 0x00, 0x88, 0x98, 0x00, 0x00, 0x88,
0x99, 0x00, 0x00, 0x88, 0x5b, 0x00, 0x00, 0x90, 0x07, 0x00, 0x00, 0x88, 0x08, 0x00, 0x00,
0x88, 0x09, 0x00, 0x00, 0x88, 0x0a, 0x00, 0x00, 0x88, 0x0b, 0x00, 0x00, 0x88, 0x0c, 0x00,
0x00, 0x88, 0x0d, 0x00, 0x00, 0x88, 0x0e, 0x00, 0x00, 0x88, 0x0f, 0x00, 0x00, 0x88, 0x10,
0x00, 0x00, 0x88, 0x11, 0x00, 0x00, 0x88, 0x12, 0x00, 0x00, 0x88, 0x13, 0x00, 0x00, 0x88,
0x14, 0x00, 0x00, 0x88, 0x15, 0x00, 0x00, 0x88, 0x16, 0x00, 0x00, 0x88, 0x17, 0x00, 0x00,
0x88, 0x18, 0x00, 0x00, 0x88, 0x19, 0x00, 0x00, 0x88, 0x1a, 0x00, 0x00, 0x88, 0x1b, 0x00,
0x00, 0x88, 0x00, 0x00, 0x00, 0x90, 0x1c, 0x00, 0x00, 0x88, 0x1d, 0x00, 0x00, 0x88, 0x1e,
0x00, 0x00, 0x88, 0x1f, 0x00, 0x00, 0x88, 0x20, 0x00, 0x00, 0x88, 0x21, 0x00, 0x00, 0x88,
0x22, 0x00, 0x00, 0x88, 0x23, 0x00, 0x00, 0x88, 0x01, 0x00, 0x00, 0x90, 0x24, 0x00, 0x00,
0x88, 0x25, 0x00, 0x00, 0x88, 0x26, 0x00, 0x00, 0x88, 0x27, 0x00, 0x00, 0x88, 0x28, 0x00,
0x00, 0x88, 0x29, 0x00, 0x00, 0x88, 0x2a, 0x00, 0x00, 0x88, 0x2b, 0x00, 0x00, 0x88, 0x2c,
0x00, 0x00, 0x88, 0x2d, 0x00, 0x00, 0x88, 0x2e, 0x00, 0x00, 0x88, 0x2f, 0x00, 0x00, 0x88,
0x30, 0x00, 0x00, 0x88, 0x31, 0x00, 0x00, 0x88, 0x32, 0x00, 0x00, 0x88, 0x33, 0x00, 0x00,
0x88, 0x34, 0x00, 0x00, 0x88, 0x35, 0x00, 0x00, 0x88, 0x36, 0x00, 0x00, 0x88, 0x37, 0x00,
0x00, 0x88, 0x38, 0x00, 0x00, 0x88, 0x39, 0x00, 0x00, 0x88, 0x3a, 0x00, 0x00, 0x88, 0x3b,
0x00, 0x00, 0x88, 0x3c, 0x00, 0x00, 0x88, 0x3d, 0x00, 0x00, 0x88, 0x3e, 0x00, 0x00, 0x88,
0x3f, 0x00, 0x00, 0x88, 0x40, 0x00, 0x00, 0x88, 0x02, 0x00, 0x00, 0x90, 0x03, 0x00, 0x00,
0x90, 0x04, 0x00, 0x00, 0x90, 0x41, 0x00, 0x00, 0x88, 0x42, 0x00, 0x00, 0x88, 0x43, 0x00,
0x00, 0x88, 0x44, 0x00, 0x00, 0x88, 0x45, 0x00, 0x00, 0x88, 0x46, 0x00, 0x00, 0x88, 0x47,
0x00, 0x00, 0x88, 0x48, 0x00, 0x00, 0x88, 0x49, 0x00, 0x00, 0x88, 0x4a, 0x00, 0x00, 0x88,
0x4b, 0x00, 0x00, 0x88, 0x4c, 0x00, 0x00, 0x88, 0x4d, 0x00, 0x00, 0x88, 0x4e, 0x00, 0x00,
0x88, 0x4f, 0x00, 0x00, 0x88, 0x50, 0x00, 0x00, 0x88, 0x51, 0x00, 0x00, 0x88, 0x52, 0x00,
0x00, 0x88, 0x53, 0x00, 0x00, 0x88, 0x54, 0x00, 0x00, 0x88, 0x55, 0x00, 0x00, 0x88, 0x56,
0x00, 0x00, 0x88, 0x57, 0x00, 0x00, 0x88, 0x58, 0x00, 0x00, 0x88, 0x59, 0x00, 0x00, 0x88,
0x05, 0x00, 0x00, 0x90, 0x5a, 0x00, 0x00, 0x88, 0x5b, 0x00, 0x00, 0x88, 0x5c, 0x00, 0x00,
0x88, 0x06, 0x00, 0x00, 0x90, 0x07, 0x00, 0x00, 0x90, 0x5d, 0x00, 0x00, 0x88, 0x5e, 0x00,
0x00, 0x88, 0x5f, 0x00, 0x00, 0x88, 0x60, 0x00, 0x00, 0x88, 0x61, 0x00, 0x00, 0x88, 0x5f,
0x00, 0x00, 0x80, 0x60, 0x00, 0x00, 0x80, 0x31, 0x00, 0x00, 0x78, 0x1a, 0x00, 0x00, 0x70,
0x1b, 0x00, 0x00, 0x70, 0x0f, 0x00, 0x00, 0x68, 0x10, 0x00, 0x00, 0x68, 0x09, 0x00, 0x00,
0x60, 0x0a, 0x00, 0x00, 0x60, 0x07, 0x00, 0x00, 0x58, 0x05, 0x00, 0x00, 0x50, 0x06, 0x00,
0x00, 0x50, 0x04, 0x00, 0x00, 0x48, 0x05, 0x00, 0x00, 0x48, 0x04, 0x00, 0x00, 0x40, 0x05,
0x00, 0x00, 0x40, 0x04, 0x00, 0x00, 0x38, 0x05, 0x00, 0x00, 0x38, 0x04, 0x00, 0x00, 0x30,
0x05, 0x00, 0x00, 0x30, 0x06, 0x00, 0x00, 0x30, 0x05, 0x00, 0x00, 0x28, 0x06, 0x00, 0x00,
0x28, 0x07, 0x00, 0x00, 0x28, 0x08, 0x00, 0x00, 0x28, 0x06, 0x00, 0x00, 0x20, 0x07, 0x00,
0x00, 0x20, 0x08, 0x00, 0x00, 0x20, 0x09, 0x00, 0x00, 0x20, 0x0a, 0x00, 0x00, 0x20, 0x0b,
0x00, 0x00, 0x20, 0x0c, 0x00, 0x00, 0x20, 0x0d, 0x00, 0x00, 0x20, 0x0e, 0x00, 0x00, 0x20,
0x0f, 0x00, 0x00, 0x20, 0x09, 0x00, 0x00, 0x28, 0x0a, 0x00, 0x00, 0x28, 0x0b, 0x00, 0x00,
0x28, 0x07, 0x00, 0x00, 0x30, 0x08, 0x00, 0x00, 0x30, 0x09, 0x00, 0x00, 0x30, 0x06, 0x00,
0x00, 0x38, 0x07, 0x00, 0x00, 0x38, 0x06, 0x00, 0x00, 0x40, 0x07, 0x00, 0x00, 0x40, 0x06,
0x00, 0x00, 0x48, 0x07, 0x00, 0x00, 0x48, 0x07, 0x00, 0x00, 0x50, 0x08, 0x00, 0x00, 0x58,
0x09, 0x00, 0x00, 0x58, 0x0b, 0x00, 0x00, 0x60, 0x0c, 0x00, 0x00, 0x60, 0x0d, 0x00, 0x00,
0x60, 0x11, 0x00, 0x00, 0x68, 0x1c, 0x00, 0x00, 0x70, 0x1d, 0x00, 0x00, 0x70, 0x32, 0x00,
0x00, 0x78, 0x33, 0x00, 0x00, 0x78, 0x61, 0x00, 0x00, 0x80, 0x62, 0x00, 0x00, 0x88, 0x63,
0x00, 0x00, 0x88, 0x64, 0x00, 0x00, 0x88, 0x65, 0x00, 0x00, 0x88, 0x66, 0x00, 0x00, 0x88,
0x67, 0x00, 0x00, 0x88, 0x68, 0x00, 0x00, 0x88, 0x69, 0x00, 0x00, 0x88, 0x6a, 0x00, 0x00,
0x88, 0x6b, 0x00, 0x00, 0x88, 0x6c, 0x00, 0x00, 0x88, 0x6d, 0x00, 0x00, 0x88, 0x6e, 0x00,
0x00, 0x88, 0x6f, 0x00, 0x00, 0x88, 0x70, 0x00, 0x00, 0x88, 0x71, 0x00, 0x00, 0x88, 0x72,
0x00, 0x00, 0x88, 0x73, 0x00, 0x00, 0x88, 0x08, 0x00, 0x00, 0x90, 0x74, 0x00, 0x00, 0x88,
0x75, 0x00, 0x00, 0x88, 0x76, 0x00, 0x00, 0x88, 0x77, 0x00, 0x00, 0x88, 0x78, 0x00, 0x00,
0x88, 0x79, 0x00, 0x00, 0x88, 0x7a, 0x00, 0x00, 0x88, 0x7b, 0x00, 0x00, 0x88, 0x7c, 0x00,
0x00, 0x88, 0x7d, 0x00, 0x00, 0x88, 0x7e, 0x00, 0x00, 0x88, 0x7f, 0x00, 0x00, 0x88, 0x80,
0x00, 0x00, 0x88, 0x81, 0x00, 0x00, 0x88, 0x82, 0x00, 0x00, 0x88, 0x09, 0x00, 0x00, 0x90,
0x83, 0x00, 0x00, 0x88, 0x84, 0x00, 0x00, 0x88, 0x85, 0x00, 0x00, 0x88, 0x0a, 0x00, 0x00,
0x90, 0x86, 0x00, 0x00, 0x88, 0x87, 0x00, 0x00, 0x88, 0x88, 0x00, 0x00, 0x88, 0x89, 0x00,
0x00, 0x88, 0x8a, 0x00, 0x00, 0x88, 0x8b, 0x00, 0x00, 0x88, 0x8c, 0x00, 0x00, 0x88, 0x8d,
0x00, 0x00, 0x88, 0x8e, 0x00, 0x00, 0x88, 0x8f, 0x00, 0x00, 0x88, 0x90, 0x00, 0x00, 0x88,
0x91, 0x00, 0x00, 0x88, 0x92, 0x00, 0x00, 0x88, 0x0b, 0x00, 0x00, 0x90, 0x93, 0x00, 0x00,
0x88, 0x94, 0x00, 0x00, 0x88, 0x95, 0x00, 0x00, 0x88, 0x96, 0x00, 0x00, 0x88, 0x97, 0x00,
0x00, 0x88, 0x98, 0x00, 0x00, 0x88, 0x99, 0x00, 0x00, 0x88, 0x9a, 0x00, 0x00, 0x88, 0x9b,
0x00, 0x00, 0x88, 0x9c, 0x00, 0x00, 0x88, 0x9d, 0x00, 0x00, 0x88, 0x9e, 0x00, 0x00, 0x88,
0x9f, 0x00, 0x00, 0x88, 0xa0, 0x00, 0x00, 0x88, 0xa1, 0x00, 0x00, 0x88, 0xa2, 0x00, 0x00,
0x88, 0xa3, 0x00, 0x00, 0x88, 0xa4, 0x00, 0x00, 0x88, 0xa5, 0x00, 0x00, 0x88, 0xa6, 0x00,
0x00, 0x88, 0xa7, 0x00, 0x00, 0x88, 0xa8, 0x00, 0x00, 0x88, 0xa9, 0x00, 0x00, 0x88, 0xaa,
0x00, 0x00, 0x88, 0xab, 0x00, 0x00, 0x88, 0xac, 0x00, 0x00, 0x88, 0xad, 0x00, 0x00, 0x88,
0xae, 0x00, 0x00, 0x88, 0xaf, 0x00, 0x00, 0x88, 0xb0, 0x00, 0x00, 0x88, 0x0c, 0x00, 0x00,
0x90, 0xb1, 0x00, 0x00, 0x88, 0xb2, 0x00, 0x00, 0x88, 0xb3, 0x00, 0x00, 0x88, 0xb4, 0x00,
0x00, 0x88, 0xb5, 0x00, 0x00, 0x88, 0xb6, 0x00, 0x00, 0x88, 0xb7, 0x00, 0x00, 0x88, 0xb8,
0x00, 0x00, 0x88, 0xb9, 0x00, 0x00, 0x88, 0x0d, 0x00, 0x00, 0x90, 0xba, 0x00, 0x00, 0x88,
0xbb, 0x00, 0x00, 0x88, 0xbc, 0x00, 0x00, 0x88, 0xbd, 0x00, 0x00, 0x88, 0x01, 0x00, 0x00,
0x88, 0x02, 0x00, 0x00, 0x88, 0x03, 0x00, 0x00, 0x88, 0x04, 0x00, 0x00, 0x88, 0x05, 0x00,
0x00, 0x88, 0x06, 0x00, 0x00, 0x88, 0x07, 0x00, 0x00, 0x88, 0x08, 0x00, 0x00, 0x88, 0x09,
0x00, 0x00, 0x88, 0x0a, 0x00, 0x00, 0x88, 0x0b, 0x00, 0x00, 0x88, 0x0c, 0x00, 0x00, 0x88,
0x0d, 0x00, 0x00, 0x88, 0x0e, 0x00, 0x00, 0x88, 0x0f, 0x00, 0x00, 0x88, 0x10, 0x00, 0x00,
0x88, 0x11, 0x00, 0x00, 0x88, 0x12, 0x00, 0x00, 0x88, 0x13, 0x00, 0x00, 0x88, 0x14, 0x00,
0x00, 0x88, 0x15, 0x00, 0x00, 0x88, 0x16, 0x00, 0x00, 0x88, 0x17, 0x00, 0x00, 0x88, 0x18,
0x00, 0x00, 0x88, 0x19, 0x00, 0x00, 0x88, 0x1a, 0x00, 0x00, 0x88, 0x1b, 0x00, 0x00, 0x88,
0x1c, 0x00, 0x00, 0x88, 0x1d, 0x00, 0x00, 0x88, 0x1e, 0x00, 0x00, 0x88, 0x1f, 0x00, 0x00,
0x88, 0x20, 0x00, 0x00, 0x88, 0x21, 0x00, 0x00, 0x88, 0x22, 0x00, 0x00, 0x88, 0x23, 0x00,
0x00, 0x88, 0x24, 0x00, 0x00, 0x88, 0x25, 0x00, 0x00, 0x88, 0x26, 0x00, 0x00, 0x88, 0x27,
0x00, 0x00, 0x88, 0x28, 0x00, 0x00, 0x88, 0x29, 0x00, 0x00, 0x88, 0x2a, 0x00, 0x00, 0x88,
0x2b, 0x00, 0x00, 0x88, 0x2c, 0x00, 0x00, 0x88, 0x2d, 0x00, 0x00, 0x88, 0x2e, 0x00, 0x00,
0x88, 0x2f, 0x00, 0x00, 0x88, 0x30, 0x00, 0x00, 0x88, 0x31, 0x00, 0x00, 0x88, 0x32, 0x00,
0x00, 0x88, 0x33, 0x00, 0x00, 0x88, 0x34, 0x00, 0x00, 0x88, 0x35, 0x00, 0x00, 0x88, 0x36,
0x00, 0x00, 0x88, 0x37, 0x00, 0x00, 0x88, 0x38, 0x00, 0x00, 0x88, 0x39, 0x00, 0x00, 0x88,
0x3a, 0x00, 0x00, 0x88, 0x3b, 0x00, 0x00, 0x88, 0x3c, 0x00, 0x00, 0x88, 0x3d, 0x00, 0x00,
0x88, 0x3e, 0x00, 0x00, 0x88, 0x00, 0x00, 0x00, 0x90, 0x3f, 0x00, 0x00, 0x88, 0x40, 0x00,
0x00, 0x88, 0x41, 0x00, 0x00, 0x88, 0x42, 0x00, 0x00, 0x88, 0x43, 0x00, 0x00, 0x88, 0x44,
0x00, 0x00, 0x88, 0x45, 0x00, 0x00, 0x88, 0x46, 0x00, 0x00, 0x88, 0x47, 0x00, 0x00, 0x88,
0x48, 0x00, 0x00, 0x88, 0x49, 0x00, 0x00, 0x88, 0x4a, 0x00, 0x00, 0x88, 0x4b, 0x00, 0x00,
0x88, 0x4c, 0x00, 0x00, 0x88, 0x4d, 0x00, 0x00, 0x88, 0x4e, 0x00, 0x00, 0x88, 0x4f, 0x00,
0x00, 0x88, 0x50, 0x00, 0x00, 0x88, 0x51, 0x00, 0x00, 0x88, 0x52, 0x00, 0x00, 0x88, 0x53,
0x00, 0x00, 0x88, 0x54, 0x00, 0x00, 0x88, 0x55, 0x00, 0x00, 0x88, 0x56, 0x00, 0x00, 0x88,
0x57, 0x00, 0x00, 0x88, 0x58, 0x00, 0x00, 0x88, 0x59, 0x00, 0x00, 0x88, 0x5a, 0x00, 0x00,
0x88, 0x5b, 0x00, 0x00, 0x88, 0x5c, 0x00, 0x00, 0x88, 0x5d, 0x00, 0x00, 0x88, 0x5e, 0x00,
0x00, 0x88, 0x5f, 0x00, 0x00, 0x88, 0x60, 0x00, 0x00, 0x88, 0x60, 0x00, 0x00, 0x80, 0x61,
0x00, 0x00, 0x80, 0x32, 0x00, 0x00, 0x78, 0x1a, 0x00, 0x00, 0x70, 0x1b, 0x00, 0x00, 0x70,
0x0f, 0x00, 0x00, 0x68, 0x10, 0x00, 0x00, 0x68, 0x09, 0x00, 0x00, 0x60, 0x0a, 0x00, 0x00,
0x60, 0x07, 0x00, 0x00, 0x58, 0x08, 0x00, 0x00, 0x58, 0x05, 0x00, 0x00, 0x50, 0x04, 0x00,
0x00, 0x48, 0x05, 0x00, 0x00, 0x48, 0x04, 0x00, 0x00, 0x40, 0x05, 0x00, 0x00, 0x40, 0x06,
0x00, 0x00, 0x40, 0x05, 0x00, 0x00, 0x38, 0x06, 0x00, 0x00, 0x38, 0x07, 0x00, 0x00, 0x38,
0x05, 0x00, 0x00, 0x30, 0x06, 0x00, 0x00, 0x30, 0x07, 0x00, 0x00, 0x30, 0x06, 0x00, 0x00,
0x28, 0x07, 0x00, 0x00, 0x28, 0x08, 0x00, 0x00, 0x28, 0x09, 0x00, 0x00, 0x28, 0x07, 0x00,
0x00, 0x20, 0x08, 0x00, 0x00, 0x20, 0x09, 0x00, 0x00, 0x20, 0x0a, 0x00, 0x00, 0x20, 0x0b,
0x00, 0x00, 0x20, 0x0c, 0x00, 0x00, 0x20, 0x0d, 0x00, 0x00, 0x20, 0x0e, 0x00, 0x00, 0x20,
0x0f, 0x00, 0x00, 0x20, 0x0a, 0x00, 0x00, 0x28, 0x0b, 0x00, 0x00, 0x28, 0x0c, 0x00, 0x00,
0x28, 0x0d, 0x00, 0x00, 0x28, 0x08, 0x00, 0x00, 0x30, 0x09, 0x00, 0x00, 0x30, 0x0a, 0x00,
0x00, 0x30, 0x0b, 0x00, 0x00, 0x30, 0x08, 0x00, 0x00, 0x38, 0x09, 0x00, 0x00, 0x38, 0x07,
0x00, 0x00, 0x40, 0x08, 0x00, 0x00, 0x40, 0x09, 0x00, 0x00, 0x40, 0x06, 0x00, 0x00, 0x48,
0x07, 0x00, 0x00, 0x48, 0x06, 0x00, 0x00, 0x50, 0x07, 0x00, 0x00, 0x50, 0x09, 0x00, 0x00,
0x58, 0x0b, 0x00, 0x00, 0x60, 0x0c, 0x00, 0x00, 0x60, 0x0d, 0x00, 0x00, 0x60, 0x11, 0x00,
0x00, 0x68, 0x1c, 0x00, 0x00, 0x70, 0x1d, 0x00, 0x00, 0x70, 0x33, 0x00, 0x00, 0x78, 0x62,
0x00, 0x00, 0x80, 0x63, 0x00, 0x00, 0x80, 0x61, 0x00, 0x00, 0x88, 0x62, 0x00, 0x00, 0x88,
0x63, 0x00, 0x00, 0x88, 0x64, 0x00, 0x00, 0x88, 0x65, 0x00, 0x00, 0x88, 0x66, 0x00, 0x00,
0x88, 0x67, 0x00, 0x00, 0x88, 0x68, 0x00, 0x00, 0x88, 0x69, 0x00, 0x00, 0x88, 0x6a, 0x00,
0x00, 0x88, 0x6b, 0x00, 0x00, 0x88, 0x6c, 0x00, 0x00, 0x88, 0x6d, 0x00, 0x00, 0x88, 0x6e,
0x00, 0x00, 0x88, 0x6f, 0x00, 0x00, 0x88, 0x70, 0x00, 0x00, 0x88, 0x71, 0x00, 0x00, 0x88,
0x72, 0x00, 0x00, 0x88, 0x73, 0x00, 0x00, 0x88, 0x74, 0x00, 0x00, 0x88, 0x75, 0x00, 0x00,
0x88, 0x76, 0x00, 0x00, 0x88, 0x77, 0x00, 0x00, 0x88, 0x78, 0x00, 0x00, 0x88, 0x79, 0x00,
0x00, 0x88, 0x7a, 0x00, 0x00, 0x88, 0x7b, 0x00, 0x00, 0x88, 0x7c, 0x00, 0x00, 0x88, 0x7d,
0x00, 0x00, 0x88, 0x7e, 0x00, 0x00, 0x88, 0x7f, 0x00, 0x00, 0x88, 0x80, 0x00, 0x00, 0x88,
0x81, 0x00, 0x00, 0x88, 0x82, 0x00, 0x00, 0x88, 0x83, 0x00, 0x00, 0x88, 0x84, 0x00, 0x00,
0x88, 0x85, 0x00, 0x00, 0x88, 0x86, 0x00, 0x00, 0x88, 0x87, 0x00, 0x00, 0x88, 0x88, 0x00,
0x00, 0x88, 0x89, 0x00, 0x00, 0x88, 0x8a, 0x00, 0x00, 0x88, 0x8b, 0x00, 0x00, 0x88, 0x8c,
0x00, 0x00, 0x88, 0x8d, 0x00, 0x00, 0x88, 0x8e, 0x00, 0x00, 0x88, 0x8f, 0x00, 0x00, 0x88,
0x90, 0x00, 0x00, 0x88, 0x91, 0x00, 0x00, 0x88, 0x92, 0x00, 0x00, 0x88, 0x93, 0x00, 0x00,
0x88, 0x94, 0x00, 0x00, 0x88, 0x95, 0x00, 0x00, 0x88, 0x96, 0x00, 0x00, 0x88, 0x97, 0x00,
0x00, 0x88, 0x98, 0x00, 0x00, 0x88, 0x99, 0x00, 0x00, 0x88, 0x9a, 0x00, 0x00, 0x88, 0x9b,
0x00, 0x00, 0x88, 0x9c, 0x00, 0x00, 0x88, 0x9d, 0x00, 0x00, 0x88, 0x9e, 0x00, 0x00, 0x88,
0x9f, 0x00, 0x00, 0x88, 0xa0, 0x00, 0x00, 0x88, 0xa1, 0x00, 0x00, 0x88, 0xa2, 0x00, 0x00,
0x88, 0xa3, 0x00, 0x00, 0x88, 0xa4, 0x00, 0x00, 0x88, 0xa5, 0x00, 0x00, 0x88, 0xa6, 0x00,
0x00, 0x88, 0xa7, 0x00, 0x00, 0x88, 0xa8, 0x00, 0x00, 0x88, 0xa9, 0x00, 0x00, 0x88, 0xaa,
0x00, 0x00, 0x88, 0xab, 0x00, 0x00, 0x88, 0xac, 0x00, 0x00, 0x88, 0xad, 0x00, 0x00, 0x88,
0xae, 0x00, 0x00, 0x88, 0xaf, 0x00, 0x00, 0x88, 0xb0, 0x00, 0x00, 0x88, 0xb1, 0x00, 0x00,
0x88, 0xb2, 0x00, 0x00, 0x88, 0xb3, 0x00, 0x00, 0x88, 0xb4, 0x00, 0x00, 0x88, 0xb5, 0x00,
0x00, 0x88, 0xb6, 0x00, 0x00, 0x88, 0xb7, 0x00, 0x00, 0x88, 0xb8, 0x00, 0x00, 0x88, 0xb9,
0x00, 0x00, 0x88, 0xba, 0x00, 0x00, 0x88, 0xbb, 0x00, 0x00, 0x88, 0x01, 0x00, 0x00, 0x90,
0xbc, 0x00, 0x00, 0x88, 0xbd, 0x00, 0x00, 0x88, 0xbe, 0x00, 0x00, 0x88, 0xbf, 0x00, 0x00,
0x88, 0x00, 0x00, 0x00, 0x88, 0x01, 0x00, 0x00, 0x88, 0x02, 0x00, 0x00, 0x88, 0x03, 0x00,
0x00, 0x88, 0x04, 0x00, 0x00, 0x88, 0x05, 0x00, 0x00, 0x88, 0x06, 0x00, 0x00, 0x88, 0x07,
0x00, 0x00, 0x88, 0x08, 0x00, 0x00, 0x88, 0x09, 0x00, 0x00, 0x88, 0x0a, 0x00, 0x00, 0x88,
0x0b, 0x00, 0x00, 0x88, 0x0c, 0x00, 0x00, 0x88, 0x0d, 0x00, 0x00, 0x88, 0x0e, 0x00, 0x00,
0x88, 0x0f, 0x00, 0x00, 0x88, 0x10, 0x00, 0x00, 0x88, 0x11, 0x00, 0x00, 0x88, 0x12, 0x00,
0x00, 0x88, 0x13, 0x00, 0x00, 0x88, 0x14, 0x00, 0x00, 0x88, 0x15, 0x00, 0x00, 0x88, 0x16,
0x00, 0x00, 0x88, 0x17, 0x00, 0x00, 0x88, 0x18, 0x00, 0x00, 0x88, 0x19, 0x00, 0x00, 0x88,
0x1a, 0x00, 0x00, 0x88, 0x1b, 0x00, 0x00, 0x88, 0x1c, 0x00, 0x00, 0x88, 0x1d, 0x00, 0x00,
0x88, 0x1e, 0x00, 0x00, 0x88, 0x1f, 0x00, 0x00, 0x88, 0x20, 0x00, 0x00, 0x88, 0x21, 0x00,
0x00, 0x88, 0x22, 0x00, 0x00, 0x88, 0x23, 0x00, 0x00, 0x88, 0x24, 0x00, 0x00, 0x88, 0x25,
0x00, 0x00, 0x88, 0x26, 0x00, 0x00, 0x88, 0x27, 0x00, 0x00, 0x88, 0x28, 0x00, 0x00, 0x88,
0x29, 0x00, 0x00, 0x88, 0x2a, 0x00, 0x00, 0x88, 0x2b, 0x00, 0x00, 0x88, 0x2c, 0x00, 0x00,
0x88, 0x2d, 0x00, 0x00, 0x88, 0x2e, 0x00, 0x00, 0x88, 0x2f, 0x00, 0x00, 0x88, 0x30, 0x00,
0x00, 0x88, 0x31, 0x00, 0x00, 0x88, 0x32, 0x00, 0x00, 0x88, 0x33, 0x00, 0x00, 0x88, 0x34,
0x00, 0x00, 0x88, 0x35, 0x00, 0x00, 0x88, 0x36, 0x00, 0x00, 0x88, 0x37, 0x00, 0x00, 0x88,
0x38, 0x00, 0x00, 0x88, 0x39, 0x00, 0x00, 0x88, 0x3a, 0x00, 0x00, 0x88, 0x3b, 0x00, 0x00,
0x88, 0x3c, 0x00, 0x00, 0x88, 0x3d, 0x00, 0x00, 0x88, 0x3e, 0x00, 0x00, 0x88, 0x3f, 0x00,
0x00, 0x88, 0x40, 0x00, 0x00, 0x88, 0x41, 0x00, 0x00, 0x88, 0x42, 0x00, 0x00, 0x88, 0x43,
0x00, 0x00, 0x88, 0x44, 0x00, 0x00, 0x88, 0x45, 0x00, 0x00, 0x88, 0x46, 0x00, 0x00, 0x88,
0x47, 0x00, 0x00, 0x88, 0x48, 0x00, 0x00, 0x88, 0x49, 0x00, 0x00, 0x88, 0x4a, 0x00, 0x00,
0x88, 0x4b, 0x00, 0x00, 0x88, 0x4c, 0x00, 0x00, 0x88, 0x4d, 0x00, 0x00, 0x88, 0x4e, 0x00,
0x00, 0x88, 0x4f, 0x00, 0x00, 0x88, 0x50, 0x00, 0x00, 0x88, 0x51, 0x00, 0x00, 0x88, 0x52,
0x00, 0x00, 0x88, 0x53, 0x00, 0x00, 0x88, 0x54, 0x00, 0x00, 0x88, 0x55, 0x00, 0x00, 0x88,
0x56, 0x00, 0x00, 0x88, 0x57, 0x00, 0x00, 0x88, 0x58, 0x00, 0x00, 0x88, 0x59, 0x00, 0x00,
0x88, 0x5a, 0x00, 0x00, 0x88, 0x5b, 0x00, 0x00, 0x88, 0x5c, 0x00, 0x00, 0x88, 0x5d, 0x00,
0x00, 0x88, 0x5e, 0x00, 0x00, 0x88, 0x5f, 0x00, 0x00, 0x88, 0x5f, 0x00, 0x00, 0x80, 0x31,
0x00, 0x00, 0x78, 0x1a, 0x00, 0x00, 0x70, 0x1b, 0x00, 0x00, 0x70, 0x1c, 0x00, 0x00, 0x70,
0x0f, 0x00, 0x00, 0x68, 0x09, 0x00, 0x00, 0x60, 0x0a, 0x00, 0x00, 0x60, 0x07, 0x00, 0x00,
0x58, 0x08, 0x00, 0x00, 0x58, 0x09, 0x00, 0x00, 0x58, 0x06, 0x00, 0x00, 0x50, 0x07, 0x00,
0x00, 0x50, 0x05, 0x00, 0x00, 0x48, 0x06, 0x00, 0x00, 0x48, 0x05, 0x00, 0x00, 0x40, 0x06,
0x00, 0x00, 0x40, 0x07, 0x00, 0x00, 0x40, 0x05, 0x00, 0x00, 0x38, 0x06, 0x00, 0x00, 0x38,
0x05, 0x00, 0x00, 0x30, 0x06, 0x00, 0x00, 0x30, 0x07, 0x00, 0x00, 0x30, 0x08, 0x00, 0x00,
0x30, 0x06, 0x00, 0x00, 0x28, 0x07, 0x00, 0x00, 0x28, 0x08, 0x00, 0x00, 0x28, 0x09, 0x00,
0x00, 0x28, 0x07, 0x00, 0x00, 0x20, 0x08, 0x00, 0x00, 0x20, 0x09, 0x00, 0x00, 0x20, 0x0a,
0x00, 0x00, 0x20, 0x0b, 0x00, 0x00, 0x20, 0x0c, 0x00, 0x00, 0x20, 0x0d, 0x00, 0x00, 0x20,
0x0e, 0x00, 0x00, 0x20, 0x0f, 0x00, 0x00, 0x20, 0x0a, 0x00, 0x00, 0x28, 0x0b, 0x00, 0x00,
0x28, 0x0c, 0x00, 0x00, 0x28, 0x0d, 0x00, 0x00, 0x28, 0x09, 0x00, 0x00, 0x30, 0x0a, 0x00,
0x00, 0x30, 0x0b, 0x00, 0x00, 0x30, 0x07, 0x00, 0x00, 0x38, 0x08, 0x00, 0x00, 0x38, 0x09,
0x00, 0x00, 0x38, 0x08, 0x00, 0x00, 0x40, 0x09, 0x00, 0x00, 0x40, 0x07, 0x00, 0x00, 0x48,
0x08, 0x00, 0x00, 0x48, 0x09, 0x00, 0x00, 0x48, 0x08, 0x00, 0x00, 0x50, 0x09, 0x00, 0x00,
0x50, 0x0a, 0x00, 0x00, 0x58, 0x0b, 0x00, 0x00, 0x58, 0x0b, 0x00, 0x00, 0x60, 0x0c, 0x00,
0x00, 0x60, 0x0d, 0x00, 0x00, 0x60, 0x10, 0x00, 0x00, 0x68, 0x11, 0x00, 0x00, 0x68, 0x1d,
0x00, 0x00, 0x70, 0x32, 0x00, 0x00, 0x78, 0x33, 0x00, 0x00, 0x78, 0x60, 0x00, 0x00, 0x80,
0x60, 0x00, 0x00, 0x88, 0x61, 0x00, 0x00, 0x88, 0x62, 0x00, 0x00, 0x88, 0x63, 0x00, 0x00,
0x88, 0x64, 0x00, 0x00, 0x88, 0x65, 0x00, 0x00, 0x88, 0x66, 0x00, 0x00, 0x88, 0x67, 0x00,
0x00, 0x88, 0x68, 0x00, 0x00, 0x88, 0x69, 0x00, 0x00, 0x88, 0x6a, 0x00, 0x00, 0x88, 0x6b,
0x00, 0x00, 0x88, 0x6c, 0x00, 0x00, 0x88, 0x6d, 0x00, 0x00, 0x88, 0x6e, 0x00, 0x00, 0x88,
0x6f, 0x00, 0x00, 0x88, 0x70, 0x00, 0x00, 0x88, 0x71, 0x00, 0x00, 0x88, 0x72, 0x00, 0x00,
0x88, 0x73, 0x00, 0x00, 0x88, 0x74, 0x00, 0x00, 0x88, 0x75, 0x00, 0x00, 0x88, 0x76, 0x00,
0x00, 0x88, 0x77, 0x00, 0x00, 0x88, 0x78, 0x00, 0x00, 0x88, 0x79, 0x00, 0x00, 0x88, 0x7a,
0x00, 0x00, 0x88, 0x7b, 0x00, 0x00, 0x88, 0x7c, 0x00, 0x00, 0x88, 0x7d, 0x00, 0x00, 0x88,
0x7e, 0x00, 0x00, 0x88, 0x7f, 0x00, 0x00, 0x88, 0x80, 0x00, 0x00, 0x88, 0x81, 0x00, 0x00,
0x88, 0x82, 0x00, 0x00, 0x88, 0x83, 0x00, 0x00, 0x88, 0x84, 0x00, 0x00, 0x88, 0x85, 0x00,
0x00, 0x88, 0x86, 0x00, 0x00, 0x88, 0x87, 0x00, 0x00, 0x88, 0x88, 0x00, 0x00, 0x88, 0x89,
0x00, 0x00, 0x88, 0x8a, 0x00, 0x00, 0x88, 0x8b, 0x00, 0x00, 0x88, 0x8c, 0x00, 0x00, 0x88,
0x8d, 0x00, 0x00, 0x88, 0x8e, 0x00, 0x00, 0x88, 0x8f, 0x00, 0x00, 0x88, 0x90, 0x00, 0x00,
0x88, 0x91, 0x00, 0x00, 0x88, 0x92, 0x00, 0x00, 0x88, 0x93, 0x00, 0x00, 0x88, 0x94, 0x00,
0x00, 0x88, 0x95, 0x00, 0x00, 0x88, 0x96, 0x00, 0x00, 0x88, 0x97, 0x00, 0x00, 0x88, 0x98,
0x00, 0x00, 0x88, 0x99, 0x00, 0x00, 0x88, 0x9a, 0x00, 0x00, 0x88, 0x9b, 0x00, 0x00, 0x88,
0x9c, 0x00, 0x00, 0x88, 0x9d, 0x00, 0x00, 0x88, 0x9e, 0x00, 0x00, 0x88, 0x9f, 0x00, 0x00,
0x88, 0xa0, 0x00, 0x00, 0x88, 0xa1, 0x00, 0x00, 0x88, 0xa2, 0x00, 0x00, 0x88, 0xa3, 0x00,
0x00, 0x88, 0xa4, 0x00, 0x00, 0x88, 0xa5, 0x00, 0x00, 0x88, 0xa6, 0x00, 0x00, 0x88, 0xa7,
0x00, 0x00, 0x88, 0xa8, 0x00, 0x00, 0x88, 0xa9, 0x00, 0x00, 0x88, 0xaa, 0x00, 0x00, 0x88,
0xab, 0x00, 0x00, 0x88, 0xac, 0x00, 0x00, 0x88, 0xad, 0x00, 0x00, 0x88, 0xae, 0x00, 0x00,
0x88, 0xaf, 0x00, 0x00, 0x88, 0xb0, 0x00, 0x00, 0x88, 0xb1, 0x00, 0x00, 0x88, 0xb2, 0x00,
0x00, 0x88, 0xb3, 0x00, 0x00, 0x88, 0xb4, 0x00, 0x00, 0x88, 0xb5, 0x00, 0x00, 0x88, 0xb6,
0x00, 0x00, 0x88, 0xb7, 0x00, 0x00, 0x88, 0xb8, 0x00, 0x00, 0x88, 0xb9, 0x00, 0x00, 0x88,
0xba, 0x00, 0x00, 0x88, 0xbb, 0x00, 0x00, 0x88, 0x61, 0x00, 0x00, 0x80, 0xbc, 0x00, 0x00,
0x88, 0xbd, 0x00, 0x00, 0x88, 0x00, 0x00, 0x00, 0x88, 0x01, 0x00, 0x00, 0x88, 0x02, 0x00,
0x00, 0x88, 0x03, 0x00, 0x00, 0x88, 0x04, 0x00, 0x00, 0x88, 0x05, 0x00, 0x00, 0x88, 0x06,
0x00, 0x00, 0x88, 0x07, 0x00, 0x00, 0x88, 0x08, 0x00, 0x00, 0x88, 0x09, 0x00, 0x00, 0x88,
0x0a, 0x00, 0x00, 0x88, 0x0b, 0x00, 0x00, 0x88, 0x0c, 0x00, 0x00, 0x88, 0x0d, 0x00, 0x00,
0x88, 0x0e, 0x00, 0x00, 0x88, 0x0f, 0x00, 0x00, 0x88, 0x10, 0x00, 0x00, 0x88, 0x11, 0x00,
0x00, 0x88, 0x12, 0x00, 0x00, 0x88, 0x13, 0x00, 0x00, 0x88, 0x14, 0x00, 0x00, 0x88, 0x15,
0x00, 0x00, 0x88, 0x16, 0x00, 0x00, 0x88, 0x17, 0x00, 0x00, 0x88, 0x18, 0x00, 0x00, 0x88,
0x19, 0x00, 0x00, 0x88, 0x1a, 0x00, 0x00, 0x88, 0x1b, 0x00, 0x00, 0x88, 0x1c, 0x00, 0x00,
0x88, 0x1d, 0x00, 0x00, 0x88, 0x1e, 0x00, 0x00, 0x88, 0x1f, 0x00, 0x00, 0x88, 0x20, 0x00,
0x00, 0x88, 0x21, 0x00, 0x00, 0x88, 0x22, 0x00, 0x00, 0x88, 0x23, 0x00, 0x00, 0x88, 0x24,
0x00, 0x00, 0x88, 0x25, 0x00, 0x00, 0x88, 0x26, 0x00, 0x00, 0x88, 0x27, 0x00, 0x00, 0x88,
0x28, 0x00, 0x00, 0x88, 0x29, 0x00, 0x00, 0x88, 0x2a, 0x00, 0x00, 0x88, 0x2b, 0x00, 0x00,
0x88, 0x2c, 0x00, 0x00, 0x88, 0x2d, 0x00, 0x00, 0x88, 0x2e, 0x00, 0x00, 0x88, 0x2f, 0x00,
0x00, 0x88, 0x30, 0x00, 0x00, 0x88, 0x31, 0x00, 0x00, 0x88, 0x32, 0x00, 0x00, 0x88, 0x33,
0x00, 0x00, 0x88, 0x34, 0x00, 0x00, 0x88, 0x35, 0x00, 0x00, 0x88, 0x36, 0x00, 0x00, 0x88,
0x37, 0x00, 0x00, 0x88, 0x38, 0x00, 0x00, 0x88, 0x39, 0x00, 0x00, 0x88, 0x3a, 0x00, 0x00,
0x88, 0x3b, 0x00, 0x00, 0x88, 0x3c, 0x00, 0x00, 0x88, 0x3d, 0x00, 0x00, 0x88, 0x3e, 0x00,
0x00, 0x88, 0x3f, 0x00, 0x00, 0x88, 0x40, 0x00, 0x00, 0x88, 0x41, 0x00, 0x00, 0x88, 0x42,
0x00, 0x00, 0x88, 0x43, 0x00, 0x00, 0x88, 0x44, 0x00, 0x00, 0x88, 0x45, 0x00, 0x00, 0x88,
0x46, 0x00, 0x00, 0x88, 0x47, 0x00, 0x00, 0x88, 0x48, 0x00, 0x00, 0x88, 0x49, 0x00, 0x00,
0x88, 0x4a, 0x00, 0x00, 0x88, 0x4b, 0x00, 0x00, 0x88, 0x4c, 0x00, 0x00, 0x88, 0x4d, 0x00,
0x00, 0x88, 0x4e, 0x00, 0x00, 0x88, 0x4f, 0x00, 0x00, 0x88, 0x50, 0x00, 0x00, 0x88, 0x51,
0x00, 0x00, 0x88, 0x52, 0x00, 0x00, 0x88, 0x53, 0x00, 0x00, 0x88, 0x54, 0x00, 0x00, 0x88,
0x55, 0x00, 0x00, 0x88, 0x56, 0x00, 0x00, 0x88, 0x57, 0x00, 0x00, 0x88, 0x58, 0x00, 0x00,
0x88, 0x59, 0x00, 0x00, 0x88, 0x5a, 0x00, 0x00, 0x88, 0x5b, 0x00, 0x00, 0x88, 0x5c, 0x00,
0x00, 0x88, 0x5d, 0x00, 0x00, 0x88, 0x5e, 0x00, 0x00, 0x88, 0x5e, 0x00, 0x00, 0x80, 0x5f,
0x00, 0x00, 0x80, 0x31, 0x00, 0x00, 0x78, 0x1a, 0x00, 0x00, 0x70, 0x1b, 0x00, 0x00, 0x70,
0x0f, 0x00, 0x00, 0x68, 0x10, 0x00, 0x00, 0x68, 0x11, 0x00, 0x00, 0x68, 0x0a, 0x00, 0x00,
0x60, 0x07, 0x00, 0x00, 0x58, 0x08, 0x00, 0x00, 0x58, 0x05, 0x00, 0x00, 0x50, 0x06, 0x00,
0x00, 0x50, 0x05, 0x00, 0x00, 0x48, 0x06, 0x00, 0x00, 0x48, 0x07, 0x00, 0x00, 0x48, 0x05,
0x00, 0x00, 0x40, 0x06, 0x00, 0x00, 0x40, 0x07, 0x00, 0x00, 0x40, 0x05, 0x00, 0x00, 0x38,
0x06, 0x00, 0x00, 0x38, 0x07, 0x00, 0x00, 0x38, 0x06, 0x00, 0x00, 0x30, 0x07, 0x00, 0x00,
0x30, 0x08, 0x00, 0x00, 0x30, 0x06, 0x00, 0x00, 0x28, 0x07, 0x00, 0x00, 0x28, 0x08, 0x00,
0x00, 0x28, 0x09, 0x00, 0x00, 0x28, 0x07, 0x00, 0x00, 0x20, 0x08, 0x00, 0x00, 0x20, 0x09,
0x00, 0x00, 0x20, 0x0a, 0x00, 0x00, 0x20, 0x0b, 0x00, 0x00, 0x20, 0x0c, 0x00, 0x00, 0x20,
0x0d, 0x00, 0x00, 0x20, 0x0e, 0x00, 0x00, 0x20, 0x0f, 0x00, 0x00, 0x20, 0x0a, 0x00, 0x00,
0x28, 0x0b, 0x00, 0x00, 0x28, 0x0c, 0x00, 0x00, 0x28, 0x0d, 0x00, 0x00, 0x28, 0x09, 0x00,
0x00, 0x30, 0x0a, 0x00, 0x00, 0x30, 0x0b, 0x00, 0x00, 0x30, 0x08, 0x00, 0x00, 0x38, 0x09,
0x00, 0x00, 0x38, 0x0a, 0x00, 0x00, 0x38, 0x0b, 0x00, 0x00, 0x38, 0x08, 0x00, 0x00, 0x40,
0x09, 0x00, 0x00, 0x40, 0x08, 0x00, 0x00, 0x48, 0x09, 0x00, 0x00, 0x48, 0x07, 0x00, 0x00,
0x50, 0x08, 0x00, 0x00, 0x50, 0x09, 0x00, 0x00, 0x50, 0x09, 0x00, 0x00, 0x58, 0x0b, 0x00,
0x00, 0x60, 0x0c, 0x00, 0x00, 0x60, 0x0d, 0x00, 0x00, 0x60, 0x12, 0x00, 0x00, 0x68, 0x13,
0x00, 0x00, 0x68, 0x1c, 0x00, 0x00, 0x70, 0x1d, 0x00, 0x00, 0x70, 0x32, 0x00, 0x00, 0x78,
0x33, 0x00, 0x00, 0x78, 0x60, 0x00, 0x00, 0x80, 0x61, 0x00, 0x00, 0x80, 0x5f, 0x00, 0x00,
0x88, 0x60, 0x00, 0x00, 0x88, 0x61, 0x00, 0x00, 0x88, 0x62, 0x00, 0x00, 0x88, 0x63, 0x00,
0x00, 0x88, 0x64, 0x00, 0x00, 0x88, 0x65, 0x00, 0x00, 0x88, 0x66, 0x00, 0x00, 0x88, 0x67,
0x00, 0x00, 0x88, 0x68, 0x00, 0x00, 0x88, 0x69, 0x00, 0x00, 0x88, 0x6a, 0x00, 0x00, 0x88,
0x6b, 0x00, 0x00, 0x88, 0x6c, 0x00, 0x00, 0x88, 0x6d, 0x00, 0x00, 0x88, 0x6e, 0x00, 0x00,
0x88, 0x6f, 0x00, 0x00, 0x88, 0x70, 0x00, 0x00, 0x88, 0x71, 0x00, 0x00, 0x88, 0x72, 0x00,
0x00, 0x88, 0x73, 0x00, 0x00, 0x88, 0x74, 0x00, 0x00, 0x88, 0x75, 0x00, 0x00, 0x88, 0x76,
0x00, 0x00, 0x88, 0x77, 0x00, 0x00, 0x88, 0x78, 0x00, 0x00, 0x88, 0x79, 0x00, 0x00, 0x88,
0x7a, 0x00, 0x00, 0x88, 0x7b, 0x00, 0x00, 0x88, 0x7c, 0x00, 0x00, 0x88, 0x7d, 0x00, 0x00,
0x88, 0x7e, 0x00, 0x00, 0x88, 0x7f, 0x00, 0x00, 0x88, 0x80, 0x00, 0x00, 0x88, 0x81, 0x00,
0x00, 0x88, 0x82, 0x00, 0x00, 0x88, 0x83, 0x00, 0x00, 0x88, 0x84, 0x00, 0x00, 0x88, 0x85,
0x00, 0x00, 0x88, 0x86, 0x00, 0x00, 0x88, 0x87, 0x00, 0x00, 0x88, 0x88, 0x00, 0x00, 0x88,
0x89, 0x00, 0x00, 0x88, 0x8a, 0x00, 0x00, 0x88, 0x8b, 0x00, 0x00, 0x88, 0x8c, 0x00, 0x00,
0x88, 0x8d, 0x00, 0x00, 0x88, 0x8e, 0x00, 0x00, 0x88, 0x8f, 0x00, 0x00, 0x88, 0x90, 0x00,
0x00, 0x88, 0x91, 0x00, 0x00, 0x88, 0x92, 0x00, 0x00, 0x88, 0x93, 0x00, 0x00, 0x88, 0x94,
0x00, 0x00, 0x88, 0x95, 0x00, 0x00, 0x88, 0x96, 0x00, 0x00, 0x88, 0x97, 0x00, 0x00, 0x88,
0x98, 0x00, 0x00, 0x88, 0x99, 0x00, 0x00, 0x88, 0x9a, 0x00, 0x00, 0x88, 0x9b, 0x00, 0x00,
0x88, 0x9c, 0x00, 0x00, 0x88, 0x9d, 0x00, 0x00, 0x88, 0x9e, 0x00, 0x00, 0x88, 0x9f, 0x00,
0x00, 0x88, 0xa0, 0x00, 0x00, 0x88, 0xa1, 0x00, 0x00, 0x88, 0xa2, 0x00, 0x00, 0x88, 0xa3,
0x00, 0x00, 0x88, 0xa4, 0x00, 0x00, 0x88, 0xa5, 0x00, 0x00, 0x88, 0xa6, 0x00, 0x00, 0x88,
0xa7, 0x00, 0x00, 0x88, 0xa8, 0x00, 0x00, 0x88, 0xa9, 0x00, 0x00, 0x88, 0xaa, 0x00, 0x00,
0x88, 0xab, 0x00, 0x00, 0x88, 0xac, 0x00, 0x00, 0x88, 0xad, 0x00, 0x00, 0x88, 0xae, 0x00,
0x00, 0x88, 0xaf, 0x00, 0x00, 0x88, 0xb0, 0x00, 0x00, 0x88, 0xb1, 0x00, 0x00, 0x88, 0xb2,
0x00, 0x00, 0x88, 0xb3, 0x00, 0x00, 0x88, 0xb4, 0x00, 0x00, 0x88, 0xb5, 0x00, 0x00, 0x88,
0xb6, 0x00, 0x00, 0x88, 0xb7, 0x00, 0x00, 0x88, 0xb8, 0x00, 0x00, 0x88, 0xb9, 0x00, 0x00,
0x88, 0xba, 0x00, 0x00, 0x88, 0xbb, 0x00, 0x00, 0x88, 0x01, 0x00, 0x00, 0x88, 0x02, 0x00,
0x00, 0x88, 0x03, 0x00, 0x00, 0x88, 0x04, 0x00, 0x00, 0x88, 0x05, 0x00, 0x00, 0x88, 0x06,
0x00, 0x00, 0x88, 0x07, 0x00, 0x00, 0x88, 0x08, 0x00, 0x00, 0x88, 0x09, 0x00, 0x00, 0x88,
0x0a, 0x00, 0x00, 0x88, 0x0b, 0x00, 0x00, 0x88, 0x0c, 0x00, 0x00, 0x88, 0x0d, 0x00, 0x00,
0x88, 0x0e, 0x00, 0x00, 0x88, 0x0f, 0x00, 0x00, 0x88, 0x10, 0x00, 0x00, 0x88, 0x11, 0x00,
0x00, 0x88, 0x12, 0x00, 0x00, 0x88, 0x13, 0x00, 0x00, 0x88, 0x14, 0x00, 0x00, 0x88, 0x15,
0x00, 0x00, 0x88, 0x16, 0x00, 0x00, 0x88, 0x17, 0x00, 0x00, 0x88, 0x18, 0x00, 0x00, 0x88,
0x19, 0x00, 0x00, 0x88, 0x1a, 0x00, 0x00, 0x88, 0x1b, 0x00, 0x00, 0x88, 0x1c, 0x00, 0x00,
0x88, 0x1d, 0x00, 0x00, 0x88, 0x1e, 0x00, 0x00, 0x88, 0x1f, 0x00, 0x00, 0x88, 0x20, 0x00,
0x00, 0x88, 0x21, 0x00, 0x00, 0x88, 0x22, 0x00, 0x00, 0x88, 0x23, 0x00, 0x00, 0x88, 0x24,
0x00, 0x00, 0x88, 0x25, 0x00, 0x00, 0x88, 0x26, 0x00, 0x00, 0x88, 0x27, 0x00, 0x00, 0x88,
0x28, 0x00, 0x00, 0x88, 0x29, 0x00, 0x00, 0x88, 0x2a, 0x00, 0x00, 0x88, 0x2b, 0x00, 0x00,
0x88, 0x2c, 0x00, 0x00, 0x88, 0x2d, 0x00, 0x00, 0x88, 0x2e, 0x00, 0x00, 0x88, 0x2f, 0x00,
0x00, 0x88, 0x30, 0x00, 0x00, 0x88, 0x31, 0x00, 0x00, 0x88, 0x32, 0x00, 0x00, 0x88, 0x33,
0x00, 0x00, 0x88, 0x34, 0x00, 0x00, 0x88, 0x35, 0x00, 0x00, 0x88, 0x36, 0x00, 0x00, 0x88,
0x37, 0x00, 0x00, 0x88, 0x38, 0x00, 0x00, 0x88, 0x39, 0x00, 0x00, 0x88, 0x3a, 0x00, 0x00,
0x88, 0x3b, 0x00, 0x00, 0x88, 0x3c, 0x00, 0x00, 0x88, 0x3d, 0x00, 0x00, 0x88, 0x3e, 0x00,
0x00, 0x88, 0x00, 0x00, 0x00, 0x90, 0x3f, 0x00, 0x00, 0x88, 0x40, 0x00, 0x00, 0x88, 0x41,
0x00, 0x00, 0x88, 0x42, 0x00, 0x00, 0x88, 0x43, 0x00, 0x00, 0x88, 0x44, 0x00, 0x00, 0x88,
0x45, 0x00, 0x00, 0x88, 0x46, 0x00, 0x00, 0x88, 0x47, 0x00, 0x00, 0x88, 0x48, 0x00, 0x00,
0x88, 0x49, 0x00, 0x00, 0x88, 0x4a, 0x00, 0x00, 0x88, 0x4b, 0x00, 0x00, 0x88, 0x4c, 0x00,
0x00, 0x88, 0x4d, 0x00, 0x00, 0x88, 0x4e, 0x00, 0x00, 0x88, 0x4f, 0x00, 0x00, 0x88, 0x50,
0x00, 0x00, 0x88, 0x51, 0x00, 0x00, 0x88, 0x52, 0x00, 0x00, 0x88, 0x53, 0x00, 0x00, 0x88,
0x54, 0x00, 0x00, 0x88, 0x55, 0x00, 0x00, 0x88, 0x56, 0x00, 0x00, 0x88, 0x57, 0x00, 0x00,
0x88, 0x58, 0x00, 0x00, 0x88, 0x59, 0x00, 0x00, 0x88, 0x5a, 0x00, 0x00, 0x88, 0x5b, 0x00,
0x00, 0x88, 0x5c, 0x00, 0x00, 0x88, 0x5c, 0x00, 0x00, 0x80, 0x5d, 0x00, 0x00, 0x80, 0x30,
0x00, 0x00, 0x78, 0x19, 0x00, 0x00, 0x70, 0x1a, 0x00, 0x00, 0x70, 0x1b, 0x00, 0x00, 0x70,
0x0f, 0x00, 0x00, 0x68, 0x09, 0x00, 0x00, 0x60, 0x0a, 0x00, 0x00, 0x60, 0x0b, 0x00, 0x00,
0x60, 0x07, 0x00, 0x00, 0x58, 0x08, 0x00, 0x00, 0x58, 0x06, 0x00, 0x00, 0x50, 0x07, 0x00,
0x00, 0x50, 0x05, 0x00, 0x00, 0x48, 0x06, 0x00, 0x00, 0x48, 0x05, 0x00, 0x00, 0x40, 0x06,
0x00, 0x00, 0x40, 0x07, 0x00, 0x00, 0x40, 0x08, 0x00, 0x00, 0x40, 0x06, 0x00, 0x00, 0x38,
0x07, 0x00, 0x00, 0x38, 0x08, 0x00, 0x00, 0x38, 0x06, 0x00, 0x00, 0x30, 0x07, 0x00, 0x00,
0x30, 0x08, 0x00, 0x00, 0x30, 0x06, 0x00, 0x00, 0x28, 0x07, 0x00, 0x00, 0x28, 0x08, 0x00,
0x00, 0x28, 0x09, 0x00, 0x00, 0x28, 0x0a, 0x00, 0x00, 0x28, 0x0b, 0x00, 0x00, 0x28, 0x09,
0x00, 0x00, 0x20, 0x0a, 0x00, 0x00, 0x20, 0x0b, 0x00, 0x00, 0x20, 0x0c, 0x00, 0x00, 0x20,
0x0d, 0x00, 0x00, 0x20, 0x0e, 0x00, 0x00, 0x20, 0x0f, 0x00, 0x00, 0x20, 0x0c, 0x00, 0x00,
0x28, 0x0d, 0x00, 0x00, 0x28, 0x0e, 0x00, 0x00, 0x28, 0x0f, 0x00, 0x00, 0x28, 0x10, 0x00,
0x00, 0x28, 0x11, 0x00, 0x00, 0x28, 0x09, 0x00, 0x00, 0x30, 0x0a, 0x00, 0x00, 0x30, 0x0b,
0x00, 0x00, 0x30, 0x09, 0x00, 0x00, 0x38, 0x0a, 0x00, 0x00, 0x38, 0x0b, 0x00, 0x00, 0x38,
0x09, 0x00, 0x00, 0x40, 0x0a, 0x00, 0x00, 0x40, 0x0b, 0x00, 0x00, 0x40, 0x07, 0x00, 0x00,
0x48, 0x08, 0x00, 0x00, 0x48, 0x09, 0x00, 0x00, 0x48, 0x08, 0x00, 0x00, 0x50, 0x09, 0x00,
0x00, 0x50, 0x09, 0x00, 0x00, 0x58, 0x0a, 0x00, 0x00, 0x58, 0x0b, 0x00, 0x00, 0x58, 0x0c,
0x00, 0x00, 0x60, 0x0d, 0x00, 0x00, 0x60, 0x10, 0x00, 0x00, 0x68, 0x11, 0x00, 0x00, 0x68,
0x1c, 0x00, 0x00, 0x70, 0x1d, 0x00, 0x00, 0x70, 0x31, 0x00, 0x00, 0x78, 0x5e, 0x00, 0x00,
0x80, 0x5f, 0x00, 0x00, 0x80, 0x5d, 0x00, 0x00, 0x88, 0x5e, 0x00, 0x00, 0x88, 0x5f, 0x00,
0x00, 0x88, 0x60, 0x00, 0x00, 0x88, 0x61, 0x00, 0x00, 0x88, 0x62, 0x00, 0x00, 0x88, 0x63,
0x00, 0x00, 0x88, 0x64, 0x00, 0x00, 0x88, 0x65, 0x00, 0x00, 0x88, 0x66, 0x00, 0x00, 0x88,
0x67, 0x00, 0x00, 0x88, 0x68, 0x00, 0x00, 0x88, 0x69, 0x00, 0x00, 0x88, 0x6a, 0x00, 0x00,
0x88, 0x6b, 0x00, 0x00, 0x88, 0x6c, 0x00, 0x00, 0x88, 0x6d, 0x00, 0x00, 0x88, 0x6e, 0x00,
0x00, 0x88, 0x6f, 0x00, 0x00, 0x88, 0x70, 0x00, 0x00, 0x88, 0x71, 0x00, 0x00, 0x88, 0x72,
0x00, 0x00, 0x88, 0x73, 0x00, 0x00, 0x88, 0x74, 0x00, 0x00, 0x88, 0x75, 0x00, 0x00, 0x88,
0x76, 0x00, 0x00, 0x88, 0x77, 0x00, 0x00, 0x88, 0x78, 0x00, 0x00, 0x88, 0x79, 0x00, 0x00,
0x88, 0x7a, 0x00, 0x00, 0x88, 0x7b, 0x00, 0x00, 0x88, 0x7c, 0x00, 0x00, 0x88, 0x7d, 0x00,
0x00, 0x88, 0x7e, 0x00, 0x00, 0x88, 0x7f, 0x00, 0x00, 0x88, 0x80, 0x00, 0x00, 0x88, 0x81,
0x00, 0x00, 0x88, 0x82, 0x00, 0x00, 0x88, 0x83, 0x00, 0x00, 0x88, 0x84, 0x00, 0x00, 0x88,
0x85, 0x00, 0x00, 0x88, 0x86, 0x00, 0x00, 0x88, 0x87, 0x00, 0x00, 0x88, 0x88, 0x00, 0x00,
0x88, 0x89, 0x00, 0x00, 0x88, 0x8a, 0x00, 0x00, 0x88, 0x8b, 0x00, 0x00, 0x88, 0x8c, 0x00,
0x00, 0x88, 0x8d, 0x00, 0x00, 0x88, 0x8e, 0x00, 0x00, 0x88, 0x8f, 0x00, 0x00, 0x88, 0x90,
0x00, 0x00, 0x88, 0x91, 0x00, 0x00, 0x88, 0x92, 0x00, 0x00, 0x88, 0x93, 0x00, 0x00, 0x88,
0x94, 0x00, 0x00, 0x88, 0x95, 0x00, 0x00, 0x88, 0x96, 0x00, 0x00, 0x88, 0x97, 0x00, 0x00,
0x88, 0x98, 0x00, 0x00, 0x88, 0x99, 0x00, 0x00, 0x88, 0x9a, 0x00, 0x00, 0x88, 0x9b, 0x00,
0x00, 0x88, 0x9c, 0x00, 0x00, 0x88, 0x9d, 0x00, 0x00, 0x88, 0x9e, 0x00, 0x00, 0x88, 0x9f,
0x00, 0x00, 0x88, 0xa0, 0x00, 0x00, 0x88, 0xa1, 0x00, 0x00, 0x88, 0xa2, 0x00, 0x00, 0x88,
0xa3, 0x00, 0x00, 0x88, 0xa4, 0x00, 0x00, 0x88, 0xa5, 0x00, 0x00, 0x88, 0xa6, 0x00, 0x00,
0x88, 0xa7, 0x00, 0x00, 0x88, 0xa8, 0x00, 0x00, 0x88, 0xa9, 0x00, 0x00, 0x88, 0xaa, 0x00,
0x00, 0x88, 0xab, 0x00, 0x00, 0x88, 0xac, 0x00, 0x00, 0x88, 0xad, 0x00, 0x00, 0x88, 0xae,
0x00, 0x00, 0x88, 0xaf, 0x00, 0x00, 0x88, 0xb0, 0x00, 0x00, 0x88, 0xb1, 0x00, 0x00, 0x88,
0xb2, 0x00, 0x00, 0x88, 0xb3, 0x00, 0x00, 0x88, 0x01, 0x00, 0x00, 0x90, 0xb4, 0x00, 0x00,
0x88, 0xb5, 0x00, 0x00, 0x88, 0xb6, 0x00, 0x00, 0x88, 0xb7, 0x00, 0x00, 0x88, 0x01, 0x00,
0x00, 0x88, 0x02, 0x00, 0x00, 0x88, 0x03, 0x00, 0x00, 0x88, 0x04, 0x00, 0x00, 0x88, 0x05,
0x00, 0x00, 0x88, 0x06, 0x00, 0x00, 0x88, 0x07, 0x00, 0x00, 0x88, 0x08, 0x00, 0x00, 0x88,
0x09, 0x00, 0x00, 0x88, 0x0a, 0x00, 0x00, 0x88, 0x0b, 0x00, 0x00, 0x88, 0x0c, 0x00, 0x00,
0x88, 0x0d, 0x00, 0x00, 0x88, 0x0e, 0x00, 0x00, 0x88, 0x0f, 0x00, 0x00, 0x88, 0x10, 0x00,
0x00, 0x88, 0x11, 0x00, 0x00, 0x88, 0x12, 0x00, 0x00, 0x88, 0x13, 0x00, 0x00, 0x88, 0x14,
0x00, 0x00, 0x88, 0x15, 0x00, 0x00, 0x88, 0x16, 0x00, 0x00, 0x88, 0x17, 0x00, 0x00, 0x88,
0x18, 0x00, 0x00, 0x88, 0x19, 0x00, 0x00, 0x88, 0x1a, 0x00, 0x00, 0x88, 0x1b, 0x00, 0x00,
0x88, 0x1c, 0x00, 0x00, 0x88, 0x1d, 0x00, 0x00, 0x88, 0x1e, 0x00, 0x00, 0x88, 0x1f, 0x00,
0x00, 0x88, 0x20, 0x00, 0x00, 0x88, 0x21, 0x00, 0x00, 0x88, 0x22, 0x00, 0x00, 0x88, 0x23,
0x00, 0x00, 0x88, 0x24, 0x00, 0x00, 0x88, 0x25, 0x00, 0x00, 0x88, 0x26, 0x00, 0x00, 0x88,
0x27, 0x00, 0x00, 0x88, 0x28, 0x00, 0x00, 0x88, 0x29, 0x00, 0x00, 0x88, 0x2a, 0x00, 0x00,
0x88, 0x2b, 0x00, 0x00, 0x88, 0x2c, 0x00, 0x00, 0x88, 0x2d, 0x00, 0x00, 0x88, 0x2e, 0x00,
0x00, 0x88, 0x2f, 0x00, 0x00, 0x88, 0x30, 0x00, 0x00, 0x88, 0x31, 0x00, 0x00, 0x88, 0x32,
0x00, 0x00, 0x88, 0x33, 0x00, 0x00, 0x88, 0x34, 0x00, 0x00, 0x88, 0x35, 0x00, 0x00, 0x88,
0x36, 0x00, 0x00, 0x88, 0x37, 0x00, 0x00, 0x88, 0x38, 0x00, 0x00, 0x88, 0x39, 0x00, 0x00,
0x88, 0x3a, 0x00, 0x00, 0x88, 0x3b, 0x00, 0x00, 0x88, 0x3c, 0x00, 0x00, 0x88, 0x3d, 0x00,
0x00, 0x88, 0x3e, 0x00, 0x00, 0x88, 0x00, 0x00, 0x00, 0x90, 0x3f, 0x00, 0x00, 0x88, 0x40,
0x00, 0x00, 0x88, 0x41, 0x00, 0x00, 0x88, 0x42, 0x00, 0x00, 0x88, 0x43, 0x00, 0x00, 0x88,
0x44, 0x00, 0x00, 0x88, 0x45, 0x00, 0x00, 0x88, 0x46, 0x00, 0x00, 0x88, 0x47, 0x00, 0x00,
0x88, 0x48, 0x00, 0x00, 0x88, 0x49, 0x00, 0x00, 0x88, 0x4a, 0x00, 0x00, 0x88, 0x4b, 0x00,
0x00, 0x88, 0x4c, 0x00, 0x00, 0x88, 0x4d, 0x00, 0x00, 0x88, 0x4e, 0x00, 0x00, 0x88, 0x4f,
0x00, 0x00, 0x88, 0x50, 0x00, 0x00, 0x88, 0x51, 0x00, 0x00, 0x88, 0x52, 0x00, 0x00, 0x88,
0x53, 0x00, 0x00, 0x88, 0x54, 0x00, 0x00, 0x88, 0x55, 0x00, 0x00, 0x88, 0x56, 0x00, 0x00,
0x88, 0x57, 0x00, 0x00, 0x88, 0x58, 0x00, 0x00, 0x88, 0x59, 0x00, 0x00, 0x88, 0x5a, 0x00,
0x00, 0x88, 0x5a, 0x00, 0x00, 0x80, 0x5b, 0x00, 0x00, 0x80, 0x2f, 0x00, 0x00, 0x78, 0x30,
0x00, 0x00, 0x78, 0x19, 0x00, 0x00, 0x70, 0x1a, 0x00, 0x00, 0x70, 0x0f, 0x00, 0x00, 0x68,
0x10, 0x00, 0x00, 0x68, 0x11, 0x00, 0x00, 0x68, 0x0a, 0x00, 0x00, 0x60, 0x0b, 0x00, 0x00,
0x60, 0x07, 0x00, 0x00, 0x58, 0x08, 0x00, 0x00, 0x58, 0x06, 0x00, 0x00, 0x50, 0x07, 0x00,
0x00, 0x50, 0x08, 0x00, 0x00, 0x50, 0x06, 0x00, 0x00, 0x48, 0x07, 0x00, 0x00, 0x48, 0x08,
0x00, 0x00, 0x48, 0x06, 0x00, 0x00, 0x40, 0x07, 0x00, 0x00, 0x40, 0x05, 0x00, 0x00, 0x38,
0x06, 0x00, 0x00, 0x38, 0x07, 0x00, 0x00, 0x38, 0x08, 0x00, 0x00, 0x38, 0x06, 0x00, 0x00,
0x30, 0x07, 0x00, 0x00, 0x30, 0x08, 0x00, 0x00, 0x30, 0x09, 0x00, 0x00, 0x30, 0x07, 0x00,
0x00, 0x28, 0x08, 0x00, 0x00, 0x28, 0x09, 0x00, 0x00, 0x28, 0x0a, 0x00, 0x00, 0x28, 0x0b,
0x00, 0x00, 0x28, 0x09, 0x00, 0x00, 0x20, 0x0a, 0x00, 0x00, 0x20, 0x0b, 0x00, 0x00, 0x20,
0x0c, 0x00, 0x00, 0x20, 0x0d, 0x00, 0x00, 0x20, 0x0e, 0x00, 0x00, 0x20, 0x0f, 0x00, 0x00,
0x20, 0x0c, 0x00, 0x00, 0x28, 0x0d, 0x00, 0x00, 0x28, 0x0e, 0x00, 0x00, 0x28, 0x0f, 0x00,
0x00, 0x28, 0x10, 0x00, 0x00, 0x28, 0x11, 0x00, 0x00, 0x28, 0x0a, 0x00, 0x00, 0x30, 0x0b,
0x00, 0x00, 0x30, 0x0c, 0x00, 0x00, 0x30, 0x0d, 0x00, 0x00, 0x30, 0x09, 0x00, 0x00, 0x38,
0x0a, 0x00, 0x00, 0x38, 0x0b, 0x00, 0x00, 0x38, 0x08, 0x00, 0x00, 0x40, 0x09, 0x00, 0x00,
0x40, 0x09, 0x00, 0x00, 0x48, 0x0a, 0x00, 0x00, 0x48, 0x0b, 0x00, 0x00, 0x48, 0x09, 0x00,
0x00, 0x50, 0x0a, 0x00, 0x00, 0x50, 0x0b, 0x00, 0x00, 0x50, 0x09, 0x00, 0x00, 0x58, 0x0a,
0x00, 0x00, 0x58, 0x0b, 0x00, 0x00, 0x58, 0x0c, 0x00, 0x00, 0x60, 0x0d, 0x00, 0x00, 0x60,
0x12, 0x00, 0x00, 0x68, 0x13, 0x00, 0x00, 0x68, 0x1b, 0x00, 0x00, 0x70, 0x1c, 0x00, 0x00,
0x70, 0x1d, 0x00, 0x00, 0x70, 0x31, 0x00, 0x00, 0x78, 0x5c, 0x00, 0x00, 0x80, 0x5d, 0x00,
0x00, 0x80, 0x5b, 0x00, 0x00, 0x88, 0x5c, 0x00, 0x00, 0x88, 0x5d, 0x00, 0x00, 0x88, 0x5e,
0x00, 0x00, 0x88, 0x5f, 0x00, 0x00, 0x88, 0x60, 0x00, 0x00, 0x88, 0x61, 0x00, 0x00, 0x88,
0x62, 0x00, 0x00, 0x88, 0x63, 0x00, 0x00, 0x88, 0x64, 0x00, 0x00, 0x88, 0x65, 0x00, 0x00,
0x88, 0x66, 0x00, 0x00, 0x88, 0x67, 0x00, 0x00, 0x88, 0x68, 0x00, 0x00, 0x88, 0x69, 0x00,
0x00, 0x88, 0x6a, 0x00, 0x00, 0x88, 0x6b, 0x00, 0x00, 0x88, 0x6c, 0x00, 0x00, 0x88, 0x6d,
0x00, 0x00, 0x88, 0x6e, 0x00, 0x00, 0x88, 0x6f, 0x00, 0x00, 0x88, 0x70, 0x00, 0x00, 0x88,
0x71, 0x00, 0x00, 0x88, 0x72, 0x00, 0x00, 0x88, 0x73, 0x00, 0x00, 0x88, 0x74, 0x00, 0x00,
0x88, 0x75, 0x00, 0x00, 0x88, 0x76, 0x00, 0x00, 0x88, 0x77, 0x00, 0x00, 0x88, 0x78, 0x00,
0x00, 0x88, 0x79, 0x00, 0x00, 0x88, 0x7a, 0x00, 0x00, 0x88, 0x7b, 0x00, 0x00, 0x88, 0x7c,
0x00, 0x00, 0x88, 0x7d, 0x00, 0x00, 0x88, 0x7e, 0x00, 0x00, 0x88, 0x7f, 0x00, 0x00, 0x88,
0x80, 0x00, 0x00, 0x88, 0x81, 0x00, 0x00, 0x88, 0x82, 0x00, 0x00, 0x88, 0x83, 0x00, 0x00,
0x88, 0x84, 0x00, 0x00, 0x88, 0x85, 0x00, 0x00, 0x88, 0x86, 0x00, 0x00, 0x88, 0x87, 0x00,
0x00, 0x88, 0x88, 0x00, 0x00, 0x88, 0x89, 0x00, 0x00, 0x88, 0x8a, 0x00, 0x00, 0x88, 0x8b,
0x00, 0x00, 0x88, 0x8c, 0x00, 0x00, 0x88, 0x8d, 0x00, 0x00, 0x88, 0x8e, 0x00, 0x00, 0x88,
0x8f, 0x00, 0x00, 0x88, 0x90, 0x00, 0x00, 0x88, 0x91, 0x00, 0x00, 0x88, 0x92, 0x00, 0x00,
0x88, 0x93, 0x00, 0x00, 0x88, 0x94, 0x00, 0x00, 0x88, 0x95, 0x00, 0x00, 0x88, 0x96, 0x00,
0x00, 0x88, 0x97, 0x00, 0x00, 0x88, 0x98, 0x00, 0x00, 0x88, 0x99, 0x00, 0x00, 0x88, 0x9a,
0x00, 0x00, 0x88, 0x9b, 0x00, 0x00, 0x88, 0x9c, 0x00, 0x00, 0x88, 0x9d, 0x00, 0x00, 0x88,
0x9e, 0x00, 0x00, 0x88, 0x9f, 0x00, 0x00, 0x88, 0xa0, 0x00, 0x00, 0x88, 0xa1, 0x00, 0x00,
0x88, 0xa2, 0x00, 0x00, 0x88, 0xa3, 0x00, 0x00, 0x88, 0xa4, 0x00, 0x00, 0x88, 0xa5, 0x00,
0x00, 0x88, 0xa6, 0x00, 0x00, 0x88, 0xa7, 0x00, 0x00, 0x88, 0xa8, 0x00, 0x00, 0x88, 0xa9,
0x00, 0x00, 0x88, 0xaa, 0x00, 0x00, 0x88, 0xab, 0x00, 0x00, 0x88, 0xac, 0x00, 0x00, 0x88,
0xad, 0x00, 0x00, 0x88, 0xae, 0x00, 0x00, 0x88, 0xaf, 0x00, 0x00, 0x88, 0x01, 0x00, 0x00,
0x90, 0xb0, 0x00, 0x00, 0x88, 0xb1, 0x00, 0x00, 0x88, 0xb2, 0x00, 0x00, 0x88, 0xb3, 0x00,
0x00, 0x88, 0x00, 0x00, 0x00, 0x88, 0x01, 0x00, 0x00, 0x88, 0x02, 0x00, 0x00, 0x88, 0x03,
0x00, 0x00, 0x88, 0x04, 0x00, 0x00, 0x88, 0x05, 0x00, 0x00, 0x88, 0x06, 0x00, 0x00, 0x88,
0x07, 0x00, 0x00, 0x88, 0x08, 0x00, 0x00, 0x88, 0x09, 0x00, 0x00, 0x88, 0x0a, 0x00, 0x00,
0x88, 0x0b, 0x00, 0x00, 0x88, 0x0c, 0x00, 0x00, 0x88, 0x0d, 0x00, 0x00, 0x88, 0x0e, 0x00,
0x00, 0x88, 0x0f, 0x00, 0x00, 0x88, 0x10, 0x00, 0x00, 0x88, 0x11, 0x00, 0x00, 0x88, 0x12,
0x00, 0x00, 0x88, 0x13, 0x00, 0x00, 0x88, 0x14, 0x00, 0x00, 0x88, 0x15, 0x00, 0x00, 0x88,
0x16, 0x00, 0x00, 0x88, 0x17, 0x00, 0x00, 0x88, 0x18, 0x00, 0x00, 0x88, 0x19, 0x00, 0x00,
0x88, 0x1a, 0x00, 0x00, 0x88, 0x1b, 0x00, 0x00, 0x88, 0x1c, 0x00, 0x00, 0x88, 0x1d, 0x00,
0x00, 0x88, 0x1e, 0x00, 0x00, 0x88, 0x1f, 0x00, 0x00, 0x88, 0x20, 0x00, 0x00, 0x88, 0x21,
0x00, 0x00, 0x88, 0x22, 0x00, 0x00, 0x88, 0x23, 0x00, 0x00, 0x88, 0x24, 0x00, 0x00, 0x88,
0x25, 0x00, 0x00, 0x88, 0x26, 0x00, 0x00, 0x88, 0x27, 0x00, 0x00, 0x88, 0x28, 0x00, 0x00,
0x88, 0x29, 0x00, 0x00, 0x88, 0x2a, 0x00, 0x00, 0x88, 0x2b, 0x00, 0x00, 0x88, 0x2c, 0x00,
0x00, 0x88, 0x2d, 0x00, 0x00, 0x88, 0x2e, 0x00, 0x00, 0x88, 0x2f, 0x00, 0x00, 0x88, 0x30,
0x00, 0x00, 0x88, 0x31, 0x00, 0x00, 0x88, 0x32, 0x00, 0x00, 0x88, 0x33, 0x00, 0x00, 0x88,
0x34, 0x00, 0x00, 0x88, 0x35, 0x00, 0x00, 0x88, 0x36, 0x00, 0x00, 0x88, 0x37, 0x00, 0x00,
0x88, 0x38, 0x00, 0x00, 0x88, 0x39, 0x00, 0x00, 0x88, 0x3a, 0x00, 0x00, 0x88, 0x3b, 0x00,
0x00, 0x88, 0x3c, 0x00, 0x00, 0x88, 0x3d, 0x00, 0x00, 0x88, 0x3e, 0x00, 0x00, 0x88, 0x3f,
0x00, 0x00, 0x88, 0x40, 0x00, 0x00, 0x88, 0x41, 0x00, 0x00, 0x88, 0x42, 0x00, 0x00, 0x88,
0x43, 0x00, 0x00, 0x88, 0x44, 0x00, 0x00, 0x88, 0x45, 0x00, 0x00, 0x88, 0x46, 0x00, 0x00,
0x88, 0x47, 0x00, 0x00, 0x88, 0x48, 0x00, 0x00, 0x88, 0x49, 0x00, 0x00, 0x88, 0x4a, 0x00,
0x00, 0x88, 0x4b, 0x00, 0x00, 0x88, 0x4c, 0x00, 0x00, 0x88, 0x4d, 0x00, 0x00, 0x88, 0x4e,
0x00, 0x00, 0x88, 0x4f, 0x00, 0x00, 0x88, 0x50, 0x00, 0x00, 0x88, 0x51, 0x00, 0x00, 0x88,
0x52, 0x00, 0x00, 0x88, 0x53, 0x00, 0x00, 0x88, 0x54, 0x00, 0x00, 0x88, 0x55, 0x00, 0x00,
0x88, 0x56, 0x00, 0x00, 0x88, 0x57, 0x00, 0x00, 0x88, 0x58, 0x00, 0x00, 0x88, 0x59, 0x00,
0x00, 0x88, 0x59, 0x00, 0x00, 0x80, 0x2e, 0x00, 0x00, 0x78, 0x2f, 0x00, 0x00, 0x78, 0x19,
0x00, 0x00, 0x70, 0x1a, 0x00, 0x00, 0x70, 0x0f, 0x00, 0x00, 0x68, 0x10, 0x00, 0x00, 0x68,
0x11, 0x00, 0x00, 0x68, 0x0a, 0x00, 0x00, 0x60, 0x0b, 0x00, 0x00, 0x60, 0x0c, 0x00, 0x00,
0x60, 0x08, 0x00, 0x00, 0x58, 0x09, 0x00, 0x00, 0x58, 0x06, 0x00, 0x00, 0x50, 0x07, 0x00,
0x00, 0x50, 0x08, 0x00, 0x00, 0x50, 0x06, 0x00, 0x00, 0x48, 0x07, 0x00, 0x00, 0x48, 0x08,
0x00, 0x00, 0x48, 0x06, 0x00, 0x00, 0x40, 0x07, 0x00, 0x00, 0x40, 0x08, 0x00, 0x00, 0x40,
0x06, 0x00, 0x00, 0x38, 0x07, 0x00, 0x00, 0x38, 0x08, 0x00, 0x00, 0x38, 0x06, 0x00, 0x00,
0x30, 0x07, 0x00, 0x00, 0x30, 0x08, 0x00, 0x00, 0x30, 0x09, 0x00, 0x00, 0x30, 0x07, 0x00,
0x00, 0x28, 0x08, 0x00, 0x00, 0x28, 0x09, 0x00, 0x00, 0x28, 0x0a, 0x00, 0x00, 0x28, 0x0b,
0x00, 0x00, 0x28, 0x0c, 0x00, 0x00, 0x28, 0x0d, 0x00, 0x00, 0x28, 0x0a, 0x00, 0x00, 0x20,
0x0b, 0x00, 0x00, 0x20, 0x0c, 0x00, 0x00, 0x20, 0x0d, 0x00, 0x00, 0x20, 0x0e, 0x00, 0x00,
0x20, 0x0f, 0x00, 0x00, 0x20, 0x0e, 0x00, 0x00, 0x28, 0x0f, 0x00, 0x00, 0x28, 0x10, 0x00,
0x00, 0x28, 0x11, 0x00, 0x00, 0x28, 0x12, 0x00, 0x00, 0x28, 0x13, 0x00, 0x00, 0x28, 0x0a,
0x00, 0x00, 0x30, 0x0b, 0x00, 0x00, 0x30, 0x0c, 0x00, 0x00, 0x30, 0x0d, 0x00, 0x00, 0x30,
0x09, 0x00, 0x00, 0x38, 0x0a, 0x00, 0x00, 0x38, 0x0b, 0x00, 0x00, 0x38, 0x09, 0x00, 0x00,
0x40, 0x0a, 0x00, 0x00, 0x40, 0x0b, 0x00, 0x00, 0x40, 0x09, 0x00, 0x00, 0x48, 0x0a, 0x00,
0x00, 0x48, 0x0b, 0x00, 0x00, 0x48, 0x09, 0x00, 0x00, 0x50, 0x0a, 0x00, 0x00, 0x50, 0x0b,
0x00, 0x00, 0x50, 0x0a, 0x00, 0x00, 0x58, 0x0b, 0x00, 0x00, 0x58, 0x0d, 0x00, 0x00, 0x60,
0x0e, 0x00, 0x00, 0x60, 0x0f, 0x00, 0x00, 0x60, 0x12, 0x00, 0x00, 0x68, 0x13, 0x00, 0x00,
0x68, 0x1b, 0x00, 0x00, 0x70, 0x1c, 0x00, 0x00, 0x70, 0x1d, 0x00, 0x00, 0x70, 0x30, 0x00,
0x00, 0x78, 0x31, 0x00, 0x00, 0x78, 0x5a, 0x00, 0x00, 0x80, 0x5a, 0x00, 0x00, 0x88, 0x5b,
0x00, 0x00, 0x88, 0x5c, 0x00, 0x00, 0x88, 0x5d, 0x00, 0x00, 0x88, 0x5e, 0x00, 0x00, 0x88,
0x5f, 0x00, 0x00, 0x88, 0x60, 0x00, 0x00, 0x88, 0x61, 0x00, 0x00, 0x88, 0x62, 0x00, 0x00,
0x88, 0x63, 0x00, 0x00, 0x88, 0x64, 0x00, 0x00, 0x88, 0x65, 0x00, 0x00, 0x88, 0x66, 0x00,
0x00, 0x88, 0x67, 0x00, 0x00, 0x88, 0x68, 0x00, 0x00, 0x88, 0x69, 0x00, 0x00, 0x88, 0x6a,
0x00, 0x00, 0x88, 0x6b, 0x00, 0x00, 0x88, 0x6c, 0x00, 0x00, 0x88, 0x6d, 0x00, 0x00, 0x88,
0x6e, 0x00, 0x00, 0x88, 0x6f, 0x00, 0x00, 0x88, 0x70, 0x00, 0x00, 0x88, 0x71, 0x00, 0x00,
0x88, 0x72, 0x00, 0x00, 0x88, 0x73, 0x00, 0x00, 0x88, 0x74, 0x00, 0x00, 0x88, 0x75, 0x00,
0x00, 0x88, 0x76, 0x00, 0x00, 0x88, 0x77, 0x00, 0x00, 0x88, 0x78, 0x00, 0x00, 0x88, 0x79,
0x00, 0x00, 0x88, 0x7a, 0x00, 0x00, 0x88, 0x7b, 0x00, 0x00, 0x88, 0x7c, 0x00, 0x00, 0x88,
0x7d, 0x00, 0x00, 0x88, 0x7e, 0x00, 0x00, 0x88, 0x7f, 0x00, 0x00, 0x88, 0x80, 0x00, 0x00,
0x88, 0x81, 0x00, 0x00, 0x88, 0x82, 0x00, 0x00, 0x88, 0x83, 0x00, 0x00, 0x88, 0x84, 0x00,
0x00, 0x88, 0x85, 0x00, 0x00, 0x88, 0x86, 0x00, 0x00, 0x88, 0x87, 0x00, 0x00, 0x88, 0x88,
0x00, 0x00, 0x88, 0x89, 0x00, 0x00, 0x88, 0x8a, 0x00, 0x00, 0x88, 0x8b, 0x00, 0x00, 0x88,
0x8c, 0x00, 0x00, 0x88, 0x8d, 0x00, 0x00, 0x88, 0x8e, 0x00, 0x00, 0x88, 0x8f, 0x00, 0x00,
0x88, 0x90, 0x00, 0x00, 0x88, 0x91, 0x00, 0x00, 0x88, 0x92, 0x00, 0x00, 0x88, 0x93, 0x00,
0x00, 0x88, 0x94, 0x00, 0x00, 0x88, 0x95, 0x00, 0x00, 0x88, 0x96, 0x00, 0x00, 0x88, 0x97,
0x00, 0x00, 0x88, 0x98, 0x00, 0x00, 0x88, 0x99, 0x00, 0x00, 0x88, 0x9a, 0x00, 0x00, 0x88,
0x9b, 0x00, 0x00, 0x88, 0x9c, 0x00, 0x00, 0x88, 0x9d, 0x00, 0x00, 0x88, 0x9e, 0x00, 0x00,
0x88, 0x9f, 0x00, 0x00, 0x88, 0xa0, 0x00, 0x00, 0x88, 0xa1, 0x00, 0x00, 0x88, 0xa2, 0x00,
0x00, 0x88, 0xa3, 0x00, 0x00, 0x88, 0xa4, 0x00, 0x00, 0x88, 0xa5, 0x00, 0x00, 0x88, 0xa6,
0x00, 0x00, 0x88, 0xa7, 0x00, 0x00, 0x88, 0xa8, 0x00, 0x00, 0x88, 0xa9, 0x00, 0x00, 0x88,
0xaa, 0x00, 0x00, 0x88, 0xab, 0x00, 0x00, 0x88, 0xac, 0x00, 0x00, 0x88, 0xad, 0x00, 0x00,
0x88, 0xae, 0x00, 0x00, 0x88, 0xaf, 0x00, 0x00, 0x88, 0x5b, 0x00, 0x00, 0x80, 0xb0, 0x00,
0x00, 0x88, 0xb1, 0x00, 0x00, 0x88, 0x00, 0x00, 0x00, 0x88, 0x01, 0x00, 0x00, 0x88, 0x02,
0x00, 0x00, 0x88, 0x03, 0x00, 0x00, 0x88, 0x04, 0x00, 0x00, 0x88, 0x05, 0x00, 0x00, 0x88,
0x06, 0x00, 0x00, 0x88, 0x07, 0x00, 0x00, 0x88, 0x08, 0x00, 0x00, 0x88, 0x09, 0x00, 0x00,
0x88, 0x0a, 0x00, 0x00, 0x88, 0x0b, 0x00, 0x00, 0x88, 0x0c, 0x00, 0x00, 0x88, 0x0d, 0x00,
0x00, 0x88, 0x0e, 0x00, 0x00, 0x88, 0x0f, 0x00, 0x00, 0x88, 0x10, 0x00, 0x00, 0x88, 0x11,
0x00, 0x00, 0x88, 0x12, 0x00, 0x00, 0x88, 0x13, 0x00, 0x00, 0x88, 0x14, 0x00, 0x00, 0x88,
0x15, 0x00, 0x00, 0x88, 0x16, 0x00, 0x00, 0x88, 0x17, 0x00, 0x00, 0x88, 0x18, 0x00, 0x00,
0x88, 0x19, 0x00, 0x00, 0x88, 0x1a, 0x00, 0x00, 0x88, 0x1b, 0x00, 0x00, 0x88, 0x1c, 0x00,
0x00, 0x88, 0x1d, 0x00, 0x00, 0x88, 0x1e, 0x00, 0x00, 0x88, 0x1f, 0x00, 0x00, 0x88, 0x20,
0x00, 0x00, 0x88, 0x21, 0x00, 0x00, 0x88, 0x22, 0x00, 0x00, 0x88, 0x23, 0x00, 0x00, 0x88,
0x24, 0x00, 0x00, 0x88, 0x25, 0x00, 0x00, 0x88, 0x26, 0x00, 0x00, 0x88, 0x27, 0x00, 0x00,
0x88, 0x28, 0x00, 0x00, 0x88, 0x29, 0x00, 0x00, 0x88, 0x2a, 0x00, 0x00, 0x88, 0x2b, 0x00,
0x00, 0x88, 0x2c, 0x00, 0x00, 0x88, 0x2d, 0x00, 0x00, 0x88, 0x2e, 0x00, 0x00, 0x88, 0x2f,
0x00, 0x00, 0x88, 0x30, 0x00, 0x00, 0x88, 0x31, 0x00, 0x00, 0x88, 0x32, 0x00, 0x00, 0x88,
0x33, 0x00, 0x00, 0x88, 0x34, 0x00, 0x00, 0x88, 0x35, 0x00, 0x00, 0x88, 0x36, 0x00, 0x00,
0x88, 0x37, 0x00, 0x00, 0x88, 0x38, 0x00, 0x00, 0x88, 0x39, 0x00, 0x00, 0x88, 0x3a, 0x00,
0x00, 0x88, 0x3b, 0x00, 0x00, 0x88, 0x3c, 0x00, 0x00, 0x88, 0x3d, 0x00, 0x00, 0x88, 0x3e,
0x00, 0x00, 0x88, 0x3f, 0x00, 0x00, 0x88, 0x40, 0x00, 0x00, 0x88, 0x41, 0x00, 0x00, 0x88,
0x42, 0x00, 0x00, 0x88, 0x43, 0x00, 0x00, 0x88, 0x44, 0x00, 0x00, 0x88, 0x45, 0x00, 0x00,
0x88, 0x46, 0x00, 0x00, 0x88, 0x47, 0x00, 0x00, 0x88, 0x48, 0x00, 0x00, 0x88, 0x49, 0x00,
0x00, 0x88, 0x4a, 0x00, 0x00, 0x88, 0x4b, 0x00, 0x00, 0x88, 0x4c, 0x00, 0x00, 0x88, 0x4d,
0x00, 0x00, 0x88, 0x4e, 0x00, 0x00, 0x88, 0x4f, 0x00, 0x00, 0x88, 0x50, 0x00, 0x00, 0x88,
0x51, 0x00, 0x00, 0x88, 0x52, 0x00, 0x00, 0x88, 0x53, 0x00, 0x00, 0x88, 0x54, 0x00, 0x00,
0x88, 0x55, 0x00, 0x00, 0x88, 0x56, 0x00, 0x00, 0x88, 0x57, 0x00, 0x00, 0x88, 0x58, 0x00,
0x00, 0x88, 0x58, 0x00, 0x00, 0x80, 0x2e, 0x00, 0x00, 0x78, 0x18, 0x00, 0x00, 0x70, 0x19,
0x00, 0x00, 0x70, 0x1a, 0x00, 0x00, 0x70, 0x0f, 0x00, 0x00, 0x68, 0x10, 0x00, 0x00, 0x68,
0x11, 0x00, 0x00, 0x68, 0x0a, 0x00, 0x00, 0x60, 0x0b, 0x00, 0x00, 0x60, 0x0c, 0x00, 0x00,
0x60, 0x08, 0x00, 0x00, 0x58, 0x09, 0x00, 0x00, 0x58, 0x06, 0x00, 0x00, 0x50, 0x07, 0x00,
0x00, 0x50, 0x08, 0x00, 0x00, 0x50, 0x06, 0x00, 0x00, 0x48, 0x07, 0x00, 0x00, 0x48, 0x08,
0x00, 0x00, 0x48, 0x06, 0x00, 0x00, 0x40, 0x07, 0x00, 0x00, 0x40, 0x08, 0x00, 0x00, 0x40,
0x06, 0x00, 0x00, 0x38, 0x07, 0x00, 0x00, 0x38, 0x08, 0x00, 0x00, 0x38, 0x06, 0x00, 0x00,
0x30, 0x07, 0x00, 0x00, 0x30, 0x08, 0x00, 0x00, 0x30, 0x09, 0x00, 0x00, 0x30, 0x0a, 0x00,
0x00, 0x30, 0x08, 0x00, 0x00, 0x28, 0x09, 0x00, 0x00, 0x28, 0x0a, 0x00, 0x00, 0x28, 0x0b,
0x00, 0x00, 0x28, 0x0c, 0x00, 0x00, 0x28, 0x0d, 0x00, 0x00, 0x28, 0x0e, 0x00, 0x00, 0x28,
0x0b, 0x00, 0x00, 0x20, 0x0c, 0x00, 0x00, 0x20, 0x0d, 0x00, 0x00, 0x20, 0x0e, 0x00, 0x00,
0x20, 0x0f, 0x00, 0x00, 0x20, 0x0f, 0x00, 0x00, 0x28, 0x10, 0x00, 0x00, 0x28, 0x11, 0x00,
0x00, 0x28, 0x12, 0x00, 0x00, 0x28, 0x13, 0x00, 0x00, 0x28, 0x14, 0x00, 0x00, 0x28, 0x15,
0x00, 0x00, 0x28, 0x0b, 0x00, 0x00, 0x30, 0x0c, 0x00, 0x00, 0x30, 0x0d, 0x00, 0x00, 0x30,
0x0e, 0x00, 0x00, 0x30, 0x0f, 0x00, 0x00, 0x30, 0x09, 0x00, 0x00, 0x38, 0x0a, 0x00, 0x00,
0x38, 0x0b, 0x00, 0x00, 0x38, 0x09, 0x00, 0x00, 0x40, 0x0a, 0x00, 0x00, 0x40, 0x0b, 0x00,
0x00, 0x40, 0x09, 0x00, 0x00, 0x48, 0x0a, 0x00, 0x00, 0x48, 0x0b, 0x00, 0x00, 0x48, 0x09,
0x00, 0x00, 0x50, 0x0a, 0x00, 0x00, 0x50, 0x0b, 0x00, 0x00, 0x50, 0x0a, 0x00, 0x00, 0x58,
0x0b, 0x00, 0x00, 0x58, 0x0d, 0x00, 0x00, 0x60, 0x0e, 0x00, 0x00, 0x60, 0x0f, 0x00, 0x00,
0x60, 0x12, 0x00, 0x00, 0x68, 0x13, 0x00, 0x00, 0x68, 0x1b, 0x00, 0x00, 0x70, 0x1c, 0x00,
0x00, 0x70, 0x1d, 0x00, 0x00, 0x70, 0x2f, 0x00, 0x00, 0x78, 0x59, 0x00, 0x00, 0x80, 0x5a,
0x00, 0x00, 0x80, 0x5b, 0x00, 0x00, 0x80, 0x59, 0x00, 0x00, 0x88, 0x5a, 0x00, 0x00, 0x88,
0x5b, 0x00, 0x00, 0x88, 0x5c, 0x00, 0x00, 0x88, 0x5d, 0x00, 0x00, 0x88, 0x5e, 0x00, 0x00,
0x88, 0x5f, 0x00, 0x00, 0x88, 0x60, 0x00, 0x00, 0x88, 0x61, 0x00, 0x00, 0x88, 0x62, 0x00,
0x00, 0x88, 0x63, 0x00, 0x00, 0x88, 0x64, 0x00, 0x00, 0x88, 0x65, 0x00, 0x00, 0x88, 0x66,
0x00, 0x00, 0x88, 0x67, 0x00, 0x00, 0x88, 0x68, 0x00, 0x00, 0x88, 0x69, 0x00, 0x00, 0x88,
0x6a, 0x00, 0x00, 0x88, 0x6b, 0x00, 0x00, 0x88, 0x6c, 0x00, 0x00, 0x88, 0x6d, 0x00, 0x00,
0x88, 0x6e, 0x00, 0x00, 0x88, 0x6f, 0x00, 0x00, 0x88, 0x70, 0x00, 0x00, 0x88, 0x71, 0x00,
0x00, 0x88, 0x72, 0x00, 0x00, 0x88, 0x73, 0x00, 0x00, 0x88, 0x74, 0x00, 0x00, 0x88, 0x75,
0x00, 0x00, 0x88, 0x76, 0x00, 0x00, 0x88, 0x77, 0x00, 0x00, 0x88, 0x78, 0x00, 0x00, 0x88,
0x79, 0x00, 0x00, 0x88, 0x7a, 0x00, 0x00, 0x88, 0x7b, 0x00, 0x00, 0x88, 0x7c, 0x00, 0x00,
0x88, 0x7d, 0x00, 0x00, 0x88, 0x7e, 0x00, 0x00, 0x88, 0x7f, 0x00, 0x00, 0x88, 0x80, 0x00,
0x00, 0x88, 0x81, 0x00, 0x00, 0x88, 0x82, 0x00, 0x00, 0x88, 0x83, 0x00, 0x00, 0x88, 0x84,
0x00, 0x00, 0x88, 0x85, 0x00, 0x00, 0x88, 0x86, 0x00, 0x00, 0x88, 0x87, 0x00, 0x00, 0x88,
0x88, 0x00, 0x00, 0x88, 0x89, 0x00, 0x00, 0x88, 0x8a, 0x00, 0x00, 0x88, 0x8b, 0x00, 0x00,
0x88, 0x8c, 0x00, 0x00, 0x88, 0x8d, 0x00, 0x00, 0x88, 0x8e, 0x00, 0x00, 0x88, 0x8f, 0x00,
0x00, 0x88, 0x90, 0x00, 0x00, 0x88, 0x91, 0x00, 0x00, 0x88, 0x92, 0x00, 0x00, 0x88, 0x93,
0x00, 0x00, 0x88, 0x94, 0x00, 0x00, 0x88, 0x95, 0x00, 0x00, 0x88, 0x96, 0x00, 0x00, 0x88,
0x97, 0x00, 0x00, 0x88, 0x98, 0x00, 0x00, 0x88, 0x99, 0x00, 0x00, 0x88, 0x9a, 0x00, 0x00,
0x88, 0x9b, 0x00, 0x00, 0x88, 0x9c, 0x00, 0x00, 0x88, 0x9d, 0x00, 0x00, 0x88, 0x9e, 0x00,
0x00, 0x88, 0x9f, 0x00, 0x00, 0x88, 0xa0, 0x00, 0x00, 0x88, 0xa1, 0x00, 0x00, 0x88, 0xa2,
0x00, 0x00, 0x88, 0xa3, 0x00, 0x00, 0x88, 0xa4, 0x00, 0x00, 0x88, 0xa5, 0x00, 0x00, 0x88,
0xa6, 0x00, 0x00, 0x88, 0xa7, 0x00, 0x00, 0x88, 0xa8, 0x00, 0x00, 0x88, 0xa9, 0x00, 0x00,
0x88, 0xaa, 0x00, 0x00, 0x88, 0xab, 0x00, 0x00, 0x88, 0xac, 0x00, 0x00, 0x88, 0xad, 0x00,
0x00, 0x88, 0xae, 0x00, 0x00, 0x88, 0xaf, 0x00, 0x00, 0x88