0x00, 0x00, 0x00, 0x00, 0x00, 0x00, 0x00, 0x00, 0x00, 0x00, 0x00, 0x00, 0x00, 0x00, 0x00, 0x00,
0x00, 0x00, 0x00, 0x00, 0x00, 0x00, 0x00, 0x00, 0x00, 0x00, 0x00, 0x00, 0x00, 0x00, 0x00, 0x00,
0x00, 0x00, 0x00, 0x00, 0x00, 0x00, 0x00, 0x00, 0x00, 0x00, 0x00, 0x00, 0x00, 0x00, 0x00, 0x00,
0x00, 0x00, 0x00, 0x00, 0x00, 0x00, 0x00, 0x00, 0x00, 0x00, 0x00, 0x00, 0x00, 0x00, 0x00, 0x00,
0x00, 0x00, 0x00, 0x00, 0x00, 0x00, 0x00, 0x00, 0x00, 0x00, 0x00, 0x00, 0x00, 0x00, 0x00, 0x00,
0x00, 0x00, 0x00, 0x00, 0x00, 0x00, 0x00, 0x00, 0x00, 0x00, 0x00, 0x00, 0x00, 0x00, 0x00, 0x00,
0x00, 0x00, 0x00, 0x00, 0x00, 0x00, 0x00, 0x00, 0x00, 0x00, 0x00, 0x00, 0x00, 0x00, 0x00, 0x00,
0x00, 0x00, 0x00, 0x00, 0x00, 0x00, 0x00, 0x00, 0x00, 0x00, 0x00, 0x00, 0x00, 0x00, 0x00, 0x00,
0x00, 0x00, 0x00, 0x00, 0x00, 0x00, 0x00, 0x00, 0x00, 0x00, 0x00, 0x00, 0x00, 0x00, 0x00, 0x00,
0x00, 0x00, 0x00, 0x00, 0x00, 0x00, 0x00, 0x00, 0x00, 0x00, 0x00, 0x00, 0x00, 0x00, 0x00, 0x00,
0x00, 0x00, 0x00, 0x00, 0x00, 0x00, 0x00, 0x00, 0x00, 0x00, 0x00, 0x00, 0x00, 0x00, 0x00, 0x00,
0x00, 0x00, 0x00, 0x00, 0x00, 0x00, 0x00, 0x00, 0x00, 0x00, 0x00, 0x00, 0x00, 0x00, 0x00, 0x00,
0x00, 0x00, 0x00, 0x00, 0x00, 0x00, 0x00, 0x00, 0x00, 0x00, 0x00, 0x00, 0x00, 0x00, 0x00, 0x00,
0x00, 0x00, 0x00, 0x00, 0x00, 0x00, 0x00, 0x00, 0x00, 0x00, 0x00, 0x00, 0x00, 0x00, 0x00, 0x00,
0x00, 0x00, 0x00, 0x00, 0x00, 0x00, 0x00, 0x00, 0x00, 0x00, 0x00, 0x00, 0x00, 0x00, 0x00, 0x00,
0x00, 0x00, 0x00, 0x00, 0x00, 0x00, 0x00, 0x00, 0x7e, 0x00, 0x08, 0x00, 0x82, 0x00, 0x08, 0x00,
0x7f, 0x00, 0x03, 0x00, 0x7f, 0x00, 0x03, 0x00, 0x7f, 0x00, 0x03, 0x00, 0x7f, 0x00, 0x03, 0x00,
0x7f, 0x00, 0x03, 0x00, 0x7f, 0x00, 0x03, 0x00, 0x7f, 0x00, 0x03, 0x00, 0x7f, 0x00, 0x03, 0x00,
0x7f, 0x00, 0x03, 0x00, 0x7f, 0x00, 0x03, 0x00, 0x7f, 0x00, 0x03, 0x00, 0x7f, 0x00, 0x03, 0x00,
0x7f, 0x00, 0x03, 0x00, 0x7f, 0x00, 0x03, 0x00, 0x7f, 0x00, 0x03, 0x00, 0x7f, 0x00, 0x03, 0x00,
0x7f, 0x00, 0x03, 0x00, 0x7f, 0x00, 0x03, 0x00, 0x7f, 0x00, 0x03, 0x00, 0x7f, 0x00, 0x03, 0x00,
0x7f, 0x00, 0x03, 0x00, 0x7f, 0x00, 0x03, 0x00, 0x7f, 0x00, 0x03, 0x00, 0x7f, 0x00, 0x03, 0x00,
0x7f, 0x00, 0x03, 0x00, 0x7f, 0x00, 0x03, 0x00, 0x7f, 0x00, 0x03, 0x00, 0x7f, 0x00, 0x03, 0x00,
0x7f, 0x00, 0x03, 0x00, 0x7f, 0x00, 0x03, 0x00, 0x7f, 0x00, 0x03, 0x00, 0x7f, 0x00, 0x03, 0x00,
0x81, 0x00, 0x03, 0x00, 0x81, 0x00, 0x03, 0x00, 0x81, 0x00, 0x03, 0x00, 0x81, 0x00, 0x03, 0x00,
0x81, 0x00, 0x03, 0x00, 0x81, 0x00, 0x03, 0x00, 0x81, 0x00, 0x03, 0x00, 0x81, 0x00, 0x03, 0x00,
0x81, 0x00, 0x03, 0x00, 0x81, 0x00, 0x03, 0x00, 0x81, 0x00, 0x03, 0x00, 0x81, 0x00, 0x03, 0x00,
0x81, 0x00, 0x03, 0x00, 0x81, 0x00, 0x03, 0x00, 0x81, 0x00, 0x03, 0x00, 0x81, 0x00, 0x03, 0x00,
0x81, 0x00, 0x03, 0x00, 0x81, 0x00, 0x03, 0x00, 0x81, 0x00, 0x03, 0x00, 0x81, 0x00, 0x03, 0x00,
0x81, 0x00, 0x03, 0x00, 0x81, 0x00, 0x03, 0x00, 0x81, 0x00, 0x03, 0x00, 0x81, 0x00, 0x03, 0x00,
0x81, 0x00, 0x03, 0x00, 0x81, 0x00, 0x03, 0x00, 0x81, 0x00, 0x03, 0x00, 0x81, 0x00, 0x03, 0x00,
0x81, 0x00, 0x03, 0x00, 0x81, 0x00, 0x03, 0x00, 0x81, 0x00, 0x03, 0x00, 0x81, 0x00, 0x03, 0x00,
0x80, 0x00, 0x01, 0x00, 0x80, 0x00, 0x01, 0x00, 0x80, 0x00, 0x01, 0x00, 0x80, 0x00, 0x01, 0x00,
0x80, 0x00, 0x01, 0x00, 0x80, 0x00, 0x01, 0x00, 0x80, 0x00, 0x01, 0x00, 0x80, 0x00, 0x01, 0x00,
0x80, 0x00, 0x01, 0x00, 0x80, 0x00, 0x01, 0x00, 0x80, 0x00, 0x01, 0x00, 0x80, 0x00, 0x01, 0x00,
0x80, 0x00, 0x01, 0x00, 0x80, 0x00, 0x01, 0x00, 0x80, 0x00, 0x01, 0x00, 0x80, 0x00, 0x01, 0x00,
0x80, 0x00, 0x01, 0x00, 0x80, 0x00, 0x01, 0x00, 0x80, 0x00, 0x01, 0x00, 0x80, 0x00, 0x01, 0x00,
0x80, 0x00, 0x01, 0x00, 0x80, 0x00, 0x01, 0x00, 0x80, 0x00, 0x01, 0x00, 0x80, 0x00, 0x01, 0x00,
0x80, 0x00, 0x01, 0x00, 0x80, 0x00, 0x01, 0x00, 0x80, 0x00, 0x01, 0x00, 0x80, 0x00, 0x01, 0x00,
0x80, 0x00, 0x01, 0x00, 0x80, 0x00, 0x01, 0x00, 0x80, 0x00, 0x01, 0x00, 0x80, 0x00, 0x01, 0x00,
0x80, 0x00, 0x01, 0x00, 0x80, 0x00, 0x01, 0x00, 0x80, 0x00, 0x01, 0x00, 0x80, 0x00, 0x01, 0x00,
0x80, 0x00, 0x01, 0x00, 0x80, 0x00, 0x01, 0x00, 0x80, 0x00, 0x01, 0x00, 0x80, 0x00, 0x01, 0x00,
0x80, 0x00, 0x01, 0x00, 0x80, 0x00, 0x01, 0x00, 0x80, 0x00, 0x01, 0x00, 0x80, 0x00, 0x01, 0x00,
0x80, 0x00, 0x01, 0x00, 0x80, 0x00, 0x01, 0x00, 0x80, 0x00, 0x01, 0x00, 0x80, 0x00, 0x01, 0x00,
0x80, 0x00, 0x01, 0x00, 0x80, 0x00, 0x01, 0x00, 0x80, 0x00, 0x01, 0x00, 0x80, 0x00, 0x01, 0x00,
0x80, 0x00, 0x01, 0x00, 0x80, 0x00, 0x01, 0x00, 0x80, 0x00, 0x01, 0x00, 0x80, 0x00, 0x01, 0x00,
0x80, 0x00, 0x01, 0x00, 0x80, 0x00, 0x01, 0x00, 0x80, 0x00, 0x01, 0x00, 0x80, 0x00, 0x01, 0x00,
0x80, 0x00, 0x01, 0x00, 0x80, 0x00, 0x01, 0x00, 0x80, 0x00, 0x01, 0x00, 0x80, 0x00, 0x01, 0x00,
0x80, 0x00, 0x01, 0x00, 0x80, 0x00, 0x01, 0x00, 0x80, 0x00, 0x01, 0x00, 0x80, 0x00, 0x01, 0x00,
0x80, 0x00, 0x01, 0x00, 0x80, 0x00, 0x01, 0x00, 0x80, 0x00, 0x01, 0x00, 0x80, 0x00, 0x01, 0x00,
0x80, 0x00, 0x01, 0x00, 0x80, 0x00, 0x01, 0x00, 0x80, 0x00, 0x01, 0x00, 0x80, 0x00, 0x01, 0x00,
0x80, 0x00, 0x01, 0x00, 0x80, 0x00, 0x01, 0x00, 0x80, 0x00, 0x01, 0x00, 0x80, 0x00, 0x01, 0x00,
0x80, 0x00, 0x01, 0x00, 0x80, 0x00, 0x01, 0x00, 0x80, 0x00, 0x01, 0x00, 0x80, 0x00, 0x01, 0x00,
0x80, 0x00, 0x01, 0x00, 0x80, 0x00, 0x01, 0x00, 0x80, 0x00, 0x01, 0x00, 0x80, 0x00, 0x01, 0x00,
0x80, 0x00, 0x01, 0x00, 0x80, 0x00, 0x01, 0x00, 0x80, 0x00, 0x01, 0x00, 0x80, 0x00, 0x01, 0x00,
0x80, 0x00, 0x01, 0x00, 0x80, 0x00, 0x01, 0x00, 0x80, 0x00, 0x01, 0x00, 0x80, 0x00, 0x01, 0x00,
0x80, 0x00, 0x01, 0x00, 0x80, 0x00, 0x01, 0x00, 0x80, 0x00, 0x01, 0x00, 0x80, 0x00, 0x01, 0x00,
0x80, 0x00, 0x01, 0x00, 0x80, 0x00, 0x01, 0x00, 0x80, 0x00, 0x01, 0x00, 0x80, 0x00, 0x01, 0x00,
0x80, 0x00, 0x01, 0x00, 0x80, 0x00, 0x01, 0x00, 0x80, 0x00, 0x01, 0x00, 0x80, 0x00, 0x01, 0x00,
0x80, 0x00, 0x01, 0x00, 0x80, 0x00, 0x01, 0x00, 0x80, 0x00, 0x01, 0x00, 0x80, 0x00, 0x01, 0x00,
0x80, 0x00, 0x01, 0x00, 0x80, 0x00, 0x01, 0x00, 0x80, 0x00, 0x01, 0x00, 0x80, 0x00, 0x01, 0x00,
0x80, 0x00, 0x01, 0x00, 0x80, 0x00, 0x01, 0x00, 0x80, 0x00, 0x01, 0x00, 0x80, 0x00, 0x01, 0x00,
0x80, 0x00, 0x01, 0x00, 0x80, 0x00, 0x01, 0x00, 0x80, 0x00, 0x01, 0x00, 0x80, 0x00, 0x01, 0x00,
0x80, 0x00, 0x01, 0x00, 0x80, 0x00, 0x01, 0x00, 0x80, 0x00, 0x01, 0x00, 0x80, 0x00, 0x01, 0x00,
0x00, 0x00, 0x00, 0x00, 0x00, 0x00, 0x00, 0x00, 0x00, 0x00, 0x00, 0x00, 0x00, 0x00, 0x00, 0x00,
0x00, 0x00, 0x00, 0x00, 0x00, 0x00, 0x00, 0x00, 0x00, 0x00, 0x00, 0x00, 0x00, 0x00, 0x00, 0x00,
0x00, 0x00, 0x00, 0x00, 0x00, 0x00, 0x00, 0x00, 0x00, 0x00, 0x00, 0x00, 0x00, 0x00, 0x00, 0x00,
0x00, 0x00, 0x00, 0x00, 0x00, 0x00, 0x00, 0x00, 0x7d, 0x00, 0x08, 0x00, 0x83, 0x00, 0x08, 0x00,
0x7e, 0x00, 0x05, 0x00, 0x7e, 0x00, 0x05, 0x00, 0x7e, 0x00, 0x05, 0x00, 0x7e, 0x00, 0x05, 0x00,
0x7e, 0x00, 0x05, 0x00, 0x7e, 0x00, 0x05, 0x00, 0x7e, 0x00, 0x05, 0x00, 0x7e, 0x00, 0x05, 0x00,
0x82, 0x00, 0x05, 0x00, 0x82, 0x00, 0x05, 0x00, 0x82, 0x00, 0x05, 0x00, 0x82, 0x00, 0x05, 0x00,
0x82, 0x00, 0x05, 0x00, 0x82, 0x00, 0x05, 0x00, 0x82, 0x00, 0x05, 0x00, 0x82, 0x00, 0x05, 0x00,
0x7f, 0x00, 0x03, 0x00, 0x7f, 0x00, 0x03, 0x00, 0x7f, 0x00, 0x03, 0x00, 0x7f, 0x00, 0x03, 0x00,
0x7f, 0x00, 0x03, 0x00, 0x7f, 0x00, 0x03, 0x00, 0x7f, 0x00, 0x03, 0x00, 0x7f, 0x00, 0x03, 0x00,
0x7f, 0x00, 0x03, 0x00, 0x7f, 0x00, 0x03, 0x00, 0x7f, 0x00, 0x03, 0x00, 0x7f, 0x00, 0x03, 0x00,
0x7f, 0x00, 0x03, 0x00, 0x7f, 0x00, 0x03, 0x00, 0x7f, 0x00, 0x03, 0x00, 0x7f, 0x00, 0x03, 0x00,
0x7f, 0x00, 0x03, 0x00, 0x7f, 0x00, 0x03, 0x00, 0x7f, 0x00, 0x03, 0x00, 0x7f, 0x00, 0x03, 0x00,
0x7f, 0x00, 0x03, 0x00, 0x7f, 0x00, 0x03, 0x00, 0x7f, 0x00, 0x03, 0x00, 0x7f, 0x00, 0x03, 0x00,
0x7f, 0x00, 0x03, 0x00, 0x7f, 0x00, 0x03, 0x00, 0x7f, 0x00, 0x03, 0x00, 0x7f, 0x00, 0x03, 0x00,
0x7f, 0x00, 0x03, 0x00, 0x7f, 0x00, 0x03, 0x00, 0x7f, 0x00, 0x03, 0x00, 0x7f, 0x00, 0x03, 0x00,
0x81, 0x00, 0x02, 0x00, 0x81, 0x00, 0x02, 0x00, 0x81, 0x00, 0x02, 0x00, 0x81, 0x00, 0x02, 0x00,
0x81, 0x00, 0x02, 0x00, 0x81, 0x00, 0x02, 0x00, 0x81, 0x00, 0x02, 0x00, 0x81, 0x00, 0x02, 0x00,
0x81, 0x00, 0x02, 0x00, 0x81, 0x00, 0x02, 0x00, 0x81, 0x00, 0x02, 0x00, 0x81, 0x00, 0x02, 0x00,
0x81, 0x00, 0x02, 0x00, 0x81, 0x00, 0x02, 0x00, 0x81, 0x00, 0x02, 0x00, 0x81, 0x00, 0x02, 0x00,
0x81, 0x00, 0x02, 0x00, 0x81, 0x00, 0x02, 0x00, 0x81, 0x00, 0x02, 0x00, 0x81, 0x00, 0x02, 0x00,
0x81, 0x00, 0x02, 0x00, 0x81, 0x00, 0x02, 0x00, 0x81, 0x00, 0x02, 0x00, 0x81, 0x00, 0x02, 0x00,
0x81, 0x00, 0x02, 0x00, 0x81, 0x00, 0x02, 0x00, 0x81, 0x00, 0x02, 0x00, 0x81, 0x00, 0x02, 0x00,
0x81, 0x00, 0x02, 0x00, 0x81, 0x00, 0x02, 0x00, 0x81, 0x00, 0x02, 0x00, 0x81, 0x00, 0x02, 0x00,
0x81, 0x00, 0x02, 0x00, 0x81, 0x00, 0x02, 0x00, 0x81, 0x00, 0x02, 0x00, 0x81, 0x00, 0x02, 0x00,
0x81, 0x00, 0x02, 0x00, 0x81, 0x00, 0x02, 0x00, 0x81, 0x00, 0x02, 0x00, 0x81, 0x00, 0x02, 0x00,
0x81, 0x00, 0x02, 0x00, 0x81, 0x00, 0x02, 0x00, 0x81, 0x00, 0x02, 0x00, 0x81, 0x00, 0x02, 0x00,
0x81, 0x00, 0x02, 0x00, 0x81, 0x00, 0x02, 0x00, 0x81, 0x00, 0x02, 0x00, 0x81, 0x00, 0x02, 0x00,
0x81, 0x00, 0x02, 0x00, 0x81, 0x00, 0x02, 0x00, 0x81, 0x00, 0x02, 0x00, 0x81, 0x00, 0x02, 0x00,
0x81, 0x00, 0x02, 0x00, 0x81, 0x00, 0x02, 0x00, 0x81, 0x00, 0x02, 0x00, 0x81, 0x00, 0x02, 0x00,
0x81, 0x00, 0x02, 0x00, 0x81, 0x00, 0x02, 0x00, 0x81, 0x00, 0x02, 0x00, 0x81, 0x00, 0x02, 0x00,
0x81, 0x00, 0x02, 0x00, 0x81, 0x00, 0x02, 0x00, 0x81, 0x00, 0x02, 0x00, 0x81, 0x00, 0x02, 0x00,
0x80, 0x00, 0x01, 0x00, 0x80, 0x00, 0x01, 0x00, 0x80, 0x00, 0x01, 0x00, 0x80, 0x00, 0x01, 0x00,
0x80, 0x00, 0x01, 0x00, 0x80, 0x00, 0x01, 0x00, 0x80, 0x00, 0x01, 0x00, 0x80, 0x00, 0x01, 0x00,
0x80, 0x00, 0x01, 0x00, 0x80, 0x00, 0x01, 0x00, 0x80, 0x00, 0x01, 0x00, 0x80, 0x00, 0x01, 0x00,
0x80, 0x00, 0x01, 0x00, 0x80, 0x00, 0x01, 0x00, 0x80, 0x00, 0x01, 0x00, 0x80, 0x00, 0x01, 0x00,
0x80, 0x00, 0x01, 0x00, 0x80, 0x00, 0x01, 0x00, 0x80, 0x00, 0x01, 0x00, 0x80, 0x00, 0x01, 0x00,
0x80, 0x00, 0x01, 0x00, 0x80, 0x00, 0x01, 0x00, 0x80, 0x00, 0x01, 0x00, 0x80, 0x00, 0x01, 0x00,
0x80, 0x00, 0x01, 0x00, 0x80, 0x00, 0x01, 0x00, 0x80, 0x00, 0x01, 0x00, 0x80, 0x00, 0x01, 0x00,
0x80, 0x00, 0x01, 0x00, 0x80, 0x00, 0x01, 0x00, 0x80, 0x00, 0x01, 0x00, 0x80, 0x00, 0x01, 0x00,
0x80, 0x00, 0x01, 0x00, 0x80, 0x00, 0x01, 0x00, 0x80, 0x00, 0x01, 0x00, 0x80, 0x00, 0x01, 0x00,
0x80, 0x00, 0x01, 0x00, 0x80, 0x00, 0x01, 0x00, 0x80, 0x00, 0x01, 0x00, 0x80, 0x00, 0x01, 0x00,
0x80, 0x00, 0x01, 0x00, 0x80, 0x00, 0x01, 0x00, 0x80, 0x00, 0x01, 0x00, 0x80, 0x00, 0x01, 0x00,
0x80, 0x00, 0x01, 0x00, 0x80, 0x00, 0x01, 0x00, 0x80, 0x00, 0x01, 0x00, 0x80, 0x00, 0x01, 0x00,
0x80, 0x00, 0x01, 0x00, 0x80, 0x00, 0x01, 0x00, 0x80, 0x00, 0x01, 0x00, 0x80, 0x00, 0x01, 0x00,
0x80, 0x00, 0x01, 0x00, 0x80, 0x00, 0x01, 0x00, 0x80, 0x00, 0x01, 0x00, 0x80, 0x00, 0x01, 0x00,
0x80, 0x00, 0x01, 0x00, 0x80, 0x00, 0x01, 0x00, 0x80, 0x00, 0x01, 0x00, 0x80, 0x00, 0x01, 0x00,
0x80, 0x00, 0x01, 0x00, 0x80, 0x00, 0x01, 0x00, 0x80, 0x00, 0x01, 0x00, 0x80, 0x00, 0x01, 0x00,
0x80, 0x00, 0x01, 0x00, 0x80, 0x00, 0x01, 0x00, 0x80, 0x00, 0x01, 0x00, 0x80, 0x00, 0x01, 0x00,
0x80, 0x00, 0x01, 0x00, 0x80, 0x00, 0x01, 0x00, 0x80, 0x00, 0x01, 0x00, 0x80, 0x00, 0x01, 0x00,
0x80, 0x00, 0x01, 0x00, 0x80, 0x00, 0x01, 0x00, 0x80, 0x00, 0x01, 0x00, 0x80, 0x00, 0x01, 0x00,
0x80, 0x00, 0x01, 0x00, 0x80, 0x00, 0x01, 0x00, 0x80, 0x00, 0x01, 0x00, 0x80, 0x00, 0x01, 0x00,
0x80, 0x00, 0x01, 0x00, 0x80, 0x00, 0x01, 0x00, 0x80, 0x00, 0x01, 0x00, 0x80, 0x00, 0x01, 0x00,
0x80, 0x00, 0x01, 0x00, 0x80, 0x00, 0x01, 0x00, 0x80, 0x00, 0x01, 0x00, 0x80, 0x00, 0x01, 0x00,
0x80, 0x00, 0x01, 0x00, 0x80, 0x00, 0x01, 0x00, 0x80, 0x00, 0x01, 0x00, 0x80, 0x00, 0x01, 0x00,
0x80, 0x00, 0x01, 0x00, 0x80, 0x00, 0x01, 0x00, 0x80, 0x00, 0x01, 0x00, 0x80, 0x00, 0x01, 0x00,
0x80, 0x00, 0x01, 0x00, 0x80, 0x00, 0x01, 0x00, 0x80, 0x00, 0x01, 0x00, 0x80, 0x00, 0x01, 0x00,
0x80, 0x00, 0x01, 0x00, 0x80, 0x00, 0x01, 0x00, 0x80, 0x00, 0x01, 0x00, 0x80, 0x00, 0x01, 0x00,
0x80, 0x00, 0x01, 0x00, 0x80, 0x00, 0x01, 0x00, 0x80, 0x00, 0x01, 0x00, 0x80, 0x00, 0x01, 0x00,
0x80, 0x00, 0x01, 0x00, 0x80, 0x00, 0x01, 0x00, 0x80, 0x00, 0x01, 0x00, 0x80, 0x00, 0x01, 0x00,
0x80, 0x00, 0x01, 0x00, 0x80, 0x00, 0x01, 0x00, 0x80, 0x00, 0x01, 0x00, 0x80, 0x00, 0x01, 0x00,
0x80, 0x00, 0x01, 0x00, 0x80, 0x00, 0x01, 0x00, 0x80, 0x00, 0x01, 0x00, 0x80, 0x00, 0x01, 0x00,
0x80, 0x00, 0x01, 0x00, 0x80, 0x00, 0x01, 0x00, 0x80, 0x00, 0x01, 0x00, 0x80, 0x00, 0x01, 0x00,
0x80, 0x00, 0x01, 0x00, 0x80, 0x00, 0x01, 0x00, 0x80, 0x00, 0x01, 0x00, 0x80, 0x00, 0x01, 0x00,
0x00, 0x00, 0x00, 0x00, 0x00, 0x00, 0x00, 0x00, 0x00, 0x00, 0x00, 0x00, 0x00, 0x00, 0x00, 0x00,
0x7d, 0x00, 0x07, 0x00, 0x7d, 0x00, 0x07, 0x00, 0x83, 0x00, 0x07, 0x00, 0x83, 0x00, 0x07, 0x00,
0x7e, 0x00, 0x05, 0x00, 0x7e, 0x00, 0x05, 0x00, 0x7e, 0x00, 0x05, 0x00, 0x7e, 0x00, 0x05, 0x00,
0x7e, 0x00, 0x05, 0x00, 0x7e, 0x00, 0x05, 0x00, 0x7e, 0x00, 0x05, 0x00, 0x7e, 0x00, 0x05, 0x00,
0x82, 0x00, 0x04, 0x00, 0x82, 0x00, 0x04, 0x00, 0x82, 0x00, 0x04, 0x00, 0x82, 0x00, 0x04, 0x00,
0x82, 0x00, 0x04, 0x00, 0x82, 0x00, 0x04, 0x00, 0x82, 0x00, 0x04, 0x00, 0x82, 0x00, 0x04, 0x00,
0x82, 0x00, 0x04, 0x00, 0x82, 0x00, 0x04, 0x00, 0x82, 0x00, 0x04, 0x00, 0x82, 0x00, 0x04, 0x00,
0x82, 0x00, 0x04, 0x00, 0x82, 0x00, 0x04, 0x00, 0x82, 0x00, 0x04, 0x00, 0x82, 0x00, 0x04, 0x00,
0x7f, 0x00, 0x03, 0x00, 0x7f, 0x00, 0x03, 0x00, 0x7f, 0x00, 0x03, 0x00, 0x7f, 0x00, 0x03, 0x00,
0x7f, 0x00, 0x03, 0x00, 0x7f, 0x00, 0x03, 0x00, 0x7f, 0x00, 0x03, 0x00, 0x7f, 0x00, 0x03, 0x00,
0x7f, 0x00, 0x03, 0x00, 0x7f, 0x00, 0x03, 0x00, 0x7f, 0x00, 0x03, 0x00, 0x7f, 0x00, 0x03, 0x00,
0x7f, 0x00, 0x03, 0x00, 0x7f, 0x00, 0x03, 0x00, 0x7f, 0x00, 0x03, 0x00, 0x7f, 0x00, 0x03, 0x00,
0x7f, 0x00, 0x03, 0x00, 0x7f, 0x00, 0x03, 0x00, 0x7f, 0x00, 0x03, 0x00, 0x7f, 0x00, 0x03, 0x00,
0x7f, 0x00, 0x03, 0x00, 0x7f, 0x00, 0x03, 0x00, 0x7f, 0x00, 0x03, 0x00, 0x7f, 0x00, 0x03, 0x00,
0x7f, 0x00, 0x03, 0x00, 0x7f, 0x00, 0x03, 0x00, 0x7f, 0x00, 0x03, 0x00, 0x7f, 0x00, 0x03, 0x00,
0x7f, 0x00, 0x03, 0x00, 0x7f, 0x00, 0x03, 0x00, 0x7f, 0x00, 0x03, 0x00, 0x7f, 0x00, 0x03, 0x00,
0x81, 0x00, 0x02, 0x00, 0x81, 0x00, 0x02, 0x00, 0x81, 0x00, 0x02, 0x00, 0x81, 0x00, 0x02, 0x00,
0x81, 0x00, 0x02, 0x00, 0x81, 0x00, 0x02, 0x00, 0x81, 0x00, 0x02, 0x00, 0x81, 0x00, 0x02, 0x00,
0x81, 0x00, 0x02, 0x00, 0x81, 0x00, 0x02, 0x00, 0x81, 0x00, 0x02, 0x00, 0x81, 0x00, 0x02, 0x00,
0x81, 0x00, 0x02, 0x00, 0x81, 0x00, 0x02, 0x00, 0x81, 0x00, 0x02, 0x00, 0x81, 0x00, 0x02, 0x00,
0x81, 0x00, 0x02, 0x00, 0x81, 0x00, 0x02, 0x00, 0x81, 0x00, 0x02, 0x00, 0x81, 0x00, 0x02, 0x00,
0x81, 0x00, 0x02, 0x00, 0x81, 0x00, 0x02, 0x00, 0x81, 0x00, 0x02, 0x00, 0x81, 0x00, 0x02, 0x00,
0x81, 0x00, 0x02, 0x00, 0x81, 0x00, 0x02, 0x00, 0x81, 0x00, 0x02, 0x00, 0x81, 0x00, 0x02, 0x00,
0x81, 0x00, 0x02, 0x00, 0x81, 0x00, 0x02, 0x00, 0x81, 0x00, 0x02, 0x00, 0x81, 0x00, 0x02, 0x00,
0x81, 0x00, 0x02, 0x00, 0x81, 0x00, 0x02, 0x00, 0x81, 0x00, 0x02, 0x00, 0x81, 0x00, 0x02, 0x00,
0x81, 0x00, 0x02, 0x00, 0x81, 0x00, 0x02, 0x00, 0x81, 0x00, 0x02, 0x00, 0x81, 0x00, 0x02, 0x00,
0x81, 0x00, 0x02, 0x00, 0x81, 0x00, 0x02, 0x00, 0x81, 0x00, 0x02, 0x00, 0x81, 0x00, 0x02, 0x00,
0x81, 0x00, 0x02, 0x00, 0x81, 0x00, 0x02, 0x00, 0x81, 0x00, 0x02, 0x00, 0x81, 0x00, 0x02, 0x00,
0x81, 0x00, 0x02, 0x00, 0x81, 0x00, 0x02, 0x00, 0x81, 0x00, 0x02, 0x00, 0x81, 0x00, 0x02, 0x00,
0x81, 0x00, 0x02, 0x00, 0x81, 0x00, 0x02, 0x00, 0x81, 0x00, 0x02, 0x00, 0x81, 0x00, 0x02, 0x00,
0x81, 0x00, 0x02, 0x00, 0x81, 0x00, 0x02, 0x00, 0x81, 0x00, 0x02, 0x00, 0x81, 0x00, 0x02, 0x00,
0x81, 0x00, 0x02, 0x00, 0x81, 0x00, 0x02, 0x00, 0x81, 0x00, 0x02, 0x00, 0x81, 0x00, 0x02, 0x00,
0x80, 0x00, 0x01, 0x00, 0x80, 0x00, 0x01, 0x00, 0x80, 0x00, 0x01, 0x00, 0x80, 0x00, 0x01, 0x00,
0x80, 0x00, 0x01, 0x00, 0x80, 0x00, 0x01, 0x00, 0x80, 0x00, 0x01, 0x00, 0x80, 0x00, 0x01, 0x00,
0x80, 0x00, 0x01, 0x00, 0x80, 0x00, 0x01, 0x00, 0x80, 0x00, 0x01, 0x00, 0x80, 0x00, 0x01, 0x00,
0x80, 0x00, 0x01, 0x00, 0x80, 0x00, 0x01, 0x00, 0x80, 0x00, 0x01, 0x00, 0x80, 0x00, 0x01, 0x00,
0x80, 0x00, 0x01, 0x00, 0x80, 0x00, 0x01, 0x00, 0x80, 0x00, 0x01, 0x00, 0x80, 0x00, 0x01, 0x00,
0x80, 0x00, 0x01, 0x00, 0x80, 0x00, 0x01, 0x00, 0x80, 0x00, 0x01, 0x00, 0x80, 0x00, 0x01, 0x00,
0x80, 0x00, 0x01, 0x00, 0x80, 0x00, 0x01, 0x00, 0x80, 0x00, 0x01, 0x00, 0x80, 0x00, 0x01, 0x00,
0x80, 0x00, 0x01, 0x00, 0x80, 0x00, 0x01, 0x00, 0x80, 0x00, 0x01, 0x00, 0x80, 0x00, 0x01, 0x00,
0x80, 0x00, 0x01, 0x00, 0x80, 0x00, 0x01, 0x00, 0x80, 0x00, 0x01, 0x00, 0x80, 0x00, 0x01, 0x00,
0x80, 0x00, 0x01, 0x00, 0x80, 0x00, 0x01, 0x00, 0x80, 0x00, 0x01, 0x00, 0x80, 0x00, 0x01, 0x00,
0x80, 0x00, 0x01, 0x00, 0x80, 0x00, 0x01, 0x00, 0x80, 0x00, 0x01, 0x00, 0x80, 0x00, 0x01, 0x00,
0x80, 0x00, 0x01, 0x00, 0x80, 0x00, 0x01, 0x00, 0x80, 0x00, 0x01, 0x00, 0x80, 0x00, 0x01, 0x00,
0x80, 0x00, 0x01, 0x00, 0x80, 0x00, 0x01, 0x00, 0x80, 0x00, 0x01, 0x00, 0x80, 0x00, 0x01, 0x00,
0x80, 0x00, 0x01, 0x00, 0x80, 0x00, 0x01, 0x00, 0x80, 0x00, 0x01, 0x00, 0x80, 0x00, 0x01, 0x00,
0x80, 0x00, 0x01, 0x00, 0x80, 0x00, 0x01, 0x00, 0x80, 0x00, 0x01, 0x00, 0x80, 0x00, 0x01, 0x00,
0x80, 0x00, 0x01, 0x00, 0x80, 0x00, 0x01, 0x00, 0x80, 0x00, 0x01, 0x00, 0x80, 0x00, 0x01, 0x00,
0x80, 0x00, 0x01, 0x00, 0x80, 0x00, 0x01, 0x00, 0x80, 0x00, 0x01, 0x00, 0x80, 0x00, 0x01, 0x00,
0x80, 0x00, 0x01, 0x00, 0x80, 0x00, 0x01, 0x00, 0x80, 0x00, 0x01, 0x00, 0x80, 0x00, 0x01, 0x00,
0x80, 0x00, 0x01, 0x00, 0x80, 0x00, 0x01, 0x00, 0x80, 0x00, 0x01, 0x00, 0x80, 0x00, 0x01, 0x00,
0x80, 0x00, 0x01, 0x00, 0x80, 0x00, 0x01, 0x00, 0x80, 0x00, 0x01, 0x00, 0x80, 0x00, 0x01, 0x00,
0x80, 0x00, 0x01, 0x00, 0x80, 0x00, 0x01, 0x00, 0x80, 0x00, 0x01, 0x00, 0x80, 0x00, 0x01, 0x00,
0x80, 0x00, 0x01, 0x00, 0x80, 0x00, 0x01, 0x00, 0x80, 0x00, 0x01, 0x00, 0x80, 0x00, 0x01, 0x00,
0x80, 0x00, 0x01, 0x00, 0x80, 0x00, 0x01, 0x00, 0x80, 0x00, 0x01, 0x00, 0x80, 0x00, 0x01, 0x00,
0x80, 0x00, 0x01, 0x00, 0x80, 0x00, 0x01, 0x00, 0x80, 0x00, 0x01, 0x00, 0x80, 0x00, 0x01, 0x00,
0x80, 0x00, 0x01, 0x00, 0x80, 0x00, 0x01, 0x00, 0x80, 0x00, 0x01, 0x00, 0x80, 0x00, 0x01, 0x00,
0x80, 0x00, 0x01, 0x00, 0x80, 0x00, 0x01, 0x00, 0x80, 0x00, 0x01, 0x00, 0x80, 0x00, 0x01, 0x00,
0x80, 0x00, 0x01, 0x00, 0x80, 0x00, 0x01, 0x00, 0x80, 0x00, 0x01, 0x00, 0x80, 0x00, 0x01, 0x00,
0x80, 0x00, 0x01, 0x00, 0x80, 0x00, 0x01, 0x00, 0x80, 0x00, 0x01, 0x00, 0x80, 0x00, 0x01, 0x00,
0x80, 0x00, 0x01, 0x00, 0x80, 0x00, 0x01, 0x00, 0x80, 0x00, 0x01, 0x00, 0x80, 0x00, 0x01, 0x00,
0x80, 0x00, 0x01, 0x00, 0x80, 0x00, 0x01, 0x00, 0x80, 0x00, 0x01, 0x00, 0x80, 0x00, 0x01, 0x00,
0x80, 0x00, 0x01, 0x00, 0x80, 0x00, 0x01, 0x00, 0x80, 0x00, 0x01, 0x00, 0x80, 0x00, 0x01, 0x00,
0x80, 0x00, 0x01, 0x00, 0x80, 0x00, 0x01, 0x00, 0x80, 0x00, 0x01, 0x00, 0x80, 0x00, 0x01, 0x00,
0x00, 0x00, 0x00, 0x00, 0x00, 0x00, 0x00, 0x00, 0x7d, 0x00, 0x07, 0x00, 0x7d, 0x00, 0x07, 0x00,
0x83, 0x00, 0x06, 0x00, 0x83, 0x00, 0x06, 0x00, 0x83, 0x00, 0x06, 0x00, 0x83, 0x00, 0x06, 0x00,
0x7e, 0x00, 0x05, 0x00, 0x7e, 0x00, 0x05, 0x00, 0x7e, 0x00, 0x05, 0x00, 0x7e, 0x00, 0x05, 0x00,
0x7e, 0x00, 0x05, 0x00, 0x7e, 0x00, 0x05, 0x00, 0x7e, 0x00, 0x05, 0x00, 0x7e, 0x00, 0x05, 0x00,
0x82, 0x00, 0x04, 0x00, 0x82, 0x00, 0x04, 0x00, 0x82, 0x00, 0x04, 0x00, 0x82, 0x00, 0x04, 0x00,
0x82, 0x00, 0x04, 0x00, 0x82, 0x00, 0x04, 0x00, 0x82, 0x00, 0x04, 0x00, 0x82, 0x00, 0x04, 0x00,
0x82, 0x00, 0x04, 0x00, 0x82, 0x00, 0x04, 0x00, 0x82, 0x00, 0x04, 0x00, 0x82, 0x00, 0x04, 0x00,
0x82, 0x00, 0x04, 0x00, 0x82, 0x00, 0x04, 0x00, 0x82, 0x00, 0x04, 0x00, 0x82, 0x00, 0x04, 0x00,
0x7f, 0x00, 0x03, 0x00, 0x7f, 0x00, 0x03, 0x00, 0x7f, 0x00, 0x03, 0x00, 0x7f, 0x00, 0x03, 0x00,
0x7f, 0x00, 0x03, 0x00, 0x7f, 0x00, 0x03, 0x00, 0x7f, 0x00, 0x03, 0x00, 0x7f, 0x00, 0x03, 0x00,
0x7f, 0x00, 0x03, 0x00, 0x7f, 0x00, 0x03, 0x00, 0x7f, 0x00, 0x03, 0x00, 0x7f, 0x00, 0x03, 0x00,
0x7f, 0x00, 0x03, 0x00, 0x7f, 0x00, 0x03, 0x00, 0x7f, 0x00, 0x03, 0x00, 0x7f, 0x00, 0x03, 0x00,
0x7f, 0x00, 0x03, 0x00, 0x7f, 0x00, 0x03, 0x00, 0x7f, 0x00, 0x03, 0x00, 0x7f, 0x00, 0x03, 0x00,
0x7f, 0x00, 0x03, 0x00, 0x7f, 0x00, 0x03, 0x00, 0x7f, 0x00, 0x03, 0x00, 0x7f, 0x00, 0x03, 0x00,
0x7f, 0x00, 0x03, 0x00, 0x7f, 0x00, 0x03, 0x00, 0x7f, 0x00, 0x03, 0x00, 0x7f, 0x00, 0x03, 0x00,
0x7f, 0x00, 0x03, 0x00, 0x7f, 0x00, 0x03, 0x00, 0x7f, 0x00, 0x03, 0x00, 0x7f, 0x00, 0x03, 0x00,
0x81, 0x00, 0x02, 0x00, 0x81, 0x00, 0x02, 0x00, 0x81, 0x00, 0x02, 0x00, 0x81, 0x00, 0x02, 0x00,
0x81, 0x00, 0x02, 0x00, 0x81, 0x00, 0x02, 0x00, 0x81, 0x00, 0x02, 0x00, 0x81, 0x00, 0x02, 0x00,
0x81, 0x00, 0x02, 0x00, 0x81, 0x00, 0x02, 0x00, 0x81, 0x00, 0x02, 0x00, 0x81, 0x00, 0x02, 0x00,
0x81, 0x00, 0x02, 0x00, 0x81, 0x00, 0x02, 0x00, 0x81, 0x00, 0x02, 0x00, 0x81, 0x00, 0x02, 0x00,
0x81, 0x00, 0x02, 0x00, 0x81, 0x00, 0x02, 0x00, 0x81, 0x00, 0x02, 0x00, 0x81, 0x00, 0x02, 0x00,
0x81, 0x00, 0x02, 0x00, 0x81, 0x00, 0x02, 0x00, 0x81, 0x00, 0x02, 0x00, 0x81, 0x00, 0x02, 0x00,
0x81, 0x00, 0x02, 0x00, 0x81, 0x00, 0x02, 0x00, 0x81, 0x00, 0x02, 0x00, 0x81, 0x00, 0x02, 0x00,
0x81, 0x00, 0x02, 0x00, 0x81, 0x00, 0x02, 0x00, 0x81, 0x00, 0x02, 0x00, 0x81, 0x00, 0x02, 0x00,
0x81, 0x00, 0x02, 0x00, 0x81, 0x00, 0x02, 0x00, 0x81, 0x00, 0x02, 0x00, 0x81, 0x00, 0x02, 0x00,
0x81, 0x00, 0x02, 0x00, 0x81, 0x00, 0x02, 0x00, 0x81, 0x00, 0x02, 0x00, 0x81, 0x00, 0x02, 0x00,
0x81, 0x00, 0x02, 0x00, 0x81, 0x00, 0x02, 0x00, 0x81, 0x00, 0x02, 0x00, 0x81, 0x00, 0x02, 0x00,
0x81, 0x00, 0x02, 0x00, 0x81, 0x00, 0x02, 0x00, 0x81, 0x00, 0x02, 0x00, 0x81, 0x00, 0x02, 0x00,
0x81, 0x00, 0x02, 0x00, 0x81, 0x00, 0x02, 0x00, 0x81, 0x00, 0x02, 0x00, 0x81, 0x00, 0x02, 0x00,
0x81, 0x00, 0x02, 0x00, 0x81, 0x00, 0x02, 0x00, 0x81, 0x00, 0x02, 0x00, 0x81, 0x00, 0x02, 0x00,
0x81, 0x00, 0x02, 0x00, 0x81, 0x00, 0x02, 0x00, 0x81, 0x00, 0x02, 0x00, 0x81, 0x00, 0x02, 0x00,
0x81, 0x00, 0x02, 0x00, 0x81, 0x00, 0x02, 0x00, 0x81, 0x00, 0x02, 0x00, 0x81, 0x00, 0x02, 0x00,
0x80, 0x00, 0x01, 0x00, 0x80, 0x00, 0x01, 0x00, 0x80, 0x00, 0x01, 0x00, 0x80, 0x00, 0x01, 0x00,
0x80, 0x00, 0x01, 0x00, 0x80, 0x00, 0x01, 0x00, 0x80, 0x00, 0x01, 0x00, 0x80, 0x00, 0x01, 0x00,
0x80, 0x00, 0x01, 0x00, 0x80, 0x00, 0x01, 0x00, 0x80, 0x00, 0x01, 0x00, 0x80, 0x00, 0x01, 0x00,
0x80, 0x00, 0x01, 0x00, 0x80, 0x00, 0x01, 0x00, 0x80, 0x00, 0x01, 0x00, 0x80, 0x00, 0x01, 0x00,
0x80, 0x00, 0x01, 0x00, 0x80, 0x00, 0x01, 0x00, 0x80, 0x00, 0x01, 0x00, 0x80, 0x00, 0x01, 0x00,
0x80, 0x00, 0x01, 0x00, 0x80, 0x00, 0x01, 0x00, 0x80, 0x00, 0x01, 0x00, 0x80, 0x00, 0x01, 0x00,
0x80, 0x00, 0x01, 0x00, 0x80, 0x00, 0x01, 0x00, 0x80, 0x00, 0x01, 0x00, 0x80, 0x00, 0x01, 0x00,
0x80, 0x00, 0x01, 0x00, 0x80, 0x00, 0x01, 0x00, 0x80, 0x00, 0x01, 0x00, 0x80, 0x00, 0x01, 0x00,
0x80, 0x00, 0x01, 0x00, 0x80, 0x00, 0x01, 0x00, 0x80, 0x00, 0x01, 0x00, 0x80, 0x00, 0x01, 0x00,
0x80, 0x00, 0x01, 0x00, 0x80, 0x00, 0x01, 0x00, 0x80, 0x00, 0x01, 0x00, 0x80, 0x00, 0x01, 0x00,
0x80, 0x00, 0x01, 0x00, 0x80, 0x00, 0x01, 0x00, 0x80, 0x00, 0x01, 0x00, 0x80, 0x00, 0x01, 0x00,
0x80, 0x00, 0x01, 0x00, 0x80, 0x00, 0x01, 0x00, 0x80, 0x00, 0x01, 0x00, 0x80, 0x00, 0x01, 0x00,
0x80, 0x00, 0x01, 0x00, 0x80, 0x00, 0x01, 0x00, 0x80, 0x00, 0x01, 0x00, 0x80, 0x00, 0x01, 0x00,
0x80, 0x00, 0x01, 0x00, 0x80, 0x00, 0x01, 0x00, 0x80, 0x00, 0x01, 0x00, 0x80, 0x00, 0x01, 0x00,
0x80, 0x00, 0x01, 0x00, 0x80, 0x00, 0x01, 0x00, 0x80, 0x00, 0x01, 0x00, 0x80, 0x00, 0x01, 0x00,
0x80, 0x00, 0x01, 0x00, 0x80, 0x00, 0x01, 0x00, 0x80, 0x00, 0x01, 0x00, 0x80, 0x00, 0x01, 0x00,
0x80, 0x00, 0x01, 0x00, 0x80, 0x00, 0x01, 0x00, 0x80, 0x00, 0x01, 0x00, 0x80, 0x00, 0x01, 0x00,
0x80, 0x00, 0x01, 0x00, 0x80, 0x00, 0x01, 0x00, 0x80, 0x00, 0x01, 0x00, 0x80, 0x00, 0x01, 0x00,
0x80, 0x00, 0x01, 0x00, 0x80, 0x00, 0x01, 0x00, 0x80, 0x00, 0x01, 0x00, 0x80, 0x00, 0x01, 0x00,
0x80, 0x00, 0x01, 0x00, 0x80, 0x00, 0x01, 0x00, 0x80, 0x00, 0x01, 0x00, 0x80, 0x00, 0x01, 0x00,
0x80, 0x00, 0x01, 0x00, 0x80, 0x00, 0x01, 0x00, 0x80, 0x00, 0x01, 0x00, 0x80, 0x00, 0x01, 0x00,
0x80, 0x00, 0x01, 0x00, 0x80, 0x00, 0x01, 0x00, 0x80, 0x00, 0x01, 0x00, 0x80, 0x00, 0x01, 0x00,
0x80, 0x00, 0x01, 0x00, 0x80, 0x00, 0x01, 0x00, 0x80, 0x00, 0x01, 0x00, 0x80, 0x00, 0x01, 0x00,
0x80, 0x00, 0x01, 0x00, 0x80, 0x00, 0x01, 0x00, 0x80, 0x00, 0x01, 0x00, 0x80, 0x00, 0x01, 0x00,
0x80, 0x00, 0x01, 0x00, 0x80, 0x00, 0x01, 0x00, 0x80, 0x00, 0x01, 0x00, 0x80, 0x00, 0x01, 0x00,
0x80, 0x00, 0x01, 0x00, 0x80, 0x00, 0x01, 0x00, 0x80, 0x00, 0x01, 0x00, 0x80, 0x00, 0x01, 0x00,
0x80, 0x00, 0x01, 0x00, 0x80, 0x00, 0x01, 0x00, 0x80, 0x00, 0x01, 0x00, 0x80, 0x00, 0x01, 0x00,
0x80, 0x00, 0x01, 0x00, 0x80, 0x00, 0x01, 0x00, 0x80, 0x00, 0x01, 0x00, 0x80, 0x00, 0x01, 0x00,
0x80, 0x00, 0x01, 0x00, 0x80, 0x00, 0x01, 0x00, 0x80, 0x00, 0x01, 0x00, 0x80, 0x00, 0x01, 0x00,
0x80, 0x00, 0x01, 0x00, 0x80, 0x00, 0x01, 0x00, 0x80, 0x00, 0x01, 0x00, 0x80, 0x00, 0x01, 0x00,
0x80, 0x00, 0x01, 0x00, 0x80, 0x00, 0x01, 0x00, 0x80, 0x00, 0x01, 0x00, 0x80, 0x00, 0x01, 0x00,
0x80, 0x00, 0x01, 0x00, 0x80, 0x00, 0x01, 0x00, 0x80, 0x00, 0x01, 0x00, 0x80, 0x00, 0x01, 0x00,
0x00, 0x00, 0x00, 0x00, 0x00, 0x00, 0x00, 0x00, 0x7c, 0x00, 0x07, 0x00, 0x7c, 0x00, 0x07, 0x00,
0x7d, 0x00, 0x06, 0x00, 0x7d, 0x00, 0x06, 0x00, 0x7d, 0x00, 0x06, 0x00, 0x7d, 0x00, 0x06, 0x00,
0x83, 0x00, 0x06, 0x00, 0x83, 0x00, 0x06, 0x00, 0x83, 0x00, 0x06, 0x00, 0x83, 0x00, 0x06, 0x00,
0x84, 0x00, 0x06, 0x00, 0x84, 0x00, 0x06, 0x00, 0x84, 0x00, 0x06, 0x00, 0x84, 0x00, 0x06, 0x00,
0x7e, 0x00, 0x04, 0x00, 0x7e, 0x00, 0x04, 0x00, 0x7e, 0x00, 0x04, 0x00, 0x7e, 0x00, 0x04, 0x00,
0x7e, 0x00, 0x04, 0x00, 0x7e, 0x00, 0x04, 0x00, 0x7e, 0x00, 0x04, 0x00, 0x7e, 0x00, 0x04, 0x00,
0x7e, 0x00, 0x04, 0x00, 0x7e, 0x00, 0x04, 0x00, 0x7e, 0x00, 0x04, 0x00, 0x7e, 0x00, 0x04, 0x00,
0x7e, 0x00, 0x04, 0x00, 0x7e, 0x00, 0x04, 0x00, 0x7e, 0x00, 0x04, 0x00, 0x7e, 0x00, 0x04, 0x00,
0x7f, 0x00, 0x03, 0x00, 0x7f, 0x00, 0x03, 0x00, 0x7f, 0x00, 0x03, 0x00, 0x7f, 0x00, 0x03, 0x00,
0x7f, 0x00, 0x03, 0x00, 0x7f, 0x00, 0x03, 0x00, 0x7f, 0x00, 0x03, 0x00, 0x7f, 0x00, 0x03, 0x00,
0x7f, 0x00, 0x03, 0x00, 0x7f, 0x00, 0x03, 0x00, 0x7f, 0x00, 0x03, 0x00, 0x7f, 0x00, 0x03, 0x00,
0x7f, 0x00, 0x03, 0x00, 0x7f, 0x00, 0x03, 0x00, 0x7f, 0x00, 0x03, 0x00, 0x7f, 0x00, 0x03, 0x00,
0x7f, 0x00, 0x03, 0x00, 0x7f, 0x00, 0x03, 0x00, 0x7f, 0x00, 0x03, 0x00, 0x7f, 0x00, 0x03, 0x00,
0x7f, 0x00, 0x03, 0x00, 0x7f, 0x00, 0x03, 0x00, 0x7f, 0x00, 0x03, 0x00, 0x7f, 0x00, 0x03, 0x00,
0x7f, 0x00, 0x03, 0x00, 0x7f, 0x00, 0x03, 0x00, 0x7f, 0x00, 0x03, 0x00, 0x7f, 0x00, 0x03, 0x00,
0x7f, 0x00, 0x03, 0x00, 0x7f, 0x00, 0x03, 0x00, 0x7f, 0x00, 0x03, 0x00, 0x7f, 0x00, 0x03, 0x00,
0x81, 0x00, 0x03, 0x00, 0x81, 0x00, 0x03, 0x00, 0x81, 0x00, 0x03, 0x00, 0x81, 0x00, 0x03, 0x00,
0x81, 0x00, 0x03, 0x00, 0x81, 0x00, 0x03, 0x00, 0x81, 0x00, 0x03, 0x00, 0x81, 0x00, 0x03, 0x00,
0x81, 0x00, 0x03, 0x00, 0x81, 0x00, 0x03, 0x00, 0x81, 0x00, 0x03, 0x00, 0x81, 0x00, 0x03, 0x00,
0x81, 0x00, 0x03, 0x00, 0x81, 0x00, 0x03, 0x00, 0x81, 0x00, 0x03, 0x00, 0x81, 0x00, 0x03, 0x00,
0x81, 0x00, 0x03, 0x00, 0x81, 0x00, 0x03, 0x00, 0x81, 0x00, 0x03, 0x00, 0x81, 0x00, 0x03, 0x00,
0x81, 0x00, 0x03, 0x00, 0x81, 0x00, 0x03, 0x00, 0x81, 0x00, 0x03, 0x00, 0x81, 0x00, 0x03, 0x00,
0x81, 0x00, 0x03, 0x00, 0x81, 0x00, 0x03, 0x00, 0x81, 0x00, 0x03, 0x00, 0x81, 0x00, 0x03, 0x00,
0x81, 0x00, 0x03, 0x00, 0x81, 0x00, 0x03, 0x00, 0x81, 0x00, 0x03, 0x00, 0x81, 0x00, 0x03, 0x00,
0x82, 0x00, 0x03, 0x00, 0x82, 0x00, 0x03, 0x00, 0x82, 0x00, 0x03, 0x00, 0x82, 0x00, 0x03, 0x00,
0x82, 0x00, 0x03, 0x00, 0x82, 0x00, 0x03, 0x00, 0x82, 0x00, 0x03, 0x00, 0x82, 0x00, 0x03, 0x00,
0x82, 0x00, 0x03, 0x00, 0x82, 0x00, 0x03, 0x00, 0x82, 0x00, 0x03, 0x00, 0x82, 0x00, 0x03, 0x00,
0x82, 0x00, 0x03, 0x00, 0x82, 0x00, 0x03, 0x00, 0x82, 0x00, 0x03, 0x00, 0x82, 0x00, 0x03, 0x00,
0x82, 0x00, 0x03, 0x00, 0x82, 0x00, 0x03, 0x00, 0x82, 0x00, 0x03, 0x00, 0x82, 0x00, 0x03, 0x00,
0x82, 0x00, 0x03, 0x00, 0x82, 0x00, 0x03, 0x00, 0x82, 0x00, 0x03, 0x00, 0x82, 0x00, 0x03, 0x00,
0x82, 0x00, 0x03, 0x00, 0x82, 0x00, 0x03, 0x00, 0x82, 0x00, 0x03, 0x00, 0x82, 0x00, 0x03, 0x00,
0x82, 0x00, 0x03, 0x00, 0x82, 0x00, 0x03, 0x00, 0x82, 0x00, 0x03, 0x00, 0x82, 0x00, 0x03, 0x00,
0x80, 0x00, 0x01, 0x00, 0x80, 0x00, 0x01, 0x00, 0x80, 0x00, 0x01, 0x00, 0x80, 0x00, 0x01, 0x00,
0x80, 0x00, 0x01, 0x00, 0x80, 0x00, 0x01, 0x00, 0x80, 0x00, 0x01, 0x00, 0x80, 0x00, 0x01, 0x00,
0x80, 0x00, 0x01, 0x00, 0x80, 0x00, 0x01, 0x00, 0x80, 0x00, 0x01, 0x00, 0x80, 0x00, 0x01, 0x00,
0x80, 0x00, 0x01, 0x00, 0x80, 0x00, 0x01, 0x00, 0x80, 0x00, 0x01, 0x00, 0x80, 0x00, 0x01, 0x00,
0x80, 0x00, 0x01, 0x00, 0x80, 0x00, 0x01, 0x00, 0x80, 0x00, 0x01, 0x00, 0x80, 0x00, 0x01, 0x00,
0x80, 0x00, 0x01, 0x00, 0x80, 0x00, 0x01, 0x00, 0x80, 0x00, 0x01, 0x00, 0x80, 0x00, 0x01, 0x00,
0x80, 0x00, 0x01, 0x00, 0x80, 0x00, 0x01, 0x00, 0x80, 0x00, 0x01, 0x00, 0x80, 0x00, 0x01, 0x00,
0x80, 0x00, 0x01, 0x00, 0x80, 0x00, 0x01, 0x00, 0x80, 0x00, 0x01, 0x00, 0x80, 0x00, 0x01, 0x00,
0x80, 0x00, 0x01, 0x00, 0x80, 0x00, 0x01, 0x00, 0x80, 0x00, 0x01, 0x00, 0x80, 0x00, 0x01, 0x00,
0x80, 0x00, 0x01, 0x00, 0x80, 0x00, 0x01, 0x00, 0x80, 0x00, 0x01, 0x00, 0x80, 0x00, 0x01, 0x00,
0x80, 0x00, 0x01, 0x00, 0x80, 0x00, 0x01, 0x00, 0x80, 0x00, 0x01, 0x00, 0x80, 0x00, 0x01, 0x00,
0x80, 0x00, 0x01, 0x00, 0x80, 0x00, 0x01, 0x00, 0x80, 0x00, 0x01, 0x00, 0x80, 0x00, 0x01, 0x00,
0x80, 0x00, 0x01, 0x00, 0x80, 0x00, 0x01, 0x00, 0x80, 0x00, 0x01, 0x00, 0x80, 0x00, 0x01, 0x00,
0x80, 0x00, 0x01, 0x00, 0x80, 0x00, 0x01, 0x00, 0x80, 0x00, 0x01, 0x00, 0x80, 0x00, 0x01, 0x00,
0x80, 0x00, 0x01, 0x00, 0x80, 0x00, 0x01, 0x00, 0x80, 0x00, 0x01, 0x00, 0x80, 0x00, 0x01, 0x00,
0x80, 0x00, 0x01, 0x00, 0x80, 0x00, 0x01, 0x00, 0x80, 0x00, 0x01, 0x00, 0x80, 0x00, 0x01, 0x00,
0x80, 0x00, 0x01, 0x00, 0x80, 0x00, 0x01, 0x00, 0x80, 0x00, 0x01, 0x00, 0x80, 0x00, 0x01, 0x00,
0x80, 0x00, 0x01, 0x00, 0x80, 0x00, 0x01, 0x00, 0x80, 0x00, 0x01, 0x00, 0x80, 0x00, 0x01, 0x00,
0x80, 0x00, 0x01, 0x00, 0x80, 0x00, 0x01, 0x00, 0x80, 0x00, 0x01, 0x00, 0x80, 0x00, 0x01, 0x00,
0x80, 0x00, 0x01, 0x00, 0x80, 0x00, 0x01, 0x00, 0x80, 0x00, 0x01, 0x00, 0x80, 0x00, 0x01, 0x00,
0x80, 0x00, 0x01, 0x00, 0x80, 0x00, 0x01, 0x00, 0x80, 0x00, 0x01, 0x00, 0x80, 0x00, 0x01, 0x00,
0x80, 0x00, 0x01, 0x00, 0x80, 0x00, 0x01, 0x00, 0x80, 0x00, 0x01, 0x00, 0x80, 0x00, 0x01, 0x00,
0x80, 0x00, 0x01, 0x00, 0x80, 0x00, 0x01, 0x00, 0x80, 0x00, 0x01, 0x00, 0x80, 0x00, 0x01, 0x00,
0x80, 0x00, 0x01, 0x00, 0x80, 0x00, 0x01, 0x00, 0x80, 0x00, 0x01, 0x00, 0x80, 0x00, 0x01, 0x00,
0x80, 0x00, 0x01, 0x00, 0x80, 0x00, 0x01, 0x00, 0x80, 0x00, 0x01, 0x00, 0x80, 0x00, 0x01, 0x00,
0x80, 0x00, 0x01, 0x00, 0x80, 0x00, 0x01, 0x00, 0x80, 0x00, 0x01, 0x00, 0x80, 0x00, 0x01, 0x00,
0x80, 0x00, 0x01, 0x00, 0x80, 0x00, 0x01, 0x00, 0x80, 0x00, 0x01, 0x00, 0x80, 0x00, 0x01, 0x00,
0x80, 0x00, 0x01, 0x00, 0x80, 0x00, 0x01, 0x00, 0x80, 0x00, 0x01, 0x00, 0x80, 0x00, 0x01, 0x00,
0x80, 0x00, 0x01, 0x00, 0x80, 0x00, 0x01, 0x00, 0x80, 0x00, 0x01, 0x00, 0x80, 0x00, 0x01, 0x00,
0x80, 0x00, 0x01, 0x00, 0x80, 0x00, 0x01, 0x00, 0x80, 0x00, 0x01, 0x00, 0x80, 0x00, 0x01, 0x00,
0x80, 0x00, 0x01, 0x00, 0x80, 0x00, 0x01, 0x00, 0x80, 0x00, 0x01, 0x00, 0x80, 0x00, 0x01, 0x00,
0x80, 0x00, 0x01, 0x00, 0x80, 0x00, 0x01, 0x00, 0x80, 0x00, 0x01, 0x00, 0x80, 0x00, 0x01, 0x00,
0x00, 0x00, 0x00, 0x00, 0x00, 0x00, 0x00, 0x00, 0x7b, 0x00, 0x08, 0x00, 0x85, 0x00, 0x08, 0x00,
0x7c, 0x00, 0x06, 0x00, 0x7c, 0x00, 0x06, 0x00, 0x7c, 0x00, 0x06, 0x00, 0x7c, 0x00, 0x06, 0x00,
0x7d, 0x00, 0x05, 0x00, 0x7d, 0x00, 0x05, 0x00, 0x7d, 0x00, 0x05, 0x00, 0x7d, 0x00, 0x05, 0x00,
0x7d, 0x00, 0x05, 0x00, 0x7d, 0x00, 0x05, 0x00, 0x7d, 0x00, 0x05, 0x00, 0x7d, 0x00, 0x05, 0x00,
0x83, 0x00, 0x05, 0x00, 0x83, 0x00, 0x05, 0x00, 0x83, 0x00, 0x05, 0x00, 0x83, 0x00, 0x05, 0x00,
0x83, 0x00, 0x05, 0x00, 0x83, 0x00, 0x05, 0x00, 0x83, 0x00, 0x05, 0x00, 0x83, 0x00, 0x05, 0x00,
0x84, 0x00, 0x05, 0x00, 0x84, 0x00, 0x05, 0x00, 0x84, 0x00, 0x05, 0x00, 0x84, 0x00, 0x05, 0x00,
0x84, 0x00, 0x05, 0x00, 0x84, 0x00, 0x05, 0x00, 0x84, 0x00, 0x05, 0x00, 0x84, 0x00, 0x05, 0x00,
0x7e, 0x00, 0x04, 0x00, 0x7e, 0x00, 0x04, 0x00, 0x7e, 0x00, 0x04, 0x00, 0x7e, 0x00, 0x04, 0x00,
0x7e, 0x00, 0x04, 0x00, 0x7e, 0x00, 0x04, 0x00, 0x7e, 0x00, 0x04, 0x00, 0x7e, 0x00, 0x04, 0x00,
0x7e, 0x00, 0x04, 0x00, 0x7e, 0x00, 0x04, 0x00, 0x7e, 0x00, 0x04, 0x00, 0x7e, 0x00, 0x04, 0x00,
0x7e, 0x00, 0x04, 0x00, 0x7e, 0x00, 0x04, 0x00, 0x7e, 0x00, 0x04, 0x00, 0x7e, 0x00, 0x04, 0x00,
0x82, 0x00, 0x04, 0x00, 0x82, 0x00, 0x04, 0x00, 0x82, 0x00, 0x04, 0x00, 0x82, 0x00, 0x04, 0x00,
0x82, 0x00, 0x04, 0x00, 0x82, 0x00, 0x04, 0x00, 0x82, 0x00, 0x04, 0x00, 0x82, 0x00, 0x04, 0x00,
0x82, 0x00, 0x04, 0x00, 0x82, 0x00, 0x04, 0x00, 0x82, 0x00, 0x04, 0x00, 0x82, 0x00, 0x04, 0x00,
0x82, 0x00, 0x04, 0x00, 0x82, 0x00, 0x04, 0x00, 0x82, 0x00, 0x04, 0x00, 0x82, 0x00, 0x04, 0x00,
0x7f, 0x00, 0x03, 0x00, 0x7f, 0x00, 0x03, 0x00, 0x7f, 0x00, 0x03, 0x00, 0x7f, 0x00, 0x03, 0x00,
0x7f, 0x00, 0x03, 0x00, 0x7f, 0x00, 0x03, 0x00, 0x7f, 0x00, 0x03, 0x00, 0x7f, 0x00, 0x03, 0x00,
0x7f, 0x00, 0x03, 0x00, 0x7f, 0x00, 0x03, 0x00, 0x7f, 0x00, 0x03, 0x00, 0x7f, 0x00, 0x03, 0x00,
0x7f, 0x00, 0x03, 0x00, 0x7f, 0x00, 0x03, 0x00, 0x7f, 0x00, 0x03, 0x00, 0x7f, 0x00, 0x03, 0x00,
0x7f, 0x00, 0x03, 0x00, 0x7f, 0x00, 0x03, 0x00, 0x7f, 0x00, 0x03, 0x00, 0x7f, 0x00, 0x03, 0x00,
0x7f, 0x00, 0x03, 0x00, 0x7f, 0x00, 0x03, 0x00, 0x7f, 0x00, 0x03, 0x00, 0x7f, 0x00, 0x03, 0x00,
0x7f, 0x00, 0x03, 0x00, 0x7f, 0x00, 0x03, 0x00, 0x7f, 0x00, 0x03, 0x00, 0x7f, 0x00, 0x03, 0x00,
0x7f, 0x00, 0x03, 0x00, 0x7f, 0x00, 0x03, 0x00, 0x7f, 0x00, 0x03, 0x00, 0x7f, 0x00, 0x03, 0x00,
0x81, 0x00, 0x03, 0x00, 0x81, 0x00, 0x03, 0x00, 0x81, 0x00, 0x03, 0x00, 0x81, 0x00, 0x03, 0x00,
0x81, 0x00, 0x03, 0x00, 0x81, 0x00, 0x03, 0x00, 0x81, 0x00, 0x03, 0x00, 0x81, 0x00, 0x03, 0x00,
0x81, 0x00, 0x03, 0x00, 0x81, 0x00, 0x03, 0x00, 0x81, 0x00, 0x03, 0x00, 0x81, 0x00, 0x03, 0x00,
0x81, 0x00, 0x03, 0x00, 0x81, 0x00, 0x03, 0x00, 0x81, 0x00, 0x03, 0x00, 0x81, 0x00, 0x03, 0x00,
0x81, 0x00, 0x03, 0x00, 0x81, 0x00, 0x03, 0x00, 0x81, 0x00, 0x03, 0x00, 0x81, 0x00, 0x03, 0x00,
0x81, 0x00, 0x03, 0x00, 0x81, 0x00, 0x03, 0x00, 0x81, 0x00, 0x03, 0x00, 0x81, 0x00, 0x03, 0x00,
0x81, 0x00, 0x03, 0x00, 0x81, 0x00, 0x03, 0x00, 0x81, 0x00, 0x03, 0x00, 0x81, 0x00, 0x03, 0x00,
0x81, 0x00, 0x03, 0x00, 0x81, 0x00, 0x03, 0x00, 0x81, 0x00, 0x03, 0x00, 0x81, 0x00, 0x03, 0x00,
0x80, 0x00, 0x01, 0x00, 0x80, 0x00, 0x01, 0x00, 0x80, 0x00, 0x01, 0x00, 0x80, 0x00, 0x01, 0x00,
0x80, 0x00, 0x01, 0x00, 0x80, 0x00, 0x01, 0x00, 0x80, 0x00, 0x01, 0x00, 0x80, 0x00, 0x01, 0x00,
0x80, 0x00, 0x01, 0x00, 0x80, 0x00, 0x01, 0x00, 0x80, 0x00, 0x01, 0x00, 0x80, 0x00, 0x01, 0x00,
0x80, 0x00, 0x01, 0x00, 0x80, 0x00, 0x01, 0x00, 0x80, 0x00, 0x01, 0x00, 0x80, 0x00, 0x01, 0x00,
0x80, 0x00, 0x01, 0x00, 0x80, 0x00, 0x01, 0x00, 0x80, 0x00, 0x01, 0x00, 0x80, 0x00, 0x01, 0x00,
0x80, 0x00, 0x01, 0x00, 0x80, 0x00, 0x01, 0x00, 0x80, 0x00, 0x01, 0x00, 0x80, 0x00, 0x01, 0x00,
0x80, 0x00, 0x01, 0x00, 0x80, 0x00, 0x01, 0x00, 0x80, 0x00, 0x01, 0x00, 0x80, 0x00, 0x01, 0x00,
0x80, 0x00, 0x01, 0x00, 0x80, 0x00, 0x01, 0x00, 0x80, 0x00, 0x01, 0x00, 0x80, 0x00, 0x01, 0x00,
0x80, 0x00, 0x01, 0x00, 0x80, 0x00, 0x01, 0x00, 0x80, 0x00, 0x01, 0x00, 0x80, 0x00, 0x01, 0x00,
0x80, 0x00, 0x01, 0x00, 0x80, 0x00, 0x01, 0x00, 0x80, 0x00, 0x01, 0x00, 0x80, 0x00, 0x01, 0x00,
0x80, 0x00, 0x01, 0x00, 0x80, 0x00, 0x01, 0x00, 0x80, 0x00, 0x01, 0x00, 0x80, 0x00, 0x01, 0x00,
0x80, 0x00, 0x01, 0x00, 0x80, 0x00, 0x01, 0x00, 0x80, 0x00, 0x01, 0x00, 0x80, 0x00, 0x01, 0x00,
0x80, 0x00, 0x01, 0x00, 0x80, 0x00, 0x01, 0x00, 0x80, 0x00, 0x01, 0x00, 0x80, 0x00, 0x01, 0x00,
0x80, 0x00, 0x01, 0x00, 0x80, 0x00, 0x01, 0x00, 0x80, 0x00, 0x01, 0x00, 0x80, 0x00, 0x01, 0x00,
0x80, 0x00, 0x01, 0x00, 0x80, 0x00, 0x01, 0x00, 0x80, 0x00, 0x01, 0x00, 0x80, 0x00, 0x01, 0x00,
0x80, 0x00, 0x01, 0x00, 0x80, 0x00, 0x01, 0x00, 0x80, 0x00, 0x01, 0x00, 0x80, 0x00, 0x01, 0x00,
0x80, 0x00, 0x01, 0x00, 0x80, 0x00, 0x01, 0x00, 0x80, 0x00, 0x01, 0x00, 0x80, 0x00, 0x01, 0x00,
0x80, 0x00, 0x01, 0x00, 0x80, 0x00, 0x01, 0x00, 0x80, 0x00, 0x01, 0x00, 0x80, 0x00, 0x01, 0x00,
0x80, 0x00, 0x01, 0x00, 0x80, 0x00, 0x01, 0x00, 0x80, 0x00, 0x01, 0x00, 0x80, 0x00, 0x01, 0x00,
0x80, 0x00, 0x01, 0x00, 0x80, 0x00, 0x01, 0x00, 0x80, 0x00, 0x01, 0x00, 0x80, 0x00, 0x01, 0x00,
0x80, 0x00, 0x01, 0x00, 0x80, 0x00, 0x01, 0x00, 0x80, 0x00, 0x01, 0x00, 0x80, 0x00, 0x01, 0x00,
0x80, 0x00, 0x01, 0x00, 0x80, 0x00, 0x01, 0x00, 0x80, 0x00, 0x01, 0x00, 0x80, 0x00, 0x01, 0x00,
0x80, 0x00, 0x01, 0x00, 0x80, 0x00, 0x01, 0x00, 0x80, 0x00, 0x01, 0x00, 0x80, 0x00, 0x01, 0x00,
0x80, 0x00, 0x01, 0x00, 0x80, 0x00, 0x01, 0x00, 0x80, 0x00, 0x01, 0x00, 0x80, 0x00, 0x01, 0x00,
0x80, 0x00, 0x01, 0x00, 0x80, 0x00, 0x01, 0x00, 0x80, 0x00, 0x01, 0x00, 0x80, 0x00, 0x01, 0x00,
0x80, 0x00, 0x01, 0x00, 0x80, 0x00, 0x01, 0x00, 0x80, 0x00, 0x01, 0x00, 0x80, 0x00, 0x01, 0x00,
0x80, 0x00, 0x01, 0x00, 0x80, 0x00, 0x01, 0x00, 0x80, 0x00, 0x01, 0x00, 0x80, 0x00, 0x01, 0x00,
0x80, 0x00, 0x01, 0x00, 0x80, 0x00, 0x01, 0x00, 0x80, 0x00, 0x01, 0x00, 0x80, 0x00, 0x01, 0x00,
0x80, 0x00, 0x01, 0x00, 0x80, 0x00, 0x01, 0x00, 0x80, 0x00, 0x01, 0x00, 0x80, 0x00, 0x01, 0x00,
0x80, 0x00, 0x01, 0x00, 0x80, 0x00, 0x01, 0x00, 0x80, 0x00, 0x01, 0x00, 0x80, 0x00, 0x01, 0x00,
0x80, 0x00, 0x01, 0x00, 0x80, 0x00, 0x01, 0x00, 0x80, 0x00, 0x01, 0x00, 0x80, 0x00, 0x01, 0x00,
0x80, 0x00, 0x01, 0x00, 0x80, 0x00, 0x01, 0x00, 0x80, 0x00, 0x01, 0x00, 0x80, 0x00, 0x01, 0x00,
0x00, 0x00, 0x00, 0x00, 0x00, 0x00, 0x00, 0x00, 0x79, 0x00, 0x08, 0x00, 0x87, 0x00, 0x08, 0x00,
0x7a, 0x00, 0x07, 0x00, 0x7a, 0x00, 0x07, 0x00, 0x86, 0x00, 0x07, 0x00, 0x86, 0x00, 0x07, 0x00,
0x7b, 0x00, 0x06, 0x00, 0x7b, 0x00, 0x06, 0x00, 0x7b, 0x00, 0x06, 0x00, 0x7b, 0x00, 0x06, 0x00,
0x85, 0x00, 0x06, 0x00, 0x85, 0x00, 0x06, 0x00, 0x85, 0x00, 0x06, 0x00, 0x85, 0x00, 0x06, 0x00,
0x7c, 0x00, 0x05, 0x00, 0x7c, 0x00, 0x05, 0x00, 0x7c, 0x00, 0x05, 0x00, 0x7c, 0x00, 0x05, 0x00,
0x7c, 0x00, 0x05, 0x00, 0x7c, 0x00, 0x05, 0x00, 0x7c, 0x00, 0x05, 0x00, 0x7c, 0x00, 0x05, 0x00,
0x84, 0x00, 0x05, 0x00, 0x84, 0x00, 0x05, 0x00, 0x84, 0x00, 0x05, 0x00, 0x84, 0x00, 0x05, 0x00,
0x84, 0x00, 0x05, 0x00, 0x84, 0x00, 0x05, 0x00, 0x84, 0x00, 0x05, 0x00, 0x84, 0x00, 0x05, 0x00,
0x7d, 0x00, 0x04, 0x00, 0x7d, 0x00, 0x04, 0x00, 0x7d, 0x00, 0x04, 0x00, 0x7d, 0x00, 0x04, 0x00,
0x7d, 0x00, 0x04, 0x00, 0x7d, 0x00, 0x04, 0x00, 0x7d, 0x00, 0x04, 0x00, 0x7d, 0x00, 0x04, 0x00,
0x7d, 0x00, 0x04, 0x00, 0x7d, 0x00, 0x04, 0x00, 0x7d, 0x00, 0x04, 0x00, 0x7d, 0x00, 0x04, 0x00,
0x7d, 0x00, 0x04, 0x00, 0x7d, 0x00, 0x04, 0x00, 0x7d, 0x00, 0x04, 0x00, 0x7d, 0x00, 0x04, 0x00,
0x83, 0x00, 0x04, 0x00, 0x83, 0x00, 0x04, 0x00, 0x83, 0x00, 0x04, 0x00, 0x83, 0x00, 0x04, 0x00,
0x83, 0x00, 0x04, 0x00, 0x83, 0x00, 0x04, 0x00, 0x83, 0x00, 0x04, 0x00, 0x83, 0x00, 0x04, 0x00,
0x83, 0x00, 0x04, 0x00, 0x83, 0x00, 0x04, 0x00, 0x83, 0x00, 0x04, 0x00, 0x83, 0x00, 0x04, 0x00,
0x83, 0x00, 0x04, 0x00, 0x83, 0x00, 0x04, 0x00, 0x83, 0x00, 0x04, 0x00, 0x83, 0x00, 0x04, 0x00,
0x7e, 0x00, 0x03, 0x00, 0x7e, 0x00, 0x03, 0x00, 0x7e, 0x00, 0x03, 0x00, 0x7e, 0x00, 0x03, 0x00,
0x7e, 0x00, 0x03, 0x00, 0x7e, 0x00, 0x03, 0x00, 0x7e, 0x00, 0x03, 0x00, 0x7e, 0x00, 0x03, 0x00,
0x7e, 0x00, 0x03, 0x00, 0x7e, 0x00, 0x03, 0x00, 0x7e, 0x00, 0x03, 0x00, 0x7e, 0x00, 0x03, 0x00,
0x7e, 0x00, 0x03, 0x00, 0x7e, 0x00, 0x03, 0x00, 0x7e, 0x00, 0x03, 0x00, 0x7e, 0x00, 0x03, 0x00,
0x7e, 0x00, 0x03, 0x00, 0x7e, 0x00, 0x03, 0x00, 0x7e, 0x00, 0x03, 0x00, 0x7e, 0x00, 0x03, 0x00,
0x7e, 0x00, 0x03, 0x00, 0x7e, 0x00, 0x03, 0x00, 0x7e, 0x00, 0x03, 0x00, 0x7e, 0x00, 0x03, 0x00,
0x7e, 0x00, 0x03, 0x00, 0x7e, 0x00, 0x03, 0x00, 0x7e, 0x00, 0x03, 0x00, 0x7e, 0x00, 0x03, 0x00,
0x7e, 0x00, 0x03, 0x00, 0x7e, 0x00, 0x03, 0x00, 0x7e, 0x00, 0x03, 0x00, 0x7e, 0x00, 0x03, 0x00,
0x7f, 0x00, 0x03, 0x00, 0x7f, 0x00, 0x03, 0x00, 0x7f, 0x00, 0x03, 0x00, 0x7f, 0x00, 0x03, 0x00,
0x7f, 0x00, 0x03, 0x00, 0x7f, 0x00, 0x03, 0x00, 0x7f, 0x00, 0x03, 0x00, 0x7f, 0x00, 0x03, 0x00,
0x7f, 0x00, 0x03, 0x00, 0x7f, 0x00, 0x03, 0x00, 0x7f, 0x00, 0x03, 0x00, 0x7f, 0x00, 0x03, 0x00,
0x7f, 0x00, 0x03, 0x00, 0x7f, 0x00, 0x03, 0x00, 0x7f, 0x00, 0x03, 0x00, 0x7f, 0x00, 0x03, 0x00,
0x7f, 0x00, 0x03, 0x00, 0x7f, 0x00, 0x03, 0x00, 0x7f, 0x00, 0x03, 0x00, 0x7f, 0x00, 0x03, 0x00,
0x7f, 0x00, 0x03, 0x00, 0x7f, 0x00, 0x03, 0x00, 0x7f, 0x00, 0x03, 0x00, 0x7f, 0x00, 0x03, 0x00,
0x7f, 0x00, 0x03, 0x00, 0x7f, 0x00, 0x03, 0x00, 0x7f, 0x00, 0x03, 0x00, 0x7f, 0x00, 0x03, 0x00,
0x7f, 0x00, 0x03, 0x00, 0x7f, 0x00, 0x03, 0x00, 0x7f, 0x00, 0x03, 0x00, 0x7f, 0x00, 0x03, 0x00,
0x81, 0x00, 0x03, 0x00, 0x81, 0x00, 0x03, 0x00, 0x81, 0x00, 0x03, 0x00, 0x81, 0x00, 0x03, 0x00,
0x81, 0x00, 0x03, 0x00, 0x81, 0x00, 0x03, 0x00, 0x81, 0x00, 0x03, 0x00, 0x81, 0x00, 0x03, 0x00,
0x81, 0x00, 0x03, 0x00, 0x81, 0x00, 0x03, 0x00, 0x81, 0x00, 0x03, 0x00, 0x81, 0x00, 0x03, 0x00,
0x81, 0x00, 0x03, 0x00, 0x81, 0x00, 0x03, 0x00, 0x81, 0x00, 0x03, 0x00, 0x81, 0x00, 0x03, 0x00,
0x81, 0x00, 0x03, 0x00, 0x81, 0x00, 0x03, 0x00, 0x81, 0x00, 0x03, 0x00, 0x81, 0x00, 0x03, 0x00,
0x81, 0x00, 0x03, 0x00, 0x81, 0x00, 0x03, 0x00, 0x81, 0x00, 0x03, 0x00, 0x81, 0x00, 0x03, 0x00,
0x81, 0x00, 0x03, 0x00, 0x81, 0x00, 0x03, 0x00, 0x81, 0x00, 0x03, 0x00, 0x81, 0x00, 0x03, 0x00,
0x81, 0x00, 0x03, 0x00, 0x81, 0x00, 0x03, 0x00, 0x81, 0x00, 0x03, 0x00, 0x81, 0x00, 0x03, 0x00,
0x82, 0x00, 0x03, 0x00, 0x82, 0x00, 0x03, 0x00, 0x82, 0x00, 0x03, 0x00, 0x82, 0x00, 0x03, 0x00,
0x82, 0x00, 0x03, 0x00, 0x82, 0x00, 0x03, 0x00, 0x82, 0x00, 0x03, 0x00, 0x82, 0x00, 0x03, 0x00,
0x82, 0x00, 0x03, 0x00, 0x82, 0x00, 0x03, 0x00, 0x82, 0x00, 0x03, 0x00, 0x82, 0x00, 0x03, 0x00,
0x82, 0x00, 0x03, 0x00, 0x82, 0x00, 0x03, 0x00, 0x82, 0x00, 0x03, 0x00, 0x82, 0x00, 0x03, 0x00,
0x82, 0x00, 0x03, 0x00, 0x82, 0x00, 0x03, 0x00, 0x82, 0x00, 0x03, 0x00, 0x82, 0x00, 0x03, 0x00,
0x82, 0x00, 0x03, 0x00, 0x82, 0x00, 0x03, 0x00, 0x82, 0x00, 0x03, 0x00, 0x82, 0x00, 0x03, 0x00,
0x82, 0x00, 0x03, 0x00, 0x82, 0x00, 0x03, 0x00, 0x82, 0x00, 0x03, 0x00, 0x82, 0x00, 0x03, 0x00,
0x82, 0x00, 0x03, 0x00, 0x82, 0x00, 0x03, 0x00, 0x82, 0x00, 0x03, 0x00, 0x82, 0x00, 0x03, 0x00,
0x80, 0x00, 0x02, 0x00, 0x80, 0x00, 0x02, 0x00, 0x80, 0x00, 0x02, 0x00, 0x80, 0x00, 0x02, 0x00,
0x80, 0x00, 0x02, 0x00, 0x80, 0x00, 0x02, 0x00, 0x80, 0x00, 0x02, 0x00, 0x80, 0x00, 0x02, 0x00,
0x80, 0x00, 0x02, 0x00, 0x80, 0x00, 0x02, 0x00, 0x80, 0x00, 0x02, 0x00, 0x80, 0x00, 0x02, 0x00,
0x80, 0x00, 0x02, 0x00, 0x80, 0x00, 0x02, 0x00, 0x80, 0x00, 0x02, 0x00, 0x80, 0x00, 0x02, 0x00,
0x80, 0x00, 0x02, 0x00, 0x80, 0x00, 0x02, 0x00, 0x80, 0x00, 0x02, 0x00, 0x80, 0x00, 0x02, 0x00,
0x80, 0x00, 0x02, 0x00, 0x80, 0x00, 0x02, 0x00, 0x80, 0x00, 0x02, 0x00, 0x80, 0x00, 0x02, 0x00,
0x80, 0x00, 0x02, 0x00, 0x80, 0x00, 0x02, 0x00, 0x80, 0x00, 0x02, 0x00, 0x80, 0x00, 0x02, 0x00,
0x80, 0x00, 0x02, 0x00, 0x80, 0x00, 0x02, 0x00, 0x80, 0x00, 0x02, 0x00, 0x80, 0x00, 0x02, 0x00,
0x80, 0x00, 0x02, 0x00, 0x80, 0x00, 0x02, 0x00, 0x80, 0x00, 0x02, 0x00, 0x80, 0x00, 0x02, 0x00,
0x80, 0x00, 0x02, 0x00, 0x80, 0x00, 0x02, 0x00, 0x80, 0x00, 0x02, 0x00, 0x80, 0x00, 0x02, 0x00,
0x80, 0x00, 0x02, 0x00, 0x80, 0x00, 0x02, 0x00, 0x80, 0x00, 0x02, 0x00, 0x80, 0x00, 0x02, 0x00,
0x80, 0x00, 0x02, 0x00, 0x80, 0x00, 0x02, 0x00, 0x80, 0x00, 0x02, 0x00, 0x80, 0x00, 0x02, 0x00,
0x80, 0x00, 0x02, 0x00, 0x80, 0x00, 0x02, 0x00, 0x80, 0x00, 0x02, 0x00, 0x80, 0x00, 0x02, 0x00,
0x80, 0x00, 0x02, 0x00, 0x80, 0x00, 0x02, 0x00, 0x80, 0x00, 0x02, 0x00, 0x80, 0x00, 0x02, 0x00,
0x80, 0x00, 0x02, 0x00, 0x80, 0x00, 0x02, 0x00, 0x80, 0x00, 0x02, 0x00, 0x80, 0x00, 0x02, 0x00,
0x80, 0x00, 0x02, 0x00, 0x80, 0x00, 0x02, 0x00, 0x80, 0x00, 0x02, 0x00, 0x80, 0x00, 0x02, 0x00,
0x00, 0x00, 0x00, 0x00, 0x00, 0x00, 0x00, 0x00, 0x79, 0x00, 0x08, 0x00, 0x87, 0x00, 0x08, 0x00,
0x7a, 0x00, 0x07, 0x00, 0x7a, 0x00, 0x07, 0x00, 0x86, 0x00, 0x07, 0x00, 0x86, 0x00, 0x07, 0x00,
0x7b, 0x00, 0x06, 0x00, 0x7b, 0x00, 0x06, 0x00, 0x7b, 0x00, 0x06, 0x00, 0x7b, 0x00, 0x06, 0x00,
0x85, 0x00, 0x06, 0x00, 0x85, 0x00, 0x06, 0x00, 0x85, 0x00, 0x06, 0x00, 0x85, 0x00, 0x06, 0x00,
0x7c, 0x00, 0x04, 0x00, 0x7c, 0x00, 0x04, 0x00, 0x7c, 0x00, 0x04, 0x00, 0x7c, 0x00, 0x04, 0x00,
0x7c, 0x00, 0x04, 0x00, 0x7c, 0x00, 0x04, 0x00, 0x7c, 0x00, 0x04, 0x00, 0x7c, 0x00, 0x04, 0x00,
0x7c, 0x00, 0x04, 0x00, 0x7c, 0x00, 0x04, 0x00, 0x7c, 0x00, 0x04, 0x00, 0x7c, 0x00, 0x04, 0x00,
0x7c, 0x00, 0x04, 0x00, 0x7c, 0x00, 0x04, 0x00, 0x7c, 0x00, 0x04, 0x00, 0x7c, 0x00, 0x04, 0x00,
0x7d, 0x00, 0x04, 0x00, 0x7d, 0x00, 0x04, 0x00, 0x7d, 0x00, 0x04, 0x00, 0x7d, 0x00, 0x04, 0x00,
0x7d, 0x00, 0x04, 0x00, 0x7d, 0x00, 0x04, 0x00, 0x7d, 0x00, 0x04, 0x00, 0x7d, 0x00, 0x04, 0x00,
0x7d, 0x00, 0x04, 0x00, 0x7d, 0x00, 0x04, 0x00, 0x7d, 0x00, 0x04, 0x00, 0x7d, 0x00, 0x04, 0x00,
0x7d, 0x00, 0x04, 0x00, 0x7d, 0x00, 0x04, 0x00, 0x7d, 0x00, 0x04, 0x00, 0x7d, 0x00, 0x04, 0x00,
0x7e, 0x00, 0x04, 0x00, 0x7e, 0x00, 0x04, 0x00, 0x7e, 0x00, 0x04, 0x00, 0x7e, 0x00, 0x04, 0x00,
0x7e, 0x00, 0x04, 0x00, 0x7e, 0x00, 0x04, 0x00, 0x7e, 0x00, 0x04, 0x00, 0x7e, 0x00, 0x04, 0x00,
0x7e, 0x00, 0x04, 0x00, 0x7e, 0x00, 0x04, 0x00, 0x7e, 0x00, 0x04, 0x00, 0x7e, 0x00, 0x04, 0x00,
0x7e, 0x00, 0x04, 0x00, 0x7e, 0x00, 0x04, 0x00, 0x7e, 0x00, 0x04, 0x00, 0x7e, 0x00, 0x04, 0x00,
0x83, 0x00, 0x04, 0x00, 0x83, 0x00, 0x04, 0x00, 0x83, 0x00, 0x04, 0x00, 0x83, 0x00, 0x04, 0x00,
0x83, 0x00, 0x04, 0x00, 0x83, 0x00, 0x04, 0x00, 0x83, 0x00, 0x04, 0x00, 0x83, 0x00, 0x04, 0x00,
0x83, 0x00, 0x04, 0x00, 0x83, 0x00, 0x04, 0x00, 0x83, 0x00, 0x04, 0x00, 0x83, 0x00, 0x04, 0x00,
0x83, 0x00, 0x04, 0x00, 0x83, 0x00, 0x04, 0x00, 0x83, 0x00, 0x04, 0x00, 0x83, 0x00, 0x04, 0x00,
0x84, 0x00, 0x04, 0x00, 0x84, 0x00, 0x04, 0x00, 0x84, 0x00, 0x04, 0x00, 0x84, 0x00, 0x04, 0x00,
0x84, 0x00, 0x04, 0x00, 0x84, 0x00, 0x04, 0x00, 0x84, 0x00, 0x04, 0x00, 0x84, 0x00, 0x04, 0x00,
0x84, 0x00, 0x04, 0x00, 0x84, 0x00, 0x04, 0x00, 0x84, 0x00, 0x04, 0x00, 0x84, 0x00, 0x04, 0x00,
0x84, 0x00, 0x04, 0x00, 0x84, 0x00, 0x04, 0x00, 0x84, 0x00, 0x04, 0x00, 0x84, 0x00, 0x04, 0x00,
0x7f, 0x00, 0x03, 0x00, 0x7f, 0x00, 0x03, 0x00, 0x7f, 0x00, 0x03, 0x00, 0x7f, 0x00, 0x03, 0x00,
0x7f, 0x00, 0x03, 0x00, 0x7f, 0x00, 0x03, 0x00, 0x7f, 0x00, 0x03, 0x00, 0x7f, 0x00, 0x03, 0x00,
0x7f, 0x00, 0x03, 0x00, 0x7f, 0x00, 0x03, 0x00, 0x7f, 0x00, 0x03, 0x00, 0x7f, 0x00, 0x03, 0x00,
0x7f, 0x00, 0x03, 0x00, 0x7f, 0x00, 0x03, 0x00, 0x7f, 0x00, 0x03, 0x00, 0x7f, 0x00, 0x03, 0x00,
0x7f, 0x00, 0x03, 0x00, 0x7f, 0x00, 0x03, 0x00, 0x7f, 0x00, 0x03, 0x00, 0x7f, 0x00, 0x03, 0x00,
0x7f, 0x00, 0x03, 0x00, 0x7f, 0x00, 0x03, 0x00, 0x7f, 0x00, 0x03, 0x00, 0x7f, 0x00, 0x03, 0x00,
0x7f, 0x00, 0x03, 0x00, 0x7f, 0x00, 0x03, 0x00, 0x7f, 0x00, 0x03, 0x00, 0x7f, 0x00, 0x03, 0x00,
0x7f, 0x00, 0x03, 0x00, 0x7f, 0x00, 0x03, 0x00, 0x7f, 0x00, 0x03, 0x00, 0x7f, 0x00, 0x03, 0x00,
0x81, 0x00, 0x03, 0x00, 0x81, 0x00, 0x03, 0x00, 0x81, 0x00, 0x03, 0x00, 0x81, 0x00, 0x03, 0x00,
0x81, 0x00, 0x03, 0x00, 0x81, 0x00, 0x03, 0x00, 0x81, 0x00, 0x03, 0x00, 0x81, 0x00, 0x03, 0x00,
0x81, 0x00, 0x03, 0x00, 0x81, 0x00, 0x03, 0x00, 0x81, 0x00, 0x03, 0x00, 0x81, 0x00, 0x03, 0x00,
0x81, 0x00, 0x03, 0x00, 0x81, 0x00, 0x03, 0x00, 0x81, 0x00, 0x03, 0x00, 0x81, 0x00, 0x03, 0x00,
0x81, 0x00, 0x03, 0x00, 0x81, 0x00, 0x03, 0x00, 0x81, 0x00, 0x03, 0x00, 0x81, 0x00, 0x03, 0x00,
0x81, 0x00, 0x03, 0x00, 0x81, 0x00, 0x03, 0x00, 0x81, 0x00, 0x03, 0x00, 0x81, 0x00, 0x03, 0x00,
0x81, 0x00, 0x03, 0x00, 0x81, 0x00, 0x03, 0x00, 0x81, 0x00, 0x03, 0x00, 0x81, 0x00, 0x03, 0x00,
0x81, 0x00, 0x03, 0x00, 0x81, 0x00, 0x03, 0x00, 0x81, 0x00, 0x03, 0x00, 0x81, 0x00, 0x03, 0x00,
0x82, 0x00, 0x03, 0x00, 0x82, 0x00, 0x03, 0x00, 0x82, 0x00, 0x03, 0x00, 0x82, 0x00, 0x03, 0x00,
0x82, 0x00, 0x03, 0x00, 0x82, 0x00, 0x03, 0x00, 0x82, 0x00, 0x03, 0x00, 0x82, 0x00, 0x03, 0x00,
0x82, 0x00, 0x03, 0x00, 0x82, 0x00, 0x03, 0x00, 0x82, 0x00, 0x03, 0x00, 0x82, 0x00, 0x03, 0x00,
0x82, 0x00, 0x03, 0x00, 0x82, 0x00, 0x03, 0x00, 0x82, 0x00, 0x03, 0x00, 0x82, 0x00, 0x03, 0x00,
0x82, 0x00, 0x03, 0x00, 0x82, 0x00, 0x03, 0x00, 0x82, 0x00, 0x03, 0x00, 0x82, 0x00, 0x03, 0x00,
0x82, 0x00, 0x03, 0x00, 0x82, 0x00, 0x03, 0x00, 0x82, 0x00, 0x03, 0x00, 0x82, 0x00, 0x03, 0x00,
0x82, 0x00, 0x03, 0x00, 0x82, 0x00, 0x03, 0x00, 0x82, 0x00, 0x03, 0x00, 0x82, 0x00, 0x03, 0x00,
0x82, 0x00, 0x03, 0x00, 0x82, 0x00, 0x03, 0x00, 0x82, 0x00, 0x03, 0x00, 0x82, 0x00, 0x03, 0x00,
0x80, 0x00, 0x02, 0x00, 0x80, 0x00, 0x02, 0x00, 0x80, 0x00, 0x02, 0x00, 0x80, 0x00, 0x02, 0x00,
0x80, 0x00, 0x02, 0x00, 0x80, 0x00, 0x02, 0x00, 0x80, 0x00, 0x02, 0x00, 0x80, 0x00, 0x02, 0x00,
0x80, 0x00, 0x02, 0x00, 0x80, 0x00, 0x02, 0x00, 0x80, 0x00, 0x02, 0x00, 0x80, 0x00, 0x02, 0x00,
0x80, 0x00, 0x02, 0x00, 0x80, 0x00, 0x02, 0x00, 0x80, 0x00, 0x02, 0x00, 0x80, 0x00, 0x02, 0x00,
0x80, 0x00, 0x02, 0x00, 0x80, 0x00, 0x02, 0x00, 0x80, 0x00, 0x02, 0x00, 0x80, 0x00, 0x02, 0x00,
0x80, 0x00, 0x02, 0x00, 0x80, 0x00, 0x02, 0x00, 0x80, 0x00, 0x02, 0x00, 0x80, 0x00, 0x02, 0x00,
0x80, 0x00, 0x02, 0x00, 0x80, 0x00, 0x02, 0x00, 0x80, 0x00, 0x02, 0x00, 0x80, 0x00, 0x02, 0x00,
0x80, 0x00, 0x02, 0x00, 0x80, 0x00, 0x02, 0x00, 0x80, 0x00, 0x02, 0x00, 0x80, 0x00, 0x02, 0x00,
0x80, 0x00, 0x02, 0x00, 0x80, 0x00, 0x02, 0x00, 0x80, 0x00, 0x02, 0x00, 0x80, 0x00, 0x02, 0x00,
0x80, 0x00, 0x02, 0x00, 0x80, 0x00, 0x02, 0x00, 0x80, 0x00, 0x02, 0x00, 0x80, 0x00, 0x02, 0x00,
0x80, 0x00, 0x02, 0x00, 0x80, 0x00, 0x02, 0x00, 0x80, 0x00, 0x02, 0x00, 0x80, 0x00, 0x02, 0x00,
0x80, 0x00, 0x02, 0x00, 0x80, 0x00, 0x02, 0x00, 0x80, 0x00, 0x02, 0x00, 0x80, 0x00, 0x02, 0x00,
0x80, 0x00, 0x02, 0x00, 0x80, 0x00, 0x02, 0x00, 0x80, 0x00, 0x02, 0x00, 0x80, 0x00, 0x02, 0x00,
0x80, 0x00, 0x02, 0x00, 0x80, 0x00, 0x02, 0x00, 0x80, 0x00, 0x02, 0x00, 0x80, 0x00, 0x02, 0x00,
0x80, 0x00, 0x02, 0x00, 0x80, 0x00, 0x02, 0x00, 0x80, 0x00, 0x02, 0x00, 0x80, 0x00, 0x02, 0x00,
0x80, 0x00, 0x02, 0x00, 0x80, 0x00, 0x02, 0x00, 0x80, 0x00, 0x02, 0x00, 0x80, 0x00, 0x02, 0x00,
0x00, 0x00, 0x00, 0x00, 0x00, 0x00, 0x00, 0x00, 0x78, 0x00, 0x08, 0x00, 0x88, 0x00, 0x08, 0x00,
0x79, 0x00, 0x07, 0x00, 0x79, 0x00, 0x07, 0x00, 0x87, 0x00, 0x07, 0x00, 0x87, 0x00, 0x07, 0x00,
0x7a, 0x00, 0x06, 0x00, 0x7a, 0x00, 0x06, 0x00, 0x7a, 0x00, 0x06, 0x00, 0x7a, 0x00, 0x06, 0x00,
0x86, 0x00, 0x06, 0x00, 0x86, 0x00, 0x06, 0x00, 0x86, 0x00, 0x06, 0x00, 0x86, 0x00, 0x06, 0x00,
0x7b, 0x00, 0x05, 0x00, 0x7b, 0x00, 0x05, 0x00, 0x7b, 0x00, 0x05, 0x00, 0x7b, 0x00, 0x05, 0x00,
0x7b, 0x00, 0x05, 0x00, 0x7b, 0x00, 0x05, 0x00, 0x7b, 0x00, 0x05, 0x00, 0x7b, 0x00, 0x05, 0x00,
0x85, 0x00, 0x05, 0x00, 0x85, 0x00, 0x05, 0x00, 0x85, 0x00, 0x05, 0x00, 0x85, 0x00, 0x05, 0x00,
0x85, 0x00, 0x05, 0x00, 0x85, 0x00, 0x05, 0x00, 0x85, 0x00, 0x05, 0x00, 0x85, 0x00, 0x05, 0x00,
0x7c, 0x00, 0x04, 0x00, 0x7c, 0x00, 0x04, 0x00, 0x7c, 0x00, 0x04, 0x00, 0x7c, 0x00, 0x04, 0x00,
0x7c, 0x00, 0x04, 0x00, 0x7c, 0x00, 0x04, 0x00, 0x7c, 0x00, 0x04, 0x00, 0x7c, 0x00, 0x04, 0x00,
0x7c, 0x00, 0x04, 0x00, 0x7c, 0x00, 0x04, 0x00, 0x7c, 0x00, 0x04, 0x00, 0x7c, 0x00, 0x04, 0x00,
0x7c, 0x00, 0x04, 0x00, 0x7c, 0x00, 0x04, 0x00, 0x7c, 0x00, 0x04, 0x00, 0x7c, 0x00, 0x04, 0x00,
0x7d, 0x00, 0x04, 0x00, 0x7d, 0x00, 0x04, 0x00, 0x7d, 0x00, 0x04, 0x00, 0x7d, 0x00, 0x04, 0x00,
0x7d, 0x00, 0x04, 0x00, 0x7d, 0x00, 0x04, 0x00, 0x7d, 0x00, 0x04, 0x00, 0x7d, 0x00, 0x04, 0x00,
0x7d, 0x00, 0x04, 0x00, 0x7d, 0x00, 0x04, 0x00, 0x7d, 0x00, 0x04, 0x00, 0x7d, 0x00, 0x04, 0x00,
0x7d, 0x00, 0x04, 0x00, 0x7d, 0x00, 0x04, 0x00, 0x7d, 0x00, 0x04, 0x00, 0x7d, 0x00, 0x04, 0x00,
0x7e, 0x00, 0x04, 0x00, 0x7e, 0x00, 0x04, 0x00, 0x7e, 0x00, 0x04, 0x00, 0x7e, 0x00, 0x04, 0x00,
0x7e, 0x00, 0x04, 0x00, 0x7e, 0x00, 0x04, 0x00, 0x7e, 0x00, 0x04, 0x00, 0x7e, 0x00, 0x04, 0x00,
0x7e, 0x00, 0x04, 0x00, 0x7e, 0x00, 0x04, 0x00, 0x7e, 0x00, 0x04, 0x00, 0x7e, 0x00, 0x04, 0x00,
0x7e, 0x00, 0x04, 0x00, 0x7e, 0x00, 0x04, 0x00, 0x7e, 0x00, 0x04, 0x00, 0x7e, 0x00, 0x04, 0x00,
0x82, 0x00, 0x04, 0x00, 0x82, 0x00, 0x04, 0x00, 0x82, 0x00, 0x04, 0x00, 0x82, 0x00, 0x04, 0x00,
0x82, 0x00, 0x04, 0x00, 0x82, 0x00, 0x04, 0x00, 0x82, 0x00, 0x04, 0x00, 0x82, 0x00, 0x04, 0x00,
0x82, 0x00, 0x04, 0x00, 0x82, 0x00, 0x04, 0x00, 0x82, 0x00, 0x04, 0x00, 0x82, 0x00, 0x04, 0x00,
0x82, 0x00, 0x04, 0x00, 0x82, 0x00, 0x04, 0x00, 0x82, 0x00, 0x04, 0x00, 0x82, 0x00, 0x04, 0x00,
0x83, 0x00, 0x04, 0x00, 0x83, 0x00, 0x04, 0x00, 0x83, 0x00, 0x04, 0x00, 0x83, 0x00, 0x04, 0x00,
0x83, 0x00, 0x04, 0x00, 0x83, 0x00, 0x04, 0x00, 0x83, 0x00, 0x04, 0x00, 0x83, 0x00, 0x04, 0x00,
0x83, 0x00, 0x04, 0x00, 0x83, 0x00, 0x04, 0x00, 0x83, 0x00, 0x04, 0x00, 0x83, 0x00, 0x04, 0x00,
0x83, 0x00, 0x04, 0x00, 0x83, 0x00, 0x04, 0x00, 0x83, 0x00, 0x04, 0x00, 0x83, 0x00, 0x04, 0x00,
0x84, 0x00, 0x04, 0x00, 0x84, 0x00, 0x04, 0x00, 0x84, 0x00, 0x04, 0x00, 0x84, 0x00, 0x04, 0x00,
0x84, 0x00, 0x04, 0x00, 0x84, 0x00, 0x04, 0x00, 0x84, 0x00, 0x04, 0x00, 0x84, 0x00, 0x04, 0x00,
0x84, 0x00, 0x04, 0x00, 0x84, 0x00, 0x04, 0x00, 0x84, 0x00, 0x04, 0x00, 0x84, 0x00, 0x04, 0x00,
0x84, 0x00, 0x04, 0x00, 0x84, 0x00, 0x04, 0x00, 0x84, 0x00, 0x04, 0x00, 0x84, 0x00, 0x04, 0x00,
0x7f, 0x00, 0x03, 0x00, 0x7f, 0x00, 0x03, 0x00, 0x7f, 0x00, 0x03, 0x00, 0x7f, 0x00, 0x03, 0x00,
0x7f, 0x00, 0x03, 0x00, 0x7f, 0x00, 0x03, 0x00, 0x7f, 0x00, 0x03, 0x00, 0x7f, 0x00, 0x03, 0x00,
0x7f, 0x00, 0x03, 0x00, 0x7f, 0x00, 0x03, 0x00, 0x7f, 0x00, 0x03, 0x00, 0x7f, 0x00, 0x03, 0x00,
0x7f, 0x00, 0x03, 0x00, 0x7f, 0x00, 0x03, 0x00, 0x7f, 0x00, 0x03, 0x00, 0x7f, 0x00, 0x03, 0x00,
0x7f, 0x00, 0x03, 0x00, 0x7f, 0x00, 0x03, 0x00, 0x7f, 0x00, 0x03, 0x00, 0x7f, 0x00, 0x03, 0x00,
0x7f, 0x00, 0x03, 0x00, 0x7f, 0x00, 0x03, 0x00, 0x7f, 0x00, 0x03, 0x00, 0x7f, 0x00, 0x03, 0x00,
0x7f, 0x00, 0x03, 0x00, 0x7f, 0x00, 0x03, 0x00, 0x7f, 0x00, 0x03, 0x00, 0x7f, 0x00, 0x03, 0x00,
0x7f, 0x00, 0x03, 0x00, 0x7f, 0x00, 0x03, 0x00, 0x7f, 0x00, 0x03, 0x00, 0x7f, 0x00, 0x03, 0x00,
0x81, 0x00, 0x03, 0x00, 0x81, 0x00, 0x03, 0x00, 0x81, 0x00, 0x03, 0x00, 0x81, 0x00, 0x03, 0x00,
0x81, 0x00, 0x03, 0x00, 0x81, 0x00, 0x03, 0x00, 0x81, 0x00, 0x03, 0x00, 0x81, 0x00, 0x03, 0x00,
0x81, 0x00, 0x03, 0x00, 0x81, 0x00, 0x03, 0x00, 0x81, 0x00, 0x03, 0x00, 0x81, 0x00, 0x03, 0x00,
0x81, 0x00, 0x03, 0x00, 0x81, 0x00, 0x03, 0x00, 0x81, 0x00, 0x03, 0x00, 0x81, 0x00, 0x03, 0x00,
0x81, 0x00, 0x03, 0x00, 0x81, 0x00, 0x03, 0x00, 0x81, 0x00, 0x03, 0x00, 0x81, 0x00, 0x03, 0x00,
0x81, 0x00, 0x03, 0x00, 0x81, 0x00, 0x03, 0x00, 0x81, 0x00, 0x03, 0x00, 0x81, 0x00, 0x03, 0x00,
0x81, 0x00, 0x03, 0x00, 0x81, 0x00, 0x03, 0x00, 0x81, 0x00, 0x03, 0x00, 0x81, 0x00, 0x03, 0x00,
0x81, 0x00, 0x03, 0x00, 0x81, 0x00, 0x03, 0x00, 0x81, 0x00, 0x03, 0x00, 0x81, 0x00, 0x03, 0x00,
0x80, 0x00, 0x02, 0x00, 0x80, 0x00, 0x02, 0x00, 0x80, 0x00, 0x02, 0x00, 0x80, 0x00, 0x02, 0x00,
0x80, 0x00, 0x02, 0x00, 0x80, 0x00, 0x02, 0x00, 0x80, 0x00, 0x02, 0x00, 0x80, 0x00, 0x02, 0x00,
0x80, 0x00, 0x02, 0x00, 0x80, 0x00, 0x02, 0x00, 0x80, 0x00, 0x02, 0x00, 0x80, 0x00, 0x02, 0x00,
0x80, 0x00, 0x02, 0x00, 0x80, 0x00, 0x02, 0x00, 0x80, 0x00, 0x02, 0x00, 0x80, 0x00, 0x02, 0x00,
0x80, 0x00, 0x02, 0x00, 0x80, 0x00, 0x02, 0x00, 0x80, 0x00, 0x02, 0x00, 0x80, 0x00, 0x02, 0x00,
0x80, 0x00, 0x02, 0x00, 0x80, 0x00, 0x02, 0x00, 0x80, 0x00, 0x02, 0x00, 0x80, 0x00, 0x02, 0x00,
0x80, 0x00, 0x02, 0x00, 0x80, 0x00, 0x02, 0x00, 0x80, 0x00, 0x02, 0x00, 0x80, 0x00, 0x02, 0x00,
0x80, 0x00, 0x02, 0x00, 0x80, 0x00, 0x02, 0x00, 0x80, 0x00, 0x02, 0x00, 0x80, 0x00, 0x02, 0x00,
0x80, 0x00, 0x02, 0x00, 0x80, 0x00, 0x02, 0x00, 0x80, 0x00, 0x02, 0x00, 0x80, 0x00, 0x02, 0x00,
0x80, 0x00, 0x02, 0x00, 0x80, 0x00, 0x02, 0x00, 0x80, 0x00, 0x02, 0x00, 0x80, 0x00, 0x02, 0x00,
0x80, 0x00, 0x02, 0x00, 0x80, 0x00, 0x02, 0x00, 0x80, 0x00, 0x02, 0x00, 0x80, 0x00, 0x02, 0x00,
0x80, 0x00, 0x02, 0x00, 0x80, 0x00, 0x02, 0x00, 0x80, 0x00, 0x02, 0x00, 0x80, 0x00, 0x02, 0x00,
0x80, 0x00, 0x02, 0x00, 0x80, 0x00, 0x02, 0x00, 0x80, 0x00, 0x02, 0x00, 0x80, 0x00, 0x02, 0x00,
0x80, 0x00, 0x02, 0x00, 0x80, 0x00, 0x02, 0x00, 0x80, 0x00, 0x02, 0x00, 0x80, 0x00, 0x02, 0x00,
0x80, 0x00, 0x02, 0x00, 0x80, 0x00, 0x02, 0x00, 0x80, 0x00, 0x02, 0x00, 0x80, 0x00, 0x02, 0x00,
0x80, 0x00, 0x02, 0x00, 0x80, 0x00, 0x02, 0x00, 0x80, 0x00, 0x02, 0x00, 0x80, 0x00, 0x02, 0x00,
0x00, 0x00, 0x00, 0x00, 0x00, 0x00, 0x00, 0x00, 0x00, 0x00, 0x00, 0x00, 0x77, 0x00, 0x08, 0x00,
0x78, 0x00, 0x07, 0x00, 0x78, 0x00, 0x07, 0x00, 0x79, 0x00, 0x07, 0x00, 0x79, 0x00, 0x07, 0x00,
0x87, 0x00, 0x07, 0x00, 0x87, 0x00, 0x07, 0x00, 0x88, 0x00, 0x07, 0x00, 0x88, 0x00, 0x07, 0x00,
0x7a, 0x00, 0x06, 0x00, 0x7a, 0x00, 0x06, 0x00, 0x7a, 0x00, 0x06, 0x00, 0x7a, 0x00, 0x06, 0x00,
0x7b, 0x00, 0x06, 0x00, 0x7b, 0x00, 0x06, 0x00, 0x7b, 0x00, 0x06, 0x00, 0x7b, 0x00, 0x06, 0x00,
0x86, 0x00, 0x06, 0x00, 0x86, 0x00, 0x06, 0x00, 0x86, 0x00, 0x06, 0x00, 0x86, 0x00, 0x06, 0x00,
0x85, 0x00, 0x05, 0x00, 0x85, 0x00, 0x05, 0x00, 0x85, 0x00, 0x05, 0x00, 0x85, 0x00, 0x05, 0x00,
0x85, 0x00, 0x05, 0x00, 0x85, 0x00, 0x05, 0x00, 0x85, 0x00, 0x05, 0x00, 0x85, 0x00, 0x05, 0x00,
0x7c, 0x00, 0x04, 0x00, 0x7c, 0x00, 0x04, 0x00, 0x7c, 0x00, 0x04, 0x00, 0x7c, 0x00, 0x04, 0x00,
0x7c, 0x00, 0x04, 0x00, 0x7c, 0x00, 0x04, 0x00, 0x7c, 0x00, 0x04, 0x00, 0x7c, 0x00, 0x04, 0x00,
0x7c, 0x00, 0x04, 0x00, 0x7c, 0x00, 0x04, 0x00, 0x7c, 0x00, 0x04, 0x00, 0x7c, 0x00, 0x04, 0x00,
0x7c, 0x00, 0x04, 0x00, 0x7c, 0x00, 0x04, 0x00, 0x7c, 0x00, 0x04, 0x00, 0x7c, 0x00, 0x04, 0x00,
0x7d, 0x00, 0x04, 0x00, 0x7d, 0x00, 0x04, 0x00, 0x7d, 0x00, 0x04, 0x00, 0x7d, 0x00, 0x04, 0x00,
0x7d, 0x00, 0x04, 0x00, 0x7d, 0x00, 0x04, 0x00, 0x7d, 0x00, 0x04, 0x00, 0x7d, 0x00, 0x04, 0x00,
0x7d, 0x00, 0x04, 0x00, 0x7d, 0x00, 0x04, 0x00, 0x7d, 0x00, 0x04, 0x00, 0x7d, 0x00, 0x04, 0x00,
0x7d, 0x00, 0x04, 0x00, 0x7d, 0x00, 0x04, 0x00, 0x7d, 0x00, 0x04, 0x00, 0x7d, 0x00, 0x04, 0x00,
0x7e, 0x00, 0x04, 0x00, 0x7e, 0x00, 0x04, 0x00, 0x7e, 0x00, 0x04, 0x00, 0x7e, 0x00, 0x04, 0x00,
0x7e, 0x00, 0x04, 0x00, 0x7e, 0x00, 0x04, 0x00, 0x7e, 0x00, 0x04, 0x00, 0x7e, 0x00, 0x04, 0x00,
0x7e, 0x00, 0x04, 0x00, 0x7e, 0x00, 0x04, 0x00, 0x7e, 0x00, 0x04, 0x00, 0x7e, 0x00, 0x04, 0x00,
0x7e, 0x00, 0x04, 0x00, 0x7e, 0x00, 0x04, 0x00, 0x7e, 0x00, 0x04, 0x00, 0x7e, 0x00, 0x04, 0x00,
0x82, 0x00, 0x04, 0x00, 0x82, 0x00, 0x04, 0x00, 0x82, 0x00, 0x04, 0x00, 0x82, 0x00, 0x04, 0x00,
0x82, 0x00, 0x04, 0x00, 0x82, 0x00, 0x04, 0x00, 0x82, 0x00, 0x04, 0x00, 0x82, 0x00, 0x04, 0x00,
0x82, 0x00, 0x04, 0x00, 0x82, 0x00, 0x04, 0x00, 0x82, 0x00, 0x04, 0x00, 0x82, 0x00, 0x04, 0x00,
0x82, 0x00, 0x04, 0x00, 0x82, 0x00, 0x04, 0x00, 0x82, 0x00, 0x04, 0x00, 0x82, 0x00, 0x04, 0x00,
0x83, 0x00, 0x04, 0x00, 0x83, 0x00, 0x04, 0x00, 0x83, 0x00, 0x04, 0x00, 0x83, 0x00, 0x04, 0x00,
0x83, 0x00, 0x04, 0x00, 0x83, 0x00, 0x04, 0x00, 0x83, 0x00, 0x04, 0x00, 0x83, 0x00, 0x04, 0x00,
0x83, 0x00, 0x04, 0x00, 0x83, 0x00, 0x04, 0x00, 0x83, 0x00, 0x04, 0x00, 0x83, 0x00, 0x04, 0x00,
0x83, 0x00, 0x04, 0x00, 0x83, 0x00, 0x04, 0x00, 0x83, 0x00, 0x04, 0x00, 0x83, 0x00, 0x04, 0x00,
0x84, 0x00, 0x04, 0x00, 0x84, 0x00, 0x04, 0x00, 0x84, 0x00, 0x04, 0x00, 0x84, 0x00, 0x04, 0x00,
0x84, 0x00, 0x04, 0x00, 0x84, 0x00, 0x04, 0x00, 0x84, 0x00, 0x04, 0x00, 0x84, 0x00, 0x04, 0x00,
0x84, 0x00, 0x04, 0x00, 0x84, 0x00, 0x04, 0x00, 0x84, 0x00, 0x04, 0x00, 0x84, 0x00, 0x04, 0x00,
0x84, 0x00, 0x04, 0x00, 0x84, 0x00, 0x04, 0x00, 0x84, 0x00, 0x04, 0x00, 0x84, 0x00, 0x04, 0x00,
0x7f, 0x00, 0x03, 0x00, 0x7f, 0x00, 0x03, 0x00, 0x7f, 0x00, 0x03, 0x00, 0x7f, 0x00, 0x03, 0x00,
0x7f, 0x00, 0x03, 0x00, 0x7f, 0x00, 0x03, 0x00, 0x7f, 0x00, 0x03, 0x00, 0x7f, 0x00, 0x03, 0x00,
0x7f, 0x00, 0x03, 0x00, 0x7f, 0x00, 0x03, 0x00, 0x7f, 0x00, 0x03, 0x00, 0x7f, 0x00, 0x03, 0x00,
0x7f, 0x00, 0x03, 0x00, 0x7f, 0x00, 0x03, 0x00, 0x7f, 0x00, 0x03, 0x00, 0x7f, 0x00, 0x03, 0x00,
0x7f, 0x00, 0x03, 0x00, 0x7f, 0x00, 0x03, 0x00, 0x7f, 0x00, 0x03, 0x00, 0x7f, 0x00, 0x03, 0x00,
0x7f, 0x00, 0x03, 0x00, 0x7f, 0x00, 0x03, 0x00, 0x7f, 0x00, 0x03, 0x00, 0x7f, 0x00, 0x03, 0x00,
0x7f, 0x00, 0x03, 0x00, 0x7f, 0x00, 0x03, 0x00, 0x7f, 0x00, 0x03, 0x00, 0x7f, 0x00, 0x03, 0x00,
0x7f, 0x00, 0x03, 0x00, 0x7f, 0x00, 0x03, 0x00, 0x7f, 0x00, 0x03, 0x00, 0x7f, 0x00, 0x03, 0x00,
0x81, 0x00, 0x03, 0x00, 0x81, 0x00, 0x03, 0x00, 0x81, 0x00, 0x03, 0x00, 0x81, 0x00, 0x03, 0x00,
0x81, 0x00, 0x03, 0x00, 0x81, 0x00, 0x03, 0x00, 0x81, 0x00, 0x03, 0x00, 0x81, 0x00, 0x03, 0x00,
0x81, 0x00, 0x03, 0x00, 0x81, 0x00, 0x03, 0x00, 0x81, 0x00, 0x03, 0x00, 0x81, 0x00, 0x03, 0x00,
0x81, 0x00, 0x03, 0x00, 0x81, 0x00, 0x03, 0x00, 0x81, 0x00, 0x03, 0x00, 0x81, 0x00, 0x03, 0x00,
0x81, 0x00, 0x03, 0x00, 0x81, 0x00, 0x03, 0x00, 0x81, 0x00, 0x03, 0x00, 0x81, 0x00, 0x03, 0x00,
0x81, 0x00, 0x03, 0x00, 0x81, 0x00, 0x03, 0x00, 0x81, 0x00, 0x03, 0x00, 0x81, 0x00, 0x03, 0x00,
0x81, 0x00, 0x03, 0x00, 0x81, 0x00, 0x03, 0x00, 0x81, 0x00, 0x03, 0x00, 0x81, 0x00, 0x03, 0x00,
0x81, 0x00, 0x03, 0x00, 0x81, 0x00, 0x03, 0x00, 0x81, 0x00, 0x03, 0x00, 0x81, 0x00, 0x03, 0x00,
0x80, 0x00, 0x02, 0x00, 0x80, 0x00, 0x02, 0x00, 0x80, 0x00, 0x02, 0x00, 0x80, 0x00, 0x02, 0x00,
0x80, 0x00, 0x02, 0x00, 0x80, 0x00, 0x02, 0x00, 0x80, 0x00, 0x02, 0x00, 0x80, 0x00, 0x02, 0x00,
0x80, 0x00, 0x02, 0x00, 0x80, 0x00, 0x02, 0x00, 0x80, 0x00, 0x02, 0x00, 0x80, 0x00, 0x02, 0x00,
0x80, 0x00, 0x02, 0x00, 0x80, 0x00, 0x02, 0x00, 0x80, 0x00, 0x02, 0x00, 0x80, 0x00, 0x02, 0x00,
0x80, 0x00, 0x02, 0x00, 0x80, 0x00, 0x02, 0x00, 0x80, 0x00, 0x02, 0x00, 0x80, 0x00, 0x02, 0x00,
0x80, 0x00, 0x02, 0x00, 0x80, 0x00, 0x02, 0x00, 0x80, 0x00, 0x02, 0x00, 0x80, 0x00, 0x02, 0x00,
0x80, 0x00, 0x02, 0x00, 0x80, 0x00, 0x02, 0x00, 0x80, 0x00, 0x02, 0x00, 0x80, 0x00, 0x02, 0x00,
0x80, 0x00, 0x02, 0x00, 0x80, 0x00, 0x02, 0x00, 0x80, 0x00, 0x02, 0x00, 0x80, 0x00, 0x02, 0x00,
0x80, 0x00, 0x02, 0x00, 0x80, 0x00, 0x02, 0x00, 0x80, 0x00, 0x02, 0x00, 0x80, 0x00, 0x02, 0x00,
0x80, 0x00, 0x02, 0x00, 0x80, 0x00, 0x02, 0x00, 0x80, 0x00, 0x02, 0x00, 0x80, 0x00, 0x02, 0x00,
0x80, 0x00, 0x02, 0x00, 0x80, 0x00, 0x02, 0x00, 0x80, 0x00, 0x02, 0x00, 0x80, 0x00, 0x02, 0x00,
0x80, 0x00, 0x02, 0x00, 0x80, 0x00, 0x02, 0x00, 0x80, 0x00, 0x02, 0x00, 0x80, 0x00, 0x02, 0x00,
0x80, 0x00, 0x02, 0x00, 0x80, 0x00, 0x02, 0x00, 0x80, 0x00, 0x02, 0x00, 0x80, 0x00, 0x02, 0x00,
0x80, 0x00, 0x02, 0x00, 0x80, 0x00, 0x02, 0x00, 0x80, 0x00, 0x02, 0x00, 0x80, 0x00, 0x02, 0x00,
0x80, 0x00, 0x02, 0x00, 0x80, 0x00, 0x02, 0x00, 0x80, 0x00, 0x02, 0x00, 0x80, 0x00, 0x02, 0x00,
0x80, 0x00, 0x02, 0x00, 0x80, 0x00, 0x02, 0x00, 0x80, 0x00, 0x02, 0x00, 0x80, 0x00, 0x02, 0x00,
0x00, 0x00, 0x00, 0x00, 0x00, 0x00, 0x00, 0x00, 0x00, 0x00, 0x00, 0x00, 0x76, 0x00, 0x08, 0x00,
0x77, 0x00, 0x08, 0x00, 0x89, 0x00, 0x08, 0x00, 0x78, 0x00, 0x07, 0x00, 0x78, 0x00, 0x07, 0x00,
0x79, 0x00, 0x07, 0x00, 0x79, 0x00, 0x07, 0x00, 0x88, 0x00, 0x07, 0x00, 0x88, 0x00, 0x07, 0x00,
0x7a, 0x00, 0x06, 0x00, 0x7a, 0x00, 0x06, 0x00, 0x7a, 0x00, 0x06, 0x00, 0x7a, 0x00, 0x06, 0x00,
0x7b, 0x00, 0x06, 0x00, 0x7b, 0x00, 0x06, 0x00, 0x7b, 0x00, 0x06, 0x00, 0x7b, 0x00, 0x06, 0x00,
0x85, 0x00, 0x06, 0x00, 0x85, 0x00, 0x06, 0x00, 0x85, 0x00, 0x06, 0x00, 0x85, 0x00, 0x06, 0x00,
0x86, 0x00, 0x06, 0x00, 0x86, 0x00, 0x06, 0x00, 0x86, 0x00, 0x06, 0x00, 0x86, 0x00, 0x06, 0x00,
0x87, 0x00, 0x06, 0x00, 0x87, 0x00, 0x06, 0x00, 0x87, 0x00, 0x06, 0x00, 0x87, 0x00, 0x06, 0x00,
0x7c, 0x00, 0x04, 0x00, 0x7c, 0x00, 0x04, 0x00, 0x7c, 0x00, 0x04, 0x00, 0x7c, 0x00, 0x04, 0x00,
0x7c, 0x00, 0x04, 0x00, 0x7c, 0x00, 0x04, 0x00, 0x7c, 0x00, 0x04, 0x00, 0x7c, 0x00, 0x04, 0x00,
0x7c, 0x00, 0x04, 0x00, 0x7c, 0x00, 0x04, 0x00, 0x7c, 0x00, 0x04, 0x00, 0x7c, 0x00, 0x04, 0x00,
0x7c, 0x00, 0x04, 0x00, 0x7c, 0x00, 0x04, 0x00, 0x7c, 0x00, 0x04, 0x00, 0x7c, 0x00, 0x04, 0x00,
0x7d, 0x00, 0x04, 0x00, 0x7d, 0x00, 0x04, 0x00, 0x7d, 0x00, 0x04, 0x00, 0x7d, 0x00, 0x04, 0x00,
0x7d, 0x00, 0x04, 0x00, 0x7d, 0x00, 0x04, 0x00, 0x7d, 0x00, 0x04, 0x00, 0x7d, 0x00, 0x04, 0x00,
0x7d, 0x00, 0x04, 0x00, 0x7d, 0x00, 0x04, 0x00, 0x7d, 0x00, 0x04, 0x00, 0x7d, 0x00, 0x04, 0x00,
0x7d, 0x00, 0x04, 0x00, 0x7d, 0x00, 0x04, 0x00, 0x7d, 0x00, 0x04, 0x00, 0x7d, 0x00, 0x04, 0x00,
0x7e, 0x00, 0x04, 0x00, 0x7e, 0x00, 0x04, 0x00, 0x7e, 0x00, 0x04, 0x00, 0x7e, 0x00, 0x04, 0x00,
0x7e, 0x00, 0x04, 0x00, 0x7e, 0x00, 0x04, 0x00, 0x7e, 0x00, 0x04, 0x00, 0x7e, 0x00, 0x04, 0x00,
0x7e, 0x00, 0x04, 0x00, 0x7e, 0x00, 0x04, 0x00, 0x7e, 0x00, 0x04, 0x00, 0x7e, 0x00, 0x04, 0x00,
0x7e, 0x00, 0x04, 0x00, 0x7e, 0x00, 0x04, 0x00, 0x7e, 0x00, 0x04, 0x00, 0x7e, 0x00, 0x04, 0x00,
0x82, 0x00, 0x04, 0x00, 0x82, 0x00, 0x04, 0x00, 0x82, 0x00, 0x04, 0x00, 0x82, 0x00, 0x04, 0x00,
0x82, 0x00, 0x04, 0x00, 0x82, 0x00, 0x04, 0x00, 0x82, 0x00, 0x04, 0x00, 0x82, 0x00, 0x04, 0x00,
0x82, 0x00, 0x04, 0x00, 0x82, 0x00, 0x04, 0x00, 0x82, 0x00, 0x04, 0x00, 0x82, 0x00, 0x04, 0x00,
0x82, 0x00, 0x04, 0x00, 0x82, 0x00, 0x04, 0x00, 0x82, 0x00, 0x04, 0x00, 0x82, 0x00, 0x04, 0x00,
0x83, 0x00, 0x04, 0x00, 0x83, 0x00, 0x04, 0x00, 0x83, 0x00, 0x04, 0x00, 0x83, 0x00, 0x04, 0x00,
0x83, 0x00, 0x04, 0x00, 0x83, 0x00, 0x04, 0x00, 0x83, 0x00, 0x04, 0x00, 0x83, 0x00, 0x04, 0x00,
0x83, 0x00, 0x04, 0x00, 0x83, 0x00, 0x04, 0x00, 0x83, 0x00, 0x04, 0x00, 0x83, 0x00, 0x04, 0x00,
0x83, 0x00, 0x04, 0x00, 0x83, 0x00, 0x04, 0x00, 0x83, 0x00, 0x04, 0x00, 0x83, 0x00, 0x04, 0x00,
0x84, 0x00, 0x04, 0x00, 0x84, 0x00, 0x04, 0x00, 0x84, 0x00, 0x04, 0x00, 0x84, 0x00, 0x04, 0x00,
0x84, 0x00, 0x04, 0x00, 0x84, 0x00, 0x04, 0x00, 0x84, 0x00, 0x04, 0x00, 0x84, 0x00, 0x04, 0x00,
0x84, 0x00, 0x04, 0x00, 0x84, 0x00, 0x04, 0x00, 0x84, 0x00, 0x04, 0x00, 0x84, 0x00, 0x04, 0x00,
0x84, 0x00, 0x04, 0x00, 0x84, 0x00, 0x04, 0x00, 0x84, 0x00, 0x04, 0x00, 0x84, 0x00, 0x04, 0x00,
0x7f, 0x00, 0x03, 0x00, 0x7f, 0x00, 0x03, 0x00, 0x7f, 0x00, 0x03, 0x00, 0x7f, 0x00, 0x03, 0x00,
0x7f, 0x00, 0x03, 0x00, 0x7f, 0x00, 0x03, 0x00, 0x7f, 0x00, 0x03, 0x00, 0x7f, 0x00, 0x03, 0x00,
0x7f, 0x00, 0x03, 0x00, 0x7f, 0x00, 0x03, 0x00, 0x7f, 0x00, 0x03, 0x00, 0x7f, 0x00, 0x03, 0x00,
0x7f, 0x00, 0x03, 0x00, 0x7f, 0x00, 0x03, 0x00, 0x7f, 0x00, 0x03, 0x00, 0x7f, 0x00, 0x03, 0x00,
0x7f, 0x00, 0x03, 0x00, 0x7f, 0x00, 0x03, 0x00, 0x7f, 0x00, 0x03, 0x00, 0x7f, 0x00, 0x03, 0x00,
0x7f, 0x00, 0x03, 0x00, 0x7f, 0x00, 0x03, 0x00, 0x7f, 0x00, 0x03, 0x00, 0x7f, 0x00, 0x03, 0x00,
0x7f, 0x00, 0x03, 0x00, 0x7f, 0x00, 0x03, 0x00, 0x7f, 0x00, 0x03, 0x00, 0x7f, 0x00, 0x03, 0x00,
0x7f, 0x00, 0x03, 0x00, 0x7f, 0x00, 0x03, 0x00, 0x7f, 0x00, 0x03, 0x00, 0x7f, 0x00, 0x03, 0x00,
0x81, 0x00, 0x03, 0x00, 0x81, 0x00, 0x03, 0x00, 0x81, 0x00, 0x03, 0x00, 0x81, 0x00, 0x03, 0x00,
0x81, 0x00, 0x03, 0x00, 0x81, 0x00, 0x03, 0x00, 0x81, 0x00, 0x03, 0x00, 0x81, 0x00, 0x03, 0x00,
0x81, 0x00, 0x03, 0x00, 0x81, 0x00, 0x03, 0x00, 0x81, 0x00, 0x03, 0x00, 0x81, 0x00, 0x03, 0x00,
0x81, 0x00, 0x03, 0x00, 0x81, 0x00, 0x03, 0x00, 0x81, 0x00, 0x03, 0x00, 0x81, 0x00, 0x03, 0x00,
0x81, 0x00, 0x03, 0x00, 0x81, 0x00, 0x03, 0x00, 0x81, 0x00, 0x03, 0x00, 0x81, 0x00, 0x03, 0x00,
0x81, 0x00, 0x03, 0x00, 0x81, 0x00, 0x03, 0x00, 0x81, 0x00, 0x03, 0x00, 0x81, 0x00, 0x03, 0x00,
0x81, 0x00, 0x03, 0x00, 0x81, 0x00, 0x03, 0x00, 0x81, 0x00, 0x03, 0x00, 0x81, 0x00, 0x03, 0x00,
0x81, 0x00, 0x03, 0x00, 0x81, 0x00, 0x03, 0x00, 0x81, 0x00, 0x03, 0x00, 0x81, 0x00, 0x03, 0x00,
0x80, 0x00, 0x02, 0x00, 0x80, 0x00, 0x02, 0x00, 0x80, 0x00, 0x02, 0x00, 0x80, 0x00, 0x02, 0x00,
0x80, 0x00, 0x02, 0x00, 0x80, 0x00, 0x02, 0x00, 0x80, 0x00, 0x02, 0x00, 0x80, 0x00, 0x02, 0x00,
0x80, 0x00, 0x02, 0x00, 0x80, 0x00, 0x02, 0x00, 0x80, 0x00, 0x02, 0x00, 0x80, 0x00, 0x02, 0x00,
0x80, 0x00, 0x02, 0x00, 0x80, 0x00, 0x02, 0x00, 0x80, 0x00, 0x02, 0x00, 0x80, 0x00, 0x02, 0x00,
0x80, 0x00, 0x02, 0x00, 0x80, 0x00, 0x02, 0x00, 0x80, 0x00, 0x02, 0x00, 0x80, 0x00, 0x02, 0x00,
0x80, 0x00, 0x02, 0x00, 0x80, 0x00, 0x02, 0x00, 0x80, 0x00, 0x02, 0x00, 0x80, 0x00, 0x02, 0x00,
0x80, 0x00, 0x02, 0x00, 0x80, 0x00, 0x02, 0x00, 0x80, 0x00, 0x02, 0x00, 0x80, 0x00, 0x02, 0x00,
0x80, 0x00, 0x02, 0x00, 0x80, 0x00, 0x02, 0x00, 0x80, 0x00, 0x02, 0x00, 0x80, 0x00, 0x02, 0x00,
0x80, 0x00, 0x02, 0x00, 0x80, 0x00, 0x02, 0x00, 0x80, 0x00, 0x02, 0x00, 0x80, 0x00, 0x02, 0x00,
0x80, 0x00, 0x02, 0x00, 0x80, 0x00, 0x02, 0x00, 0x80, 0x00, 0x02, 0x00, 0x80, 0x00, 0x02, 0x00,
0x80, 0x00, 0x02, 0x00, 0x80, 0x00, 0x02, 0x00, 0x80, 0x00, 0x02, 0x00, 0x80, 0x00, 0x02, 0x00,
0x80, 0x00, 0x02, 0x00, 0x80, 0x00, 0x02, 0x00, 0x80, 0x00, 0x02, 0x00, 0x80, 0x00, 0x02, 0x00,
0x80, 0x00, 0x02, 0x00, 0x80, 0x00, 0x02, 0x00, 0x80, 0x00, 0x02, 0x00, 0x80, 0x00, 0x02, 0x00,
0x80, 0x00, 0x02, 0x00, 0x80, 0x00, 0x02, 0x00, 0x80, 0x00, 0x02, 0x00, 0x80, 0x00, 0x02, 0x00,
0x80, 0x00, 0x02, 0x00, 0x80, 0x00, 0x02, 0x00, 0x80, 0x00, 0x02, 0x00, 0x80, 0x00, 0x02, 0x00,
0x80, 0x00, 0x02, 0x00, 0x80, 0x00, 0x02, 0x00, 0x80, 0x00, 0x02, 0x00, 0x80, 0x00, 0x02, 0x00,
0x00, 0x00, 0x00, 0x00, 0x00, 0x00, 0x00, 0x00, 0x00, 0x00, 0x00, 0x00, 0x75, 0x00, 0x08, 0x00,
0x76, 0x00, 0x08, 0x00, 0x8a, 0x00, 0x08, 0x00, 0x77, 0x00, 0x07, 0x00, 0x77, 0x00, 0x07, 0x00,
0x78, 0x00, 0x07, 0x00, 0x78, 0x00, 0x07, 0x00, 0x89, 0x00, 0x07, 0x00, 0x89, 0x00, 0x07, 0x00,
0x79, 0x00, 0x06, 0x00, 0x79, 0x00, 0x06, 0x00, 0x79, 0x00, 0x06, 0x00, 0x79, 0x00, 0x06, 0x00,
0x7a, 0x00, 0x06, 0x00, 0x7a, 0x00, 0x06, 0x00, 0x7a, 0x00, 0x06, 0x00, 0x7a, 0x00, 0x06, 0x00,
0x86, 0x00, 0x06, 0x00, 0x86, 0x00, 0x06, 0x00, 0x86, 0x00, 0x06, 0x00, 0x86, 0x00, 0x06, 0x00,
0x87, 0x00, 0x06, 0x00, 0x87, 0x00, 0x06, 0x00, 0x87, 0x00, 0x06, 0x00, 0x87, 0x00, 0x06, 0x00,
0x88, 0x00, 0x06, 0x00, 0x88, 0x00, 0x06, 0x00, 0x88, 0x00, 0x06, 0x00, 0x88, 0x00, 0x06, 0x00,
0x7b, 0x00, 0x05, 0x00, 0x7b, 0x00, 0x05, 0x00, 0x7b, 0x00, 0x05, 0x00, 0x7b, 0x00, 0x05, 0x00,
0x7b, 0x00, 0x05, 0x00, 0x7b, 0x00, 0x05, 0x00, 0x7b, 0x00, 0x05, 0x00, 0x7b, 0x00, 0x05, 0x00,
0x85, 0x00, 0x05, 0x00, 0x85, 0x00, 0x05, 0x00, 0x85, 0x00, 0x05, 0x00, 0x85, 0x00, 0x05, 0x00,
0x85, 0x00, 0x05, 0x00, 0x85, 0x00, 0x05, 0x00, 0x85, 0x00, 0x05, 0x00, 0x85, 0x00, 0x05, 0x00,
0x7c, 0x00, 0x04, 0x00, 0x7c, 0x00, 0x04, 0x00, 0x7c, 0x00, 0x04, 0x00, 0x7c, 0x00, 0x04, 0x00,
0x7c, 0x00, 0x04, 0x00, 0x7c, 0x00, 0x04, 0x00, 0x7c, 0x00, 0x04, 0x00, 0x7c, 0x00, 0x04, 0x00,
0x7c, 0x00, 0x04, 0x00, 0x7c, 0x00, 0x04, 0x00, 0x7c, 0x00, 0x04, 0x00, 0x7c, 0x00, 0x04, 0x00,
0x7c, 0x00, 0x04, 0x00, 0x7c, 0x00, 0x04, 0x00, 0x7c, 0x00, 0x04, 0x00, 0x7c, 0x00, 0x04, 0x00,
0x7d, 0x00, 0x04, 0x00, 0x7d, 0x00, 0x04, 0x00, 0x7d, 0x00, 0x04, 0x00, 0x7d, 0x00, 0x04, 0x00,
0x7d, 0x00, 0x04, 0x00, 0x7d, 0x00, 0x04, 0x00, 0x7d, 0x00, 0x04, 0x00, 0x7d, 0x00, 0x04, 0x00,
0x7d, 0x00, 0x04, 0x00, 0x7d, 0x00, 0x04, 0x00, 0x7d, 0x00, 0x04, 0x00, 0x7d, 0x00, 0x04, 0x00,
0x7d, 0x00, 0x04, 0x00, 0x7d, 0x00, 0x04, 0x00, 0x7d, 0x00, 0x04, 0x00, 0x7d, 0x00, 0x04, 0x00,
0x7e, 0x00, 0x04, 0x00, 0x7e, 0x00, 0x04, 0x00, 0x7e, 0x00, 0x04, 0x00, 0x7e, 0x00, 0x04, 0x00,
0x7e, 0x00, 0x04, 0x00, 0x7e, 0x00, 0x04, 0x00, 0x7e, 0x00, 0x04, 0x00, 0x7e, 0x00, 0x04, 0x00,
0x7e, 0x00, 0x04, 0x00, 0x7e, 0x00, 0x04, 0x00, 0x7e, 0x00, 0x04, 0x00, 0x7e, 0x00, 0x04, 0x00,
0x7e, 0x00, 0x04, 0x00, 0x7e, 0x00, 0x04, 0x00, 0x7e, 0x00, 0x04, 0x00, 0x7e, 0x00, 0x04, 0x00,
0x81, 0x00, 0x04, 0x00, 0x81, 0x00, 0x04, 0x00, 0x81, 0x00, 0x04, 0x00, 0x81, 0x00, 0x04, 0x00,
0x81, 0x00, 0x04, 0x00, 0x81, 0x00, 0x04, 0x00, 0x81, 0x00, 0x04, 0x00, 0x81, 0x00, 0x04, 0x00,
0x81, 0x00, 0x04, 0x00, 0x81, 0x00, 0x04, 0x00, 0x81, 0x00, 0x04, 0x00, 0x81, 0x00, 0x04, 0x00,
0x81, 0x00, 0x04, 0x00, 0x81, 0x00, 0x04, 0x00, 0x81, 0x00, 0x04, 0x00, 0x81, 0x00, 0x04, 0x00,
0x82, 0x00, 0x04, 0x00, 0x82, 0x00, 0x04, 0x00, 0x82, 0x00, 0x04, 0x00, 0x82, 0x00, 0x04, 0x00,
0x82, 0x00, 0x04, 0x00, 0x82, 0x00, 0x04, 0x00, 0x82, 0x00, 0x04, 0x00, 0x82, 0x00, 0x04, 0x00,
0x82, 0x00, 0x04, 0x00, 0x82, 0x00, 0x04, 0x00, 0x82, 0x00, 0x04, 0x00, 0x82, 0x00, 0x04, 0x00,
0x82, 0x00, 0x04, 0x00, 0x82, 0x00, 0x04, 0x00, 0x82, 0x00, 0x04, 0x00, 0x82, 0x00, 0x04, 0x00,
0x83, 0x00, 0x04, 0x00, 0x83, 0x00, 0x04, 0x00, 0x83, 0x00, 0x04, 0x00, 0x83, 0x00, 0x04, 0x00,
0x83, 0x00, 0x04, 0x00, 0x83, 0x00, 0x04, 0x00, 0x83, 0x00, 0x04, 0x00, 0x83, 0x00, 0x04, 0x00,
0x83, 0x00, 0x04, 0x00, 0x83, 0x00, 0x04, 0x00, 0x83, 0x00, 0x04, 0x00, 0x83, 0x00, 0x04, 0x00,
0x83, 0x00, 0x04, 0x00, 0x83, 0x00, 0x04, 0x00, 0x83, 0x00, 0x04, 0x00, 0x83, 0x00, 0x04, 0x00,
0x84, 0x00, 0x04, 0x00, 0x84, 0x00, 0x04, 0x00, 0x84, 0x00, 0x04, 0x00, 0x84, 0x00, 0x04, 0x00,
0x84, 0x00, 0x04, 0x00, 0x84, 0x00, 0x04, 0x00, 0x84, 0x00, 0x04, 0x00, 0x84, 0x00, 0x04, 0x00,
0x84, 0x00, 0x04, 0x00, 0x84, 0x00, 0x04, 0x00, 0x84, 0x00, 0x04, 0x00, 0x84, 0x00, 0x04, 0x00,
0x84, 0x00, 0x04, 0x00, 0x84, 0x00, 0x04, 0x00, 0x84, 0x00, 0x04, 0x00, 0x84, 0x00, 0x04, 0x00,
0x7f, 0x00, 0x03, 0x00, 0x7f, 0x00, 0x03, 0x00, 0x7f, 0x00, 0x03, 0x00, 0x7f, 0x00, 0x03, 0x00,
0x7f, 0x00, 0x03, 0x00, 0x7f, 0x00, 0x03, 0x00, 0x7f, 0x00, 0x03, 0x00, 0x7f, 0x00, 0x03, 0x00,
0x7f, 0x00, 0x03, 0x00, 0x7f, 0x00, 0x03, 0x00, 0x7f, 0x00, 0x03, 0x00, 0x7f, 0x00, 0x03, 0x00,
0x7f, 0x00, 0x03, 0x00, 0x7f, 0x00, 0x03, 0x00, 0x7f, 0x00, 0x03, 0x00, 0x7f, 0x00, 0x03, 0x00,
0x7f, 0x00, 0x03, 0x00, 0x7f, 0x00, 0x03, 0x00, 0x7f, 0x00, 0x03, 0x00, 0x7f, 0x00, 0x03, 0x00,
0x7f, 0x00, 0x03, 0x00, 0x7f, 0x00, 0x03, 0x00, 0x7f, 0x00, 0x03, 0x00, 0x7f, 0x00, 0x03, 0x00,
0x7f, 0x00, 0x03, 0x00, 0x7f, 0x00, 0x03, 0x00, 0x7f, 0x00, 0x03, 0x00, 0x7f, 0x00, 0x03, 0x00,
0x7f, 0x00, 0x03, 0x00, 0x7f, 0x00, 0x03, 0x00, 0x7f, 0x00, 0x03, 0x00, 0x7f, 0x00, 0x03, 0x00,
0x80, 0x00, 0x02, 0x00, 0x80, 0x00, 0x02, 0x00, 0x80, 0x00, 0x02, 0x00, 0x80, 0x00, 0x02, 0x00,
0x80, 0x00, 0x02, 0x00, 0x80, 0x00, 0x02, 0x00, 0x80, 0x00, 0x02, 0x00, 0x80, 0x00, 0x02, 0x00,
0x80, 0x00, 0x02, 0x00, 0x80, 0x00, 0x02, 0x00, 0x80, 0x00, 0x02, 0x00, 0x80, 0x00, 0x02, 0x00,
0x80, 0x00, 0x02, 0x00, 0x80, 0x00, 0x02, 0x00, 0x80, 0x00, 0x02, 0x00, 0x80, 0x00, 0x02, 0x00,
0x80, 0x00, 0x02, 0x00, 0x80, 0x00, 0x02, 0x00, 0x80, 0x00, 0x02, 0x00, 0x80, 0x00, 0x02, 0x00,
0x80, 0x00, 0x02, 0x00, 0x80, 0x00, 0x02, 0x00, 0x80, 0x00, 0x02, 0x00, 0x80, 0x00, 0x02, 0x00,
0x80, 0x00, 0x02, 0x00, 0x80, 0x00, 0x02, 0x00, 0x80, 0x00, 0x02, 0x00, 0x80, 0x00, 0x02, 0x00,
0x80, 0x00, 0x02, 0x00, 0x80, 0x00, 0x02, 0x00, 0x80, 0x00, 0x02, 0x00, 0x80, 0x00, 0x02, 0x00,
0x80, 0x00, 0x02, 0x00, 0x80, 0x00, 0x02, 0x00, 0x80, 0x00, 0x02, 0x00, 0x80, 0x00, 0x02, 0x00,
0x80, 0x00, 0x02, 0x00, 0x80, 0x00, 0x02, 0x00, 0x80, 0x00, 0x02, 0x00, 0x80, 0x00, 0x02, 0x00,
0x80, 0x00, 0x02, 0x00, 0x80, 0x00, 0x02, 0x00, 0x80, 0x00, 0x02, 0x00, 0x80, 0x00, 0x02, 0x00,
0x80, 0x00, 0x02, 0x00, 0x80, 0x00, 0x02, 0x00, 0x80, 0x00, 0x02, 0x00, 0x80, 0x00, 0x02, 0x00,
0x80, 0x00, 0x02, 0x00, 0x80, 0x00, 0x02, 0x00, 0x80, 0x00, 0x02, 0x00, 0x80, 0x00, 0x02, 0x00,
0x80, 0x00, 0x02, 0x00, 0x80, 0x00, 0x02, 0x00, 0x80, 0x00, 0x02, 0x00, 0x80, 0x00, 0x02, 0x00,
0x80, 0x00, 0x02, 0x00, 0x80, 0x00, 0x02, 0x00, 0x80, 0x00, 0x02, 0x00, 0x80, 0x00, 0x02, 0x00,
0x80, 0x00, 0x02, 0x00, 0x80, 0x00, 0x02, 0x00, 0x80, 0x00, 0x02, 0x00, 0x80, 0x00, 0x02, 0x00,
0x00, 0x00, 0x00, 0x00, 0x00, 0x00, 0x00, 0x00, 0x00, 0x00, 0x00, 0x00, 0x75, 0x00, 0x08, 0x00,
0x76, 0x00, 0x08, 0x00, 0x89, 0x00, 0x08, 0x00, 0x8a, 0x00, 0x08, 0x00, 0x8b, 0x00, 0x08, 0x00,
0x77, 0x00, 0x07, 0x00, 0x77, 0x00, 0x07, 0x00, 0x78, 0x00, 0x07, 0x00, 0x78, 0x00, 0x07, 0x00,
0x79, 0x00, 0x06, 0x00, 0x79, 0x00, 0x06, 0x00, 0x79, 0x00, 0x06, 0x00, 0x79, 0x00, 0x06, 0x00,
0x7a, 0x00, 0x06, 0x00, 0x7a, 0x00, 0x06, 0x00, 0x7a, 0x00, 0x06, 0x00, 0x7a, 0x00, 0x06, 0x00,
0x86, 0x00, 0x06, 0x00, 0x86, 0x00, 0x06, 0x00, 0x86, 0x00, 0x06, 0x00, 0x86, 0x00, 0x06, 0x00,
0x87, 0x00, 0x06, 0x00, 0x87, 0x00, 0x06, 0x00, 0x87, 0x00, 0x06, 0x00, 0x87, 0x00, 0x06, 0x00,
0x88, 0x00, 0x06, 0x00, 0x88, 0x00, 0x06, 0x00, 0x88, 0x00, 0x06, 0x00, 0x88, 0x00, 0x06, 0x00,
0x7b, 0x00, 0x05, 0x00, 0x7b, 0x00, 0x05, 0x00, 0x7b, 0x00, 0x05, 0x00, 0x7b, 0x00, 0x05, 0x00,
0x7b, 0x00, 0x05, 0x00, 0x7b, 0x00, 0x05, 0x00, 0x7b, 0x00, 0x05, 0x00, 0x7b, 0x00, 0x05, 0x00,
0x85, 0x00, 0x05, 0x00, 0x85, 0x00, 0x05, 0x00, 0x85, 0x00, 0x05, 0x00, 0x85, 0x00, 0x05, 0x00,
0x85, 0x00, 0x05, 0x00, 0x85, 0x00, 0x05, 0x00, 0x85, 0x00, 0x05, 0x00, 0x85, 0x00, 0x05, 0x00,
0x7c, 0x00, 0x04, 0x00, 0x7c, 0x00, 0x04, 0x00, 0x7c, 0x00, 0x04, 0x00, 0x7c, 0x00, 0x04, 0x00,
0x7c, 0x00, 0x04, 0x00, 0x7c, 0x00, 0x04, 0x00, 0x7c, 0x00, 0x04, 0x00, 0x7c, 0x00, 0x04, 0x00,
0x7c, 0x00, 0x04, 0x00, 0x7c, 0x00, 0x04, 0x00, 0x7c, 0x00, 0x04, 0x00, 0x7c, 0x00, 0x04, 0x00,
0x7c, 0x00, 0x04, 0x00, 0x7c, 0x00, 0x04, 0x00, 0x7c, 0x00, 0x04, 0x00, 0x7c, 0x00, 0x04, 0x00,
0x7d, 0x00, 0x04, 0x00, 0x7d, 0x00, 0x04, 0x00, 0x7d, 0x00, 0x04, 0x00, 0x7d, 0x00, 0x04, 0x00,
0x7d, 0x00, 0x04, 0x00, 0x7d, 0x00, 0x04, 0x00, 0x7d, 0x00, 0x04, 0x00, 0x7d, 0x00, 0x04, 0x00,
0x7d, 0x00, 0x04, 0x00, 0x7d, 0x00, 0x04, 0x00, 0x7d, 0x00, 0x04, 0x00, 0x7d, 0x00, 0x04, 0x00,
0x7d, 0x00, 0x04, 0x00, 0x7d, 0x00, 0x04, 0x00, 0x7d, 0x00, 0x04, 0x00, 0x7d, 0x00, 0x04, 0x00,
0x7e, 0x00, 0x04, 0x00, 0x7e, 0x00, 0x04, 0x00, 0x7e, 0x00, 0x04, 0x00, 0x7e, 0x00, 0x04, 0x00,
0x7e, 0x00, 0x04, 0x00, 0x7e, 0x00, 0x04, 0x00, 0x7e, 0x00, 0x04, 0x00, 0x7e, 0x00, 0x04, 0x00,
0x7e, 0x00, 0x04, 0x00, 0x7e, 0x00, 0x04, 0x00, 0x7e, 0x00, 0x04, 0x00, 0x7e, 0x00, 0x04, 0x00,
0x7e, 0x00, 0x04, 0x00, 0x7e, 0x00, 0x04, 0x00, 0x7e, 0x00, 0x04, 0x00, 0x7e, 0x00, 0x04, 0x00,
0x81, 0x00, 0x04, 0x00, 0x81, 0x00, 0x04, 0x00, 0x81, 0x00, 0x04, 0x00, 0x81, 0x00, 0x04, 0x00,
0x81, 0x00, 0x04, 0x00, 0x81, 0x00, 0x04, 0x00, 0x81, 0x00, 0x04, 0x00, 0x81, 0x00, 0x04, 0x00,
0x81, 0x00, 0x04, 0x00, 0x81, 0x00, 0x04, 0x00, 0x81, 0x00, 0x04, 0x00, 0x81, 0x00, 0x04, 0x00,
0x81, 0x00, 0x04, 0x00, 0x81, 0x00, 0x04, 0x00, 0x81, 0x00, 0x04, 0x00, 0x81, 0x00, 0x04, 0x00,
0x82, 0x00, 0x04, 0x00, 0x82, 0x00, 0x04, 0x00, 0x82, 0x00, 0x04, 0x00, 0x82, 0x00, 0x04, 0x00,
0x82, 0x00, 0x04, 0x00, 0x82, 0x00, 0x04, 0x00, 0x82, 0x00, 0x04, 0x00, 0x82, 0x00, 0x04, 0x00,
0x82, 0x00, 0x04, 0x00, 0x82, 0x00, 0x04, 0x00, 0x82, 0x00, 0x04, 0x00, 0x82, 0x00, 0x04, 0x00,
0x82, 0x00, 0x04, 0x00, 0x82, 0x00, 0x04, 0x00, 0x82, 0x00, 0x04, 0x00, 0x82, 0x00, 0x04, 0x00,
0x83, 0x00, 0x04, 0x00, 0x83, 0x00, 0x04, 0x00, 0x83, 0x00, 0x04, 0x00, 0x83, 0x00, 0x04, 0x00,
0x83, 0x00, 0x04, 0x00, 0x83, 0x00, 0x04, 0x00, 0x83, 0x00, 0x04, 0x00, 0x83, 0x00, 0x04, 0x00,
0x83, 0x00, 0x04, 0x00, 0x83, 0x00, 0x04, 0x00, 0x83, 0x00, 0x04, 0x00, 0x83, 0x00, 0x04, 0x00,
0x83, 0x00, 0x04, 0x00, 0x83, 0x00, 0x04, 0x00, 0x83, 0x00, 0x04, 0x00, 0x83, 0x00, 0x04, 0x00,
0x84, 0x00, 0x04, 0x00, 0x84, 0x00, 0x04, 0x00, 0x84, 0x00, 0x04, 0x00, 0x84, 0x00, 0x04, 0x00,
0x84, 0x00, 0x04, 0x00, 0x84, 0x00, 0x04, 0x00, 0x84, 0x00, 0x04, 0x00, 0x84, 0x00, 0x04, 0x00,
0x84, 0x00, 0x04, 0x00, 0x84, 0x00, 0x04, 0x00, 0x84, 0x00, 0x04, 0x00, 0x84, 0x00, 0x04, 0x00,
0x84, 0x00, 0x04, 0x00, 0x84, 0x00, 0x04, 0x00, 0x84, 0x00, 0x04, 0x00, 0x84, 0x00, 0x04, 0x00,
0x7f, 0x00, 0x03, 0x00, 0x7f, 0x00, 0x03, 0x00, 0x7f, 0x00, 0x03, 0x00, 0x7f, 0x00, 0x03, 0x00,
0x7f, 0x00, 0x03, 0x00, 0x7f, 0x00, 0x03, 0x00, 0x7f, 0x00, 0x03, 0x00, 0x7f, 0x00, 0x03, 0x00,
0x7f, 0x00, 0x03, 0x00, 0x7f, 0x00, 0x03, 0x00, 0x7f, 0x00, 0x03, 0x00, 0x7f, 0x00, 0x03, 0x00,
0x7f, 0x00, 0x03, 0x00, 0x7f, 0x00, 0x03, 0x00, 0x7f, 0x00, 0x03, 0x00, 0x7f, 0x00, 0x03, 0x00,
0x7f, 0x00, 0x03, 0x00, 0x7f, 0x00, 0x03, 0x00, 0x7f, 0x00, 0x03, 0x00, 0x7f, 0x00, 0x03, 0x00,
0x7f, 0x00, 0x03, 0x00, 0x7f, 0x00, 0x03, 0x00, 0x7f, 0x00, 0x03, 0x00, 0x7f, 0x00, 0x03, 0x00,
0x7f, 0x00, 0x03, 0x00, 0x7f, 0x00, 0x03, 0x00, 0x7f, 0x00, 0x03, 0x00, 0x7f, 0x00, 0x03, 0x00,
0x7f, 0x00, 0x03, 0x00, 0x7f, 0x00, 0x03, 0x00, 0x7f, 0x00, 0x03, 0x00, 0x7f, 0x00, 0x03, 0x00,
0x80, 0x00, 0x02, 0x00, 0x80, 0x00, 0x02, 0x00, 0x80, 0x00, 0x02, 0x00, 0x80, 0x00, 0x02, 0x00,
0x80, 0x00, 0x02, 0x00, 0x80, 0x00, 0x02, 0x00, 0x80, 0x00, 0x02, 0x00, 0x80, 0x00, 0x02, 0x00,
0x80, 0x00, 0x02, 0x00, 0x80, 0x00, 0x02, 0x00, 0x80, 0x00, 0x02, 0x00, 0x80, 0x00, 0x02, 0x00,
0x80, 0x00, 0x02, 0x00, 0x80, 0x00, 0x02, 0x00, 0x80, 0x00, 0x02, 0x00, 0x80, 0x00, 0x02, 0x00,
0x80, 0x00, 0x02, 0x00, 0x80, 0x00, 0x02, 0x00, 0x80, 0x00, 0x02, 0x00, 0x80, 0x00, 0x02, 0x00,
0x80, 0x00, 0x02, 0x00, 0x80, 0x00, 0x02, 0x00, 0x80, 0x00, 0x02, 0x00, 0x80, 0x00, 0x02, 0x00,
0x80, 0x00, 0x02, 0x00, 0x80, 0x00, 0x02, 0x00, 0x80, 0x00, 0x02, 0x00, 0x80, 0x00, 0x02, 0x00,
0x80, 0x00, 0x02, 0x00, 0x80, 0x00, 0x02, 0x00, 0x80, 0x00, 0x02, 0x00, 0x80, 0x00, 0x02, 0x00,
0x80, 0x00, 0x02, 0x00, 0x80, 0x00, 0x02, 0x00, 0x80, 0x00, 0x02, 0x00, 0x80, 0x00, 0x02, 0x00,
0x80, 0x00, 0x02, 0x00, 0x80, 0x00, 0x02, 0x00, 0x80, 0x00, 0x02, 0x00, 0x80, 0x00, 0x02, 0x00,
0x80, 0x00, 0x02, 0x00, 0x80, 0x00, 0x02, 0x00, 0x80, 0x00, 0x02, 0x00, 0x80, 0x00, 0x02, 0x00,
0x80, 0x00, 0x02, 0x00, 0x80, 0x00, 0x02, 0x00, 0x80, 0x00, 0x02, 0x00, 0x80, 0x00, 0x02, 0x00,
0x80, 0x00, 0x02, 0x00, 0x80, 0x00, 0x02, 0x00, 0x80, 0x00, 0x02, 0x00, 0x80, 0x00, 0x02, 0x00,
0x80, 0x00, 0x02, 0x00, 0x80, 0x00, 0x02, 0x00, 0x80, 0x00, 0x02, 0x00, 0x80, 0x00, 0x02, 0x00,
0x80, 0x00, 0x02, 0x00, 0x80, 0x00, 0x02, 0x00, 0x80, 0x00, 0x02, 0x00, 0x80, 0x00, 0x02, 0x00,
0x80, 0x00, 0x02, 0x00, 0x80, 0x00, 0x02, 0x00, 0x80, 0x00, 0x02, 0x00, 0x80, 0x00, 0x02, 0x00,
0x00, 0x00, 0x00, 0x00, 0x00, 0x00, 0x00, 0x00, 0x00, 0x00, 0x00, 0x00, 0x00, 0x00, 0x00, 0x00,
0x74, 0x00, 0x08, 0x00, 0x75, 0x00, 0x08, 0x00, 0x8b, 0x00, 0x08, 0x00, 0x8c, 0x00, 0x08, 0x00,
0x76, 0x00, 0x07, 0x00, 0x76, 0x00, 0x07, 0x00, 0x77, 0x00, 0x07, 0x00, 0x77, 0x00, 0x07, 0x00,
0x89, 0x00, 0x07, 0x00, 0x89, 0x00, 0x07, 0x00, 0x8a, 0x00, 0x07, 0x00, 0x8a, 0x00, 0x07, 0x00,
0x78, 0x00, 0x06, 0x00, 0x78, 0x00, 0x06, 0x00, 0x78, 0x00, 0x06, 0x00, 0x78, 0x00, 0x06, 0x00,
0x79, 0x00, 0x06, 0x00, 0x79, 0x00, 0x06, 0x00, 0x79, 0x00, 0x06, 0x00, 0x79, 0x00, 0x06, 0x00,
0x87, 0x00, 0x06, 0x00, 0x87, 0x00, 0x06, 0x00, 0x87, 0x00, 0x06, 0x00, 0x87, 0x00, 0x06, 0x00,
0x88, 0x00, 0x06, 0x00, 0x88, 0x00, 0x06, 0x00, 0x88, 0x00, 0x06, 0x00, 0x88, 0x00, 0x06, 0x00,
0x7a, 0x00, 0x05, 0x00, 0x7a, 0x00, 0x05, 0x00, 0x7a, 0x00, 0x05, 0x00, 0x7a, 0x00, 0x05, 0x00,
0x7a, 0x00, 0x05, 0x00, 0x7a, 0x00, 0x05, 0x00, 0x7a, 0x00, 0x05, 0x00, 0x7a, 0x00, 0x05, 0x00,
0x7b, 0x00, 0x05, 0x00, 0x7b, 0x00, 0x05, 0x00, 0x7b, 0x00, 0x05, 0x00, 0x7b, 0x00, 0x05, 0x00,
0x7b, 0x00, 0x05, 0x00, 0x7b, 0x00, 0x05, 0x00, 0x7b, 0x00, 0x05, 0x00, 0x7b, 0x00, 0x05, 0x00,
0x85, 0x00, 0x05, 0x00, 0x85, 0x00, 0x05, 0x00, 0x85, 0x00, 0x05, 0x00, 0x85, 0x00, 0x05, 0x00,
0x85, 0x00, 0x05, 0x00, 0x85, 0x00, 0x05, 0x00, 0x85, 0x00, 0x05, 0x00, 0x85, 0x00, 0x05, 0x00,
0x86, 0x00, 0x05, 0x00, 0x86, 0x00, 0x05, 0x00, 0x86, 0x00, 0x05, 0x00, 0x86, 0x00, 0x05, 0x00,
0x86, 0x00, 0x05, 0x00, 0x86, 0x00, 0x05, 0x00, 0x86, 0x00, 0x05, 0x00, 0x86, 0x00, 0x05, 0x00,
0x7c, 0x00, 0x04, 0x00, 0x7c, 0x00, 0x04, 0x00, 0x7c, 0x00, 0x04, 0x00, 0x7c, 0x00, 0x04, 0x00,
0x7c, 0x00, 0x04, 0x00, 0x7c, 0x00, 0x04, 0x00, 0x7c, 0x00, 0x04, 0x00, 0x7c, 0x00, 0x04, 0x00,
0x7c, 0x00, 0x04, 0x00, 0x7c, 0x00, 0x04, 0x00, 0x7c, 0x00, 0x04, 0x00, 0x7c, 0x00, 0x04, 0x00,
0x7c, 0x00, 0x04, 0x00, 0x7c, 0x00, 0x04, 0x00, 0x7c, 0x00, 0x04, 0x00, 0x7c, 0x00, 0x04, 0x00,
0x7d, 0x00, 0x04, 0x00, 0x7d, 0x00, 0x04, 0x00, 0x7d, 0x00, 0x04, 0x00, 0x7d, 0x00, 0x04, 0x00,
0x7d, 0x00, 0x04, 0x00, 0x7d, 0x00, 0x04, 0x00, 0x7d, 0x00, 0x04, 0x00, 0x7d, 0x00, 0x04, 0x00,
0x7d, 0x00, 0x04, 0x00, 0x7d, 0x00, 0x04, 0x00, 0x7d, 0x00, 0x04, 0x00, 0x7d, 0x00, 0x04, 0x00,
0x7d, 0x00, 0x04, 0x00, 0x7d, 0x00, 0x04, 0x00, 0x7d, 0x00, 0x04, 0x00, 0x7d, 0x00, 0x04, 0x00,
0x7e, 0x00, 0x04, 0x00, 0x7e, 0x00, 0x04, 0x00, 0x7e, 0x00, 0x04, 0x00, 0x7e, 0x00, 0x04, 0x00,
0x7e, 0x00, 0x04, 0x00, 0x7e, 0x00, 0x04, 0x00, 0x7e, 0x00, 0x04, 0x00, 0x7e, 0x00, 0x04, 0x00,
0x7e, 0x00, 0x04, 0x00, 0x7e, 0x00, 0x04, 0x00, 0x7e, 0x00, 0x04, 0x00, 0x7e, 0x00, 0x04, 0x00,
0x7e, 0x00, 0x04, 0x00, 0x7e, 0x00, 0x04, 0x00, 0x7e, 0x00, 0x04, 0x00, 0x7e, 0x00, 0x04, 0x00,
0x82, 0x00, 0x04, 0x00, 0x82, 0x00, 0x04, 0x00, 0x82, 0x00, 0x04, 0x00, 0x82, 0x00, 0x04, 0x00,
0x82, 0x00, 0x04, 0x00, 0x82, 0x00, 0x04, 0x00, 0x82, 0x00, 0x04, 0x00, 0x82, 0x00, 0x04, 0x00,
0x82, 0x00, 0x04, 0x00, 0x82, 0x00, 0x04, 0x00, 0x82, 0x00, 0x04, 0x00, 0x82, 0x00, 0x04, 0x00,
0x82, 0x00, 0x04, 0x00, 0x82, 0x00, 0x04, 0x00, 0x82, 0x00, 0x04, 0x00, 0x82, 0x00, 0x04, 0x00,
0x83, 0x00, 0x04, 0x00, 0x83, 0x00, 0x04, 0x00, 0x83, 0x00, 0x04, 0x00, 0x83, 0x00, 0x04, 0x00,
0x83, 0x00, 0x04, 0x00, 0x83, 0x00, 0x04, 0x00, 0x83, 0x00, 0x04, 0x00, 0x83, 0x00, 0x04, 0x00,
0x83, 0x00, 0x04, 0x00, 0x83, 0x00, 0x04, 0x00, 0x83, 0x00, 0x04, 0x00, 0x83, 0x00, 0x04, 0x00,
0x83, 0x00, 0x04, 0x00, 0x83, 0x00, 0x04, 0x00, 0x83, 0x00, 0x04, 0x00, 0x83, 0x00, 0x04, 0x00,
0x84, 0x00, 0x04, 0x00, 0x84, 0x00, 0x04, 0x00, 0x84, 0x00, 0x04, 0x00, 0x84, 0x00, 0x04, 0x00,
0x84, 0x00, 0x04, 0x00, 0x84, 0x00, 0x04, 0x00, 0x84, 0x00, 0x04, 0x00, 0x84, 0x00, 0x04, 0x00,
0x84, 0x00, 0x04, 0x00, 0x84, 0x00, 0x04, 0x00, 0x84, 0x00, 0x04, 0x00, 0x84, 0x00, 0x04, 0x00,
0x84, 0x00, 0x04, 0x00, 0x84, 0x00, 0x04, 0x00, 0x84, 0x00, 0x04, 0x00, 0x84, 0x00, 0x04, 0x00,
0x7f, 0x00, 0x03, 0x00, 0x7f, 0x00, 0x03, 0x00, 0x7f, 0x00, 0x03, 0x00, 0x7f, 0x00, 0x03, 0x00,
0x7f, 0x00, 0x03, 0x00, 0x7f, 0x00, 0x03, 0x00, 0x7f, 0x00, 0x03, 0x00, 0x7f, 0x00, 0x03, 0x00,
0x7f, 0x00, 0x03, 0x00, 0x7f, 0x00, 0x03, 0x00, 0x7f, 0x00, 0x03, 0x00, 0x7f, 0x00, 0x03, 0x00,
0x7f, 0x00, 0x03, 0x00, 0x7f, 0x00, 0x03, 0x00, 0x7f, 0x00, 0x03, 0x00, 0x7f, 0x00, 0x03, 0x00,
0x7f, 0x00, 0x03, 0x00, 0x7f, 0x00, 0x03, 0x00, 0x7f, 0x00, 0x03, 0x00, 0x7f, 0x00, 0x03, 0x00,
0x7f, 0x00, 0x03, 0x00, 0x7f, 0x00, 0x03, 0x00, 0x7f, 0x00, 0x03, 0x00, 0x7f, 0x00, 0x03, 0x00,
0x7f, 0x00, 0x03, 0x00, 0x7f, 0x00, 0x03, 0x00, 0x7f, 0x00, 0x03, 0x00, 0x7f, 0x00, 0x03, 0x00,
0x7f, 0x00, 0x03, 0x00, 0x7f, 0x00, 0x03, 0x00, 0x7f, 0x00, 0x03, 0x00, 0x7f, 0x00, 0x03, 0x00,
0x80, 0x00, 0x03, 0x00, 0x80, 0x00, 0x03, 0x00, 0x80, 0x00, 0x03, 0x00, 0x80, 0x00, 0x03, 0x00,
0x80, 0x00, 0x03, 0x00, 0x80, 0x00, 0x03, 0x00, 0x80, 0x00, 0x03, 0x00, 0x80, 0x00, 0x03, 0x00,
0x80, 0x00, 0x03, 0x00, 0x80, 0x00, 0x03, 0x00, 0x80, 0x00, 0x03, 0x00, 0x80, 0x00, 0x03, 0x00,
0x80, 0x00, 0x03, 0x00, 0x80, 0x00, 0x03, 0x00, 0x80, 0x00, 0x03, 0x00, 0x80, 0x00, 0x03, 0x00,
0x80, 0x00, 0x03, 0x00, 0x80, 0x00, 0x03, 0x00, 0x80, 0x00, 0x03, 0x00, 0x80, 0x00, 0x03, 0x00,
0x80, 0x00, 0x03, 0x00, 0x80, 0x00, 0x03, 0x00, 0x80, 0x00, 0x03, 0x00, 0x80, 0x00, 0x03, 0x00,
0x80, 0x00, 0x03, 0x00, 0x80, 0x00, 0x03, 0x00, 0x80, 0x00, 0x03, 0x00, 0x80, 0x00, 0x03, 0x00,
0x80, 0x00, 0x03, 0x00, 0x80, 0x00, 0x03, 0x00, 0x80, 0x00, 0x03, 0x00, 0x80, 0x00, 0x03, 0x00,
0x81, 0x00, 0x03, 0x00, 0x81, 0x00, 0x03, 0x00, 0x81, 0x00, 0x03, 0x00, 0x81, 0x00, 0x03, 0x00,
0x81, 0x00, 0x03, 0x00, 0x81, 0x00, 0x03, 0x00, 0x81, 0x00, 0x03, 0x00, 0x81, 0x00, 0x03, 0x00,
0x81, 0x00, 0x03, 0x00, 0x81, 0x00, 0x03, 0x00, 0x81, 0x00, 0x03, 0x00, 0x81, 0x00, 0x03, 0x00,
0x81, 0x00, 0x03, 0x00, 0x81, 0x00, 0x03, 0x00, 0x81, 0x00, 0x03, 0x00, 0x81, 0x00, 0x03, 0x00,
0x81, 0x00, 0x03, 0x00, 0x81, 0x00, 0x03, 0x00, 0x81, 0x00, 0x03, 0x00, 0x81, 0x00, 0x03, 0x00,
0x81, 0x00, 0x03, 0x00, 0x81, 0x00, 0x03, 0x00, 0x81, 0x00, 0x03, 0x00, 0x81, 0x00, 0x03, 0x00,
0x81, 0x00, 0x03, 0x00, 0x81, 0x00, 0x03, 0x00, 0x81, 0x00, 0x03, 0x00, 0x81, 0x00, 0x03, 0x00,
0x81, 0x00, 0x03, 0x00, 0x81, 0x00, 0x03, 0x00, 0x81, 0x00, 0x03, 0x00, 0x81, 0x00, 0x03, 0x00,
0x00, 0x00, 0x00, 0x00, 0x00, 0x00, 0x00, 0x00, 0x00, 0x00, 0x00, 0x00, 0x00, 0x00, 0x00, 0x00,
0x73, 0x00, 0x08, 0x00, 0x74, 0x00, 0x08, 0x00, 0x8c, 0x00, 0x08, 0x00, 0x8d, 0x00, 0x08, 0x00,
0x75, 0x00, 0x07, 0x00, 0x75, 0x00, 0x07, 0x00, 0x76, 0x00, 0x07, 0x00, 0x76, 0x00, 0x07, 0x00,
0x8a, 0x00, 0x07, 0x00, 0x8a, 0x00, 0x07, 0x00, 0x8b, 0x00, 0x07, 0x00, 0x8b, 0x00, 0x07, 0x00,
0x77, 0x00, 0x06, 0x00, 0x77, 0x00, 0x06, 0x00, 0x77, 0x00, 0x06, 0x00, 0x77, 0x00, 0x06, 0x00,
0x78, 0x00, 0x06, 0x00, 0x78, 0x00, 0x06, 0x00, 0x78, 0x00, 0x06, 0x00, 0x78, 0x00, 0x06, 0x00,
0x88, 0x00, 0x06, 0x00, 0x88, 0x00, 0x06, 0x00, 0x88, 0x00, 0x06, 0x00, 0x88, 0x00, 0x06, 0x00,
0x89, 0x00, 0x06, 0x00, 0x89, 0x00, 0x06, 0x00, 0x89, 0x00, 0x06, 0x00, 0x89, 0x00, 0x06, 0x00,
0x79, 0x00, 0x05, 0x00, 0x79, 0x00, 0x05, 0x00, 0x79, 0x00, 0x05, 0x00, 0x79, 0x00, 0x05, 0x00,
0x79, 0x00, 0x05, 0x00, 0x79, 0x00, 0x05, 0x00, 0x79, 0x00, 0x05, 0x00, 0x79, 0x00, 0x05, 0x00,
0x7a, 0x00, 0x05, 0x00, 0x7a, 0x00, 0x05, 0x00, 0x7a, 0x00, 0x05, 0x00, 0x7a, 0x00, 0x05, 0x00,
0x7a, 0x00, 0x05, 0x00, 0x7a, 0x00, 0x05, 0x00, 0x7a, 0x00, 0x05, 0x00, 0x7a, 0x00, 0x05, 0x00,
0x7b, 0x00, 0x05, 0x00, 0x7b, 0x00, 0x05, 0x00, 0x7b, 0x00, 0x05, 0x00, 0x7b, 0x00, 0x05, 0x00,
0x7b, 0x00, 0x05, 0x00, 0x7b, 0x00, 0x05, 0x00, 0x7b, 0x00, 0x05, 0x00, 0x7b, 0x00, 0x05, 0x00,
0x85, 0x00, 0x05, 0x00, 0x85, 0x00, 0x05, 0x00, 0x85, 0x00, 0x05, 0x00, 0x85, 0x00, 0x05, 0x00,
0x85, 0x00, 0x05, 0x00, 0x85, 0x00, 0x05, 0x00, 0x85, 0x00, 0x05, 0x00, 0x85, 0x00, 0x05, 0x00,
0x86, 0x00, 0x05, 0x00, 0x86, 0x00, 0x05, 0x00, 0x86, 0x00, 0x05, 0x00, 0x86, 0x00, 0x05, 0x00,
0x86, 0x00, 0x05, 0x00, 0x86, 0x00, 0x05, 0x00, 0x86, 0x00, 0x05, 0x00, 0x86, 0x00, 0x05, 0x00,
0x87, 0x00, 0x05, 0x00, 0x87, 0x00, 0x05, 0x00, 0x87, 0x00, 0x05, 0x00, 0x87, 0x00, 0x05, 0x00,
0x87, 0x00, 0x05, 0x00, 0x87, 0x00, 0x05, 0x00, 0x87, 0x00, 0x05, 0x00, 0x87, 0x00, 0x05, 0x00,
0x7c, 0x00, 0x04, 0x00, 0x7c, 0x00, 0x04, 0x00, 0x7c, 0x00, 0x04, 0x00, 0x7c, 0x00, 0x04, 0x00,
0x7c, 0x00, 0x04, 0x00, 0x7c, 0x00, 0x04, 0x00, 0x7c, 0x00, 0x04, 0x00, 0x7c, 0x00, 0x04, 0x00,
0x7c, 0x00, 0x04, 0x00, 0x7c, 0x00, 0x04, 0x00, 0x7c, 0x00, 0x04, 0x00, 0x7c, 0x00, 0x04, 0x00,
0x7c, 0x00, 0x04, 0x00, 0x7c, 0x00, 0x04, 0x00, 0x7c, 0x00, 0x04, 0x00, 0x7c, 0x00, 0x04, 0x00,
0x7d, 0x00, 0x04, 0x00, 0x7d, 0x00, 0x04, 0x00, 0x7d, 0x00, 0x04, 0x00, 0x7d, 0x00, 0x04, 0x00,
0x7d, 0x00, 0x04, 0x00, 0x7d, 0x00, 0x04, 0x00, 0x7d, 0x00, 0x04, 0x00, 0x7d, 0x00, 0x04, 0x00,
0x7d, 0x00, 0x04, 0x00, 0x7d, 0x00, 0x04, 0x00, 0x7d, 0x00, 0x04, 0x00, 0x7d, 0x00, 0x04, 0x00,
0x7d, 0x00, 0x04, 0x00, 0x7d, 0x00, 0x04, 0x00, 0x7d, 0x00, 0x04, 0x00, 0x7d, 0x00, 0x04, 0x00,
0x7e, 0x00, 0x04, 0x00, 0x7e, 0x00, 0x04, 0x00, 0x7e, 0x00, 0x04, 0x00, 0x7e, 0x00, 0x04, 0x00,
0x7e, 0x00, 0x04, 0x00, 0x7e, 0x00, 0x04, 0x00, 0x7e, 0x00, 0x04, 0x00, 0x7e, 0x00, 0x04, 0x00,
0x7e, 0x00, 0x04, 0x00, 0x7e, 0x00, 0x04, 0x00, 0x7e, 0x00, 0x04, 0x00, 0x7e, 0x00, 0x04, 0x00,
0x7e, 0x00, 0x04, 0x00, 0x7e, 0x00, 0x04, 0x00, 0x7e, 0x00, 0x04, 0x00, 0x7e, 0x00, 0x04, 0x00,
0x81, 0x00, 0x04, 0x00, 0x81, 0x00, 0x04, 0x00, 0x81, 0x00, 0x04, 0x00, 0x81, 0x00, 0x04, 0x00,
0x81, 0x00, 0x04, 0x00, 0x81, 0x00, 0x04, 0x00, 0x81, 0x00, 0x04, 0x00, 0x81, 0x00, 0x04, 0x00,
0x81, 0x00, 0x04, 0x00, 0x81, 0x00, 0x04, 0x00, 0x81, 0x00, 0x04, 0x00, 0x81, 0x00, 0x04, 0x00,
0x81, 0x00, 0x04, 0x00, 0x81, 0x00, 0x04, 0x00, 0x81, 0x00, 0x04, 0x00, 0x81, 0x00, 0x04, 0x00,
0x82, 0x00, 0x04, 0x00, 0x82, 0x00, 0x04, 0x00, 0x82, 0x00, 0x04, 0x00, 0x82, 0x00, 0x04, 0x00,
0x82, 0x00, 0x04, 0x00, 0x82, 0x00, 0x04, 0x00, 0x82, 0x00, 0x04, 0x00, 0x82, 0x00, 0x04, 0x00,
0x82, 0x00, 0x04, 0x00, 0x82, 0x00, 0x04, 0x00, 0x82, 0x00, 0x04, 0x00, 0x82, 0x00, 0x04, 0x00,
0x82, 0x00, 0x04, 0x00, 0x82, 0x00, 0x04, 0x00, 0x82, 0x00, 0x04, 0x00, 0x82, 0x00, 0x04, 0x00,
0x83, 0x00, 0x04, 0x00, 0x83, 0x00, 0x04, 0x00, 0x83, 0x00, 0x04, 0x00, 0x83, 0x00, 0x04, 0x00,
0x83, 0x00, 0x04, 0x00, 0x83, 0x00, 0x04, 0x00, 0x83, 0x00, 0x04, 0x00, 0x83, 0x00, 0x04, 0x00,
0x83, 0x00, 0x04, 0x00, 0x83, 0x00, 0x04, 0x00, 0x83, 0x00, 0x04, 0x00, 0x83, 0x00, 0x04, 0x00,
0x83, 0x00, 0x04, 0x00, 0x83, 0x00, 0x04, 0x00, 0x83, 0x00, 0x04, 0x00, 0x83, 0x00, 0x04, 0x00,
0x84, 0x00, 0x04, 0x00, 0x84, 0x00, 0x04, 0x00, 0x84, 0x00, 0x04, 0x00, 0x84, 0x00, 0x04, 0x00,
0x84, 0x00, 0x04, 0x00, 0x84, 0x00, 0x04, 0x00, 0x84, 0x00, 0x04, 0x00, 0x84, 0x00, 0x04, 0x00,
0x84, 0x00, 0x04, 0x00, 0x84, 0x00, 0x04, 0x00, 0x84, 0x00, 0x04, 0x00, 0x84, 0x00, 0x04, 0x00,
0x84, 0x00, 0x04, 0x00, 0x84, 0x00, 0x04, 0x00, 0x84, 0x00, 0x04, 0x00, 0x84, 0x00, 0x04, 0x00,
0x7f, 0x00, 0x03, 0x00, 0x7f, 0x00, 0x03, 0x00, 0x7f, 0x00, 0x03, 0x00, 0x7f, 0x00, 0x03, 0x00,
0x7f, 0x00, 0x03, 0x00, 0x7f, 0x00, 0x03, 0x00, 0x7f, 0x00, 0x03, 0x00, 0x7f, 0x00, 0x03, 0x00,
0x7f, 0x00, 0x03, 0x00, 0x7f, 0x00, 0x03, 0x00, 0x7f, 0x00, 0x03, 0x00, 0x7f, 0x00, 0x03, 0x00,
0x7f, 0x00, 0x03, 0x00, 0x7f, 0x00, 0x03, 0x00, 0x7f, 0x00, 0x03, 0x00, 0x7f, 0x00, 0x03, 0x00,
0x7f, 0x00, 0x03, 0x00, 0x7f, 0x00, 0x03, 0x00, 0x7f, 0x00, 0x03, 0x00, 0x7f, 0x00, 0x03, 0x00,
0x7f, 0x00, 0x03, 0x00, 0x7f, 0x00, 0x03, 0x00, 0x7f, 0x00, 0x03, 0x00, 0x7f, 0x00, 0x03, 0x00,
0x7f, 0x00, 0x03, 0x00, 0x7f, 0x00, 0x03, 0x00, 0x7f, 0x00, 0x03, 0x00, 0x7f, 0x00, 0x03, 0x00,
0x7f, 0x00, 0x03, 0x00, 0x7f, 0x00, 0x03, 0x00, 0x7f, 0x00, 0x03, 0x00, 0x7f, 0x00, 0x03, 0x00,
0x80, 0x00, 0x03, 0x00, 0x80, 0x00, 0x03, 0x00, 0x80, 0x00, 0x03, 0x00, 0x80, 0x00, 0x03, 0x00,
0x80, 0x00, 0x03, 0x00, 0x80, 0x00, 0x03, 0x00, 0x80, 0x00, 0x03, 0x00, 0x80, 0x00, 0x03, 0x00,
0x80, 0x00, 0x03, 0x00, 0x80, 0x00, 0x03, 0x00, 0x80, 0x00, 0x03, 0x00, 0x80, 0x00, 0x03, 0x00,
0x80, 0x00, 0x03, 0x00, 0x80, 0x00, 0x03, 0x00, 0x80, 0x00, 0x03, 0x00, 0x80, 0x00, 0x03, 0x00,
0x80, 0x00, 0x03, 0x00, 0x80, 0x00, 0x03, 0x00, 0x80, 0x00, 0x03, 0x00, 0x80, 0x00, 0x03, 0x00,
0x80, 0x00, 0x03, 0x00, 0x80, 0x00, 0x03, 0x00, 0x80, 0x00, 0x03, 0x00, 0x80, 0x00, 0x03, 0x00,
0x80, 0x00, 0x03, 0x00, 0x80, 0x00, 0x03, 0x00, 0x80, 0x00, 0x03, 0x00, 0x80, 0x00, 0x03, 0x00,
0x80, 0x00, 0x03, 0x00, 0x80, 0x00, 0x03, 0x00, 0x80, 0x00, 0x03, 0x00, 0x80, 0x00, 0x03, 0x00,
0x00, 0x00, 0x00, 0x00, 0x00, 0x00, 0x00, 0x00, 0x00, 0x00, 0x00, 0x00, 0x00, 0x00, 0x00, 0x00,
0x72, 0x00, 0x08, 0x00, 0x73, 0x00, 0x08, 0x00, 0x8d, 0x00, 0x08, 0x00, 0x8e, 0x00, 0x08, 0x00,
0x74, 0x00, 0x07, 0x00, 0x74, 0x00, 0x07, 0x00, 0x75, 0x00, 0x07, 0x00, 0x75, 0x00, 0x07, 0x00,
0x8b, 0x00, 0x07, 0x00, 0x8b, 0x00, 0x07, 0x00, 0x8c, 0x00, 0x07, 0x00, 0x8c, 0x00, 0x07, 0x00,
0x76, 0x00, 0x06, 0x00, 0x76, 0x00, 0x06, 0x00, 0x76, 0x00, 0x06, 0x00, 0x76, 0x00, 0x06, 0x00,
0x77, 0x00, 0x06, 0x00, 0x77, 0x00, 0x06, 0x00, 0x77, 0x00, 0x06, 0x00, 0x77, 0x00, 0x06, 0x00,
0x89, 0x00, 0x06, 0x00, 0x89, 0x00, 0x06, 0x00, 0x89, 0x00, 0x06, 0x00, 0x89, 0x00, 0x06, 0x00,
0x8a, 0x00, 0x06, 0x00, 0x8a, 0x00, 0x06, 0x00, 0x8a, 0x00, 0x06, 0x00, 0x8a, 0x00, 0x06, 0x00,
0x78, 0x00, 0x05, 0x00, 0x78, 0x00, 0x05, 0x00, 0x78, 0x00, 0x05, 0x00, 0x78, 0x00, 0x05, 0x00,
0x78, 0x00, 0x05, 0x00, 0x78, 0x00, 0x05, 0x00, 0x78, 0x00, 0x05, 0x00, 0x78, 0x00, 0x05, 0x00,
0x79, 0x00, 0x05, 0x00, 0x79, 0x00, 0x05, 0x00, 0x79, 0x00, 0x05, 0x00, 0x79, 0x00, 0x05, 0x00,
0x79, 0x00, 0x05, 0x00, 0x79, 0x00, 0x05, 0x00, 0x79, 0x00, 0x05, 0x00, 0x79, 0x00, 0x05, 0x00,
0x7a, 0x00, 0x05, 0x00, 0x7a, 0x00, 0x05, 0x00, 0x7a, 0x00, 0x05, 0x00, 0x7a, 0x00, 0x05, 0x00,
0x7a, 0x00, 0x05, 0x00, 0x7a, 0x00, 0x05, 0x00, 0x7a, 0x00, 0x05, 0x00, 0x7a, 0x00, 0x05, 0x00,
0x7b, 0x00, 0x05, 0x00, 0x7b, 0x00, 0x05, 0x00, 0x7b, 0x00, 0x05, 0x00, 0x7b, 0x00, 0x05, 0x00,
0x7b, 0x00, 0x05, 0x00, 0x7b, 0x00, 0x05, 0x00, 0x7b, 0x00, 0x05, 0x00, 0x7b, 0x00, 0x05, 0x00,
0x85, 0x00, 0x05, 0x00, 0x85, 0x00, 0x05, 0x00, 0x85, 0x00, 0x05, 0x00, 0x85, 0x00, 0x05, 0x00,
0x85, 0x00, 0x05, 0x00, 0x85, 0x00, 0x05, 0x00, 0x85, 0x00, 0x05, 0x00, 0x85, 0x00, 0x05, 0x00,
0x86, 0x00, 0x05, 0x00, 0x86, 0x00, 0x05, 0x00, 0x86, 0x00, 0x05, 0x00, 0x86, 0x00, 0x05, 0x00,
0x86, 0x00, 0x05, 0x00, 0x86, 0x00, 0x05, 0x00, 0x86, 0x00, 0x05, 0x00, 0x86, 0x00, 0x05, 0x00,
0x87, 0x00, 0x05, 0x00, 0x87, 0x00, 0x05, 0x00, 0x87, 0x00, 0x05, 0x00, 0x87, 0x00, 0x05, 0x00,
0x87, 0x00, 0x05, 0x00, 0x87, 0x00, 0x05, 0x00, 0x87, 0x00, 0x05, 0x00, 0x87, 0x00, 0x05, 0x00,
0x88, 0x00, 0x05, 0x00, 0x88, 0x00, 0x05, 0x00, 0x88, 0x00, 0x05, 0x00, 0x88, 0x00, 0x05, 0x00,
0x88, 0x00, 0x05, 0x00, 0x88, 0x00, 0x05, 0x00, 0x88, 0x00, 0x05, 0x00, 0x88, 0x00, 0x05, 0x00,
0x7c, 0x00, 0x04, 0x00, 0x7c, 0x00, 0x04, 0x00, 0x7c, 0x00, 0x04, 0x00, 0x7c, 0x00, 0x04, 0x00,
0x7c, 0x00, 0x04, 0x00, 0x7c, 0x00, 0x04, 0x00, 0x7c, 0x00, 0x04, 0x00, 0x7c, 0x00, 0x04, 0x00,
0x7c, 0x00, 0x04, 0x00, 0x7c, 0x00, 0x04, 0x00, 0x7c, 0x00, 0x04, 0x00, 0x7c, 0x00, 0x04, 0x00,
0x7c, 0x00, 0x04, 0x00, 0x7c, 0x00, 0x04, 0x00, 0x7c, 0x00, 0x04, 0x00, 0x7c, 0x00, 0x04, 0x00,
0x7d, 0x00, 0x04, 0x00, 0x7d, 0x00, 0x04, 0x00, 0x7d, 0x00, 0x04, 0x00, 0x7d, 0x00, 0x04, 0x00,
0x7d, 0x00, 0x04, 0x00, 0x7d, 0x00, 0x04, 0x00, 0x7d, 0x00, 0x04, 0x00, 0x7d, 0x00, 0x04, 0x00,
0x7d, 0x00, 0x04, 0x00, 0x7d, 0x00, 0x04, 0x00, 0x7d, 0x00, 0x04, 0x00, 0x7d, 0x00, 0x04, 0x00,
0x7d, 0x00, 0x04, 0x00, 0x7d, 0x00, 0x04, 0x00, 0x7d, 0x00, 0x04, 0x00, 0x7d, 0x00, 0x04, 0x00,
0x7e, 0x00, 0x04, 0x00, 0x7e, 0x00, 0x04, 0x00, 0x7e, 0x00, 0x04, 0x00, 0x7e, 0x00, 0x04, 0x00,
0x7e, 0x00, 0x04, 0x00, 0x7e, 0x00, 0x04, 0x00, 0x7e, 0x00, 0x04, 0x00, 0x7e, 0x00, 0x04, 0x00,
0x7e, 0x00, 0x04, 0x00, 0x7e, 0x00, 0x04, 0x00, 0x7e, 0x00, 0x04, 0x00, 0x7e, 0x00, 0x04, 0x00,
0x7e, 0x00, 0x04, 0x00, 0x7e, 0x00, 0x04, 0x00, 0x7e, 0x00, 0x04, 0x00, 0x7e, 0x00, 0x04, 0x00,
0x7f, 0x00, 0x04, 0x00, 0x7f, 0x00, 0x04, 0x00, 0x7f, 0x00, 0x04, 0x00, 0x7f, 0x00, 0x04, 0x00,
0x7f, 0x00, 0x04, 0x00, 0x7f, 0x00, 0x04, 0x00, 0x7f, 0x00, 0x04, 0x00, 0x7f, 0x00, 0x04, 0x00,
0x7f, 0x00, 0x04, 0x00, 0x7f, 0x00, 0x04, 0x00, 0x7f, 0x00, 0x04, 0x00, 0x7f, 0x00, 0x04, 0x00,
0x7f, 0x00, 0x04, 0x00, 0x7f, 0x00, 0x04, 0x00, 0x7f, 0x00, 0x04, 0x00, 0x7f, 0x00, 0x04, 0x00,
0x81, 0x00, 0x04, 0x00, 0x81, 0x00, 0x04, 0x00, 0x81, 0x00, 0x04, 0x00, 0x81, 0x00, 0x04, 0x00,
0x81, 0x00, 0x04, 0x00, 0x81, 0x00, 0x04, 0x00, 0x81, 0x00, 0x04, 0x00, 0x81, 0x00, 0x04, 0x00,
0x81, 0x00, 0x04, 0x00, 0x81, 0x00, 0x04, 0x00, 0x81, 0x00, 0x04, 0x00, 0x81, 0x00, 0x04, 0x00,
0x81, 0x00, 0x04, 0x00, 0x81, 0x00, 0x04, 0x00, 0x81, 0x00, 0x04, 0x00, 0x81, 0x00, 0x04, 0x00,
0x82, 0x00, 0x04, 0x00, 0x82, 0x00, 0x04, 0x00, 0x82, 0x00, 0x04, 0x00, 0x82, 0x00, 0x04, 0x00,
0x82, 0x00, 0x04, 0x00, 0x82, 0x00, 0x04, 0x00, 0x82, 0x00, 0x04, 0x00, 0x82, 0x00, 0x04, 0x00,
0x82, 0x00, 0x04, 0x00, 0x82, 0x00, 0x04, 0x00, 0x82, 0x00, 0x04, 0x00, 0x82, 0x00, 0x04, 0x00,
0x82, 0x00, 0x04, 0x00, 0x82, 0x00, 0x04, 0x00, 0x82, 0x00, 0x04, 0x00, 0x82, 0x00, 0x04, 0x00,
0x83, 0x00, 0x04, 0x00, 0x83, 0x00, 0x04, 0x00, 0x83, 0x00, 0x04, 0x00, 0x83, 0x00, 0x04, 0x00,
0x83, 0x00, 0x04, 0x00, 0x83, 0x00, 0x04, 0x00, 0x83, 0x00, 0x04, 0x00, 0x83, 0x00, 0x04, 0x00,
0x83, 0x00, 0x04, 0x00, 0x83, 0x00, 0x04, 0x00, 0x83, 0x00, 0x04, 0x00, 0x83, 0x00, 0x04, 0x00,
0x83, 0x00, 0x04, 0x00, 0x83, 0x00, 0x04, 0x00, 0x83, 0x00, 0x04, 0x00, 0x83, 0x00, 0x04, 0x00,
0x84, 0x00, 0x04, 0x00, 0x84, 0x00, 0x04, 0x00, 0x84, 0x00, 0x04, 0x00, 0x84, 0x00, 0x04, 0x00,
0x84, 0x00, 0x04, 0x00, 0x84, 0x00, 0x04, 0x00, 0x84, 0x00, 0x04, 0x00, 0x84, 0x00, 0x04, 0x00,
0x84, 0x00, 0x04, 0x00, 0x84, 0x00, 0x04, 0x00, 0x84, 0x00, 0x04, 0x00, 0x84, 0x00, 0x04, 0x00,
0x84, 0x00, 0x04, 0x00, 0x84, 0x00, 0x04, 0x00, 0x84, 0x00, 0x04, 0x00, 0x84, 0x00, 0x04, 0x00,
0x80, 0x00, 0x03, 0x00, 0x80, 0x00, 0x03, 0x00, 0x80, 0x00, 0x03, 0x00, 0x80, 0x00, 0x03, 0x00,
0x80, 0x00, 0x03, 0x00, 0x80, 0x00, 0x03, 0x00, 0x80, 0x00, 0x03, 0x00, 0x80, 0x00, 0x03, 0x00,
0x80, 0x00, 0x03, 0x00, 0x80, 0x00, 0x03, 0x00, 0x80, 0x00, 0x03, 0x00, 0x80, 0x00, 0x03, 0x00,
0x80, 0x00, 0x03, 0x00, 0x80, 0x00, 0x03, 0x00, 0x80, 0x00, 0x03, 0x00, 0x80, 0x00, 0x03, 0x00,
0x80, 0x00, 0x03, 0x00, 0x80, 0x00, 0x03, 0x00, 0x80, 0x00, 0x03, 0x00, 0x80, 0x00, 0x03, 0x00,
0x80, 0x00, 0x03, 0x00, 0x80, 0x00, 0x03, 0x00, 0x80, 0x00, 0x03, 0x00, 0x80, 0x00, 0x03, 0x00,
0x80, 0x00, 0x03, 0x00, 0x80, 0x00, 0x03, 0x00, 0x80, 0x00, 0x03, 0x00, 0x80, 0x00, 0x03, 0x00,
0x80, 0x00, 0x03, 0x00, 0x80, 0x00, 0x03, 0x00, 0x80, 0x00, 0x03, 0x00, 0x80, 0x00, 0x03, 0x00,
0x00, 0x00, 0x00, 0x00, 0x00, 0x00, 0x00, 0x00, 0x00, 0x00, 0x00, 0x00, 0x00, 0x00, 0x00, 0x00,
0x72, 0x00, 0x08, 0x00, 0x73, 0x00, 0x08, 0x00, 0x8d, 0x00, 0x08, 0x00, 0x8e, 0x00, 0x08, 0x00,
0x74, 0x00, 0x07, 0x00, 0x74, 0x00, 0x07, 0x00, 0x75, 0x00, 0x07, 0x00, 0x75, 0x00, 0x07, 0x00,
0x8b, 0x00, 0x07, 0x00, 0x8b, 0x00, 0x07, 0x00, 0x8c, 0x00, 0x07, 0x00, 0x8c, 0x00, 0x07, 0x00,
0x76, 0x00, 0x06, 0x00, 0x76, 0x00, 0x06, 0x00, 0x76, 0x00, 0x06, 0x00, 0x76, 0x00, 0x06, 0x00,
0x77, 0x00, 0x06, 0x00, 0x77, 0x00, 0x06, 0x00, 0x77, 0x00, 0x06, 0x00, 0x77, 0x00, 0x06, 0x00,
0x89, 0x00, 0x06, 0x00, 0x89, 0x00, 0x06, 0x00, 0x89, 0x00, 0x06, 0x00, 0x89, 0x00, 0x06, 0x00,
0x8a, 0x00, 0x06, 0x00, 0x8a, 0x00, 0x06, 0x00, 0x8a, 0x00, 0x06, 0x00, 0x8a, 0x00, 0x06, 0x00,
0x78, 0x00, 0x05, 0x00, 0x78, 0x00, 0x05, 0x00, 0x78, 0x00, 0x05, 0x00, 0x78, 0x00, 0x05, 0x00,
0x78, 0x00, 0x05, 0x00, 0x78, 0x00, 0x05, 0x00, 0x78, 0x00, 0x05, 0x00, 0x78, 0x00, 0x05, 0x00,
0x79, 0x00, 0x05, 0x00, 0x79, 0x00, 0x05, 0x00, 0x79, 0x00, 0x05, 0x00, 0x79, 0x00, 0x05, 0x00,
0x79, 0x00, 0x05, 0x00, 0x79, 0x00, 0x05, 0x00, 0x79, 0x00, 0x05, 0x00, 0x79, 0x00, 0x05, 0x00,
0x7a, 0x00, 0x05, 0x00, 0x7a, 0x00, 0x05, 0x00, 0x7a, 0x00, 0x05, 0x00, 0x7a, 0x00, 0x05, 0x00,
0x7a, 0x00, 0x05, 0x00, 0x7a, 0x00, 0x05, 0x00, 0x7a, 0x00, 0x05, 0x00, 0x7a, 0x00, 0x05, 0x00,
0x7b, 0x00, 0x05, 0x00, 0x7b, 0x00, 0x05, 0x00, 0x7b, 0x00, 0x05, 0x00, 0x7b, 0x00, 0x05, 0x00,
0x7b, 0x00, 0x05, 0x00, 0x7b, 0x00, 0x05, 0x00, 0x7b, 0x00, 0x05, 0x00, 0x7b, 0x00, 0x05, 0x00,
0x85, 0x00, 0x05, 0x00, 0x85, 0x00, 0x05, 0x00, 0x85, 0x00, 0x05, 0x00, 0x85, 0x00, 0x05, 0x00,
0x85, 0x00, 0x05, 0x00, 0x85, 0x00, 0x05, 0x00, 0x85, 0x00, 0x05, 0x00, 0x85, 0x00, 0x05, 0x00,
0x86, 0x00, 0x05, 0x00, 0x86, 0x00, 0x05, 0x00, 0x86, 0x00, 0x05, 0x00, 0x86, 0x00, 0x05, 0x00,
0x86, 0x00, 0x05, 0x00, 0x86, 0x00, 0x05, 0x00, 0x86, 0x00, 0x05, 0x00, 0x86, 0x00, 0x05, 0x00,
0x87, 0x00, 0x05, 0x00, 0x87, 0x00, 0x05, 0x00, 0x87, 0x00, 0x05, 0x00, 0x87, 0x00, 0x05, 0x00,
0x87, 0x00, 0x05, 0x00, 0x87, 0x00, 0x05, 0x00, 0x87, 0x00, 0x05, 0x00, 0x87, 0x00, 0x05, 0x00,
0x88, 0x00, 0x05, 0x00, 0x88, 0x00, 0x05, 0x00, 0x88, 0x00, 0x05, 0x00, 0x88, 0x00, 0x05, 0x00,
0x88, 0x00, 0x05, 0x00, 0x88, 0x00, 0x05, 0x00, 0x88, 0x00, 0x05, 0x00, 0x88, 0x00, 0x05, 0x00,
0x7c, 0x00, 0x04, 0x00, 0x7c, 0x00, 0x04, 0x00, 0x7c, 0x00, 0x04, 0x00, 0x7c, 0x00, 0x04, 0x00,
0x7c, 0x00, 0x04, 0x00, 0x7c, 0x00, 0x04, 0x00, 0x7c, 0x00, 0x04, 0x00, 0x7c, 0x00, 0x04, 0x00,
0x7c, 0x00, 0x04, 0x00, 0x7c, 0x00, 0x04, 0x00, 0x7c, 0x00, 0x04, 0x00, 0x7c, 0x00, 0x04, 0x00,
0x7c, 0x00, 0x04, 0x00, 0x7c, 0x00, 0x04, 0x00, 0x7c, 0x00, 0x04, 0x00, 0x7c, 0x00, 0x04, 0x00,
0x7d, 0x00, 0x04, 0x00, 0x7d, 0x00, 0x04, 0x00, 0x7d, 0x00, 0x04, 0x00, 0x7d, 0x00, 0x04, 0x00,
0x7d, 0x00, 0x04, 0x00, 0x7d, 0x00, 0x04, 0x00, 0x7d, 0x00, 0x04, 0x00, 0x7d, 0x00, 0x04, 0x00,
0x7d, 0x00, 0x04, 0x00, 0x7d, 0x00, 0x04, 0x00, 0x7d, 0x00, 0x04, 0x00, 0x7d, 0x00, 0x04, 0x00,
0x7d, 0x00, 0x04, 0x00, 0x7d, 0x00, 0x04, 0x00, 0x7d, 0x00, 0x04, 0x00, 0x7d, 0x00, 0x04, 0x00,
0x7e, 0x00, 0x04, 0x00, 0x7e, 0x00, 0x04, 0x00, 0x7e, 0x00, 0x04, 0x00, 0x7e, 0x00, 0x04, 0x00,
0x7e, 0x00, 0x04, 0x00, 0x7e, 0x00, 0x04, 0x00, 0x7e, 0x00, 0x04, 0x00, 0x7e, 0x00, 0x04, 0x00,
0x7e, 0x00, 0x04, 0x00, 0x7e, 0x00, 0x04, 0x00, 0x7e, 0x00, 0x04, 0x00, 0x7e, 0x00, 0x04, 0x00,
0x7e, 0x00, 0x04, 0x00, 0x7e, 0x00, 0x04, 0x00, 0x7e, 0x00, 0x04, 0x00, 0x7e, 0x00, 0x04, 0x00,
0x7f, 0x00, 0x04, 0x00, 0x7f, 0x00, 0x04, 0x00, 0x7f, 0x00, 0x04, 0x00, 0x7f, 0x00, 0x04, 0x00,
0x7f, 0x00, 0x04, 0x00, 0x7f, 0x00, 0x04, 0x00, 0x7f, 0x00, 0x04, 0x00, 0x7f, 0x00, 0x04, 0x00,
0x7f, 0x00, 0x04, 0x00, 0x7f, 0x00, 0x04, 0x00, 0x7f, 0x00, 0x04, 0x00, 0x7f, 0x00, 0x04, 0x00,
0x7f, 0x00, 0x04, 0x00, 0x7f, 0x00, 0x04, 0x00, 0x7f, 0x00, 0x04, 0x00, 0x7f, 0x00, 0x04, 0x00,
0x81, 0x00, 0x04, 0x00, 0x81, 0x00, 0x04, 0x00, 0x81, 0x00, 0x04, 0x00, 0x81, 0x00, 0x04, 0x00,
0x81, 0x00, 0x04, 0x00, 0x81, 0x00, 0x04, 0x00, 0x81, 0x00, 0x04, 0x00, 0x81, 0x00, 0x04, 0x00,
0x81, 0x00, 0x04, 0x00, 0x81, 0x00, 0x04, 0x00, 0x81, 0x00, 0x04, 0x00, 0x81, 0x00, 0x04, 0x00,
0x81, 0x00, 0x04, 0x00, 0x81, 0x00, 0x04, 0x00, 0x81, 0x00, 0x04, 0x00, 0x81, 0x00, 0x04, 0x00,
0x82, 0x00, 0x04, 0x00, 0x82, 0x00, 0x04, 0x00, 0x82, 0x00, 0x04, 0x00, 0x82, 0x00, 0x04, 0x00,
0x82, 0x00, 0x04, 0x00, 0x82, 0x00, 0x04, 0x00, 0x82, 0x00, 0x04, 0x00, 0x82, 0x00, 0x04, 0x00,
0x82, 0x00, 0x04, 0x00, 0x82, 0x00, 0x04, 0x00, 0x82, 0x00, 0x04, 0x00, 0x82, 0x00, 0x04, 0x00,
0x82, 0x00, 0x04, 0x00, 0x82, 0x00, 0x04, 0x00, 0x82, 0x00, 0x04, 0x00, 0x82, 0x00, 0x04, 0x00,
0x83, 0x00, 0x04, 0x00, 0x83, 0x00, 0x04, 0x00, 0x83, 0x00, 0x04, 0x00, 0x83, 0x00, 0x04, 0x00,
0x83, 0x00, 0x04, 0x00, 0x83, 0x00, 0x04, 0x00, 0x83, 0x00, 0x04, 0x00, 0x83, 0x00, 0x04, 0x00,
0x83, 0x00, 0x04, 0x00, 0x83, 0x00, 0x04, 0x00, 0x83, 0x00, 0x04, 0x00, 0x83, 0x00, 0x04, 0x00,
0x83, 0x00, 0x04, 0x00, 0x83, 0x00, 0x04, 0x00, 0x83, 0x00, 0x04, 0x00, 0x83, 0x00, 0x04, 0x00,
0x84, 0x00, 0x04, 0x00, 0x84, 0x00, 0x04, 0x00, 0x84, 0x00, 0x04, 0x00, 0x84, 0x00, 0x04, 0x00,
0x84, 0x00, 0x04, 0x00, 0x84, 0x00, 0x04, 0x00, 0x84, 0x00, 0x04, 0x00, 0x84, 0x00, 0x04, 0x00,
0x84, 0x00, 0x04, 0x00, 0x84, 0x00, 0x04, 0x00, 0x84, 0x00, 0x04, 0x00, 0x84, 0x00, 0x04, 0x00,
0x84, 0x00, 0x04, 0x00, 0x84, 0x00, 0x04, 0x00, 0x84, 0x00, 0x04, 0x00, 0x84, 0x00, 0x04, 0x00,
0x80, 0x00, 0x03, 0x00, 0x80, 0x00, 0x03, 0x00, 0x80, 0x00, 0x03, 0x00, 0x80, 0x00, 0x03, 0x00,
0x80, 0x00, 0x03, 0x00, 0x80, 0x00, 0x03, 0x00, 0x80, 0x00, 0x03, 0x00, 0x80, 0x00, 0x03, 0x00,
0x80, 0x00, 0x03, 0x00, 0x80, 0x00, 0x03, 0x00, 0x80, 0x00, 0x03, 0x00, 0x80, 0x00, 0x03, 0x00,
0x80, 0x00, 0x03, 0x00, 0x80, 0x00, 0x03, 0x00, 0x80, 0x00, 0x03, 0x00, 0x80, 0x00, 0x03, 0x00,
0x80, 0x00, 0x03, 0x00, 0x80, 0x00, 0x03, 0x00, 0x80, 0x00, 0x03, 0x00, 0x80, 0x00, 0x03, 0x00,
0x80, 0x00, 0x03, 0x00, 0x80, 0x00, 0x03, 0x00, 0x80, 0x00, 0x03, 0x00, 0x80, 0x00, 0x03, 0x00,
0x80, 0x00, 0x03, 0x00, 0x80, 0x00, 0x03, 0x00, 0x80, 0x00, 0x03, 0x00, 0x80, 0x00, 0x03, 0x00,
0x80, 0x00, 0x03, 0x00, 0x80, 0x00, 0x03, 0x00, 0x80, 0x00, 0x03, 0x00, 0x80, 0x00, 0x03, 0x00,
0x00, 0x00, 0x00, 0x00, 0x00, 0x00, 0x00, 0x00, 0x00, 0x00, 0x00, 0x00, 0x00, 0x00, 0x00, 0x00,
0x71, 0x00, 0x08, 0x00, 0x72, 0x00, 0x08, 0x00, 0x8e, 0x00, 0x08, 0x00, 0x8f, 0x00, 0x08, 0x00,
0x73, 0x00, 0x07, 0x00, 0x73, 0x00, 0x07, 0x00, 0x74, 0x00, 0x07, 0x00, 0x74, 0x00, 0x07, 0x00,
0x8c, 0x00, 0x07, 0x00, 0x8c, 0x00, 0x07, 0x00, 0x8d, 0x00, 0x07, 0x00, 0x8d, 0x00, 0x07, 0x00,
0x75, 0x00, 0x06, 0x00, 0x75, 0x00, 0x06, 0x00, 0x75, 0x00, 0x06, 0x00, 0x75, 0x00, 0x06, 0x00,
0x76, 0x00, 0x06, 0x00, 0x76, 0x00, 0x06, 0x00, 0x76, 0x00, 0x06, 0x00, 0x76, 0x00, 0x06, 0x00,
0x77, 0x00, 0x06, 0x00, 0x77, 0x00, 0x06, 0x00, 0x77, 0x00, 0x06, 0x00, 0x77, 0x00, 0x06, 0x00,
0x89, 0x00, 0x06, 0x00, 0x89, 0x00, 0x06, 0x00, 0x89, 0x00, 0x06, 0x00, 0x89, 0x00, 0x06, 0x00,
0x8a, 0x00, 0x06, 0x00, 0x8a, 0x00, 0x06, 0x00, 0x8a, 0x00, 0x06, 0x00, 0x8a, 0x00, 0x06, 0x00,
0x8b, 0x00, 0x06, 0x00, 0x8b, 0x00, 0x06, 0x00, 0x8b, 0x00, 0x06, 0x00, 0x8b, 0x00, 0x06, 0x00,
0x78, 0x00, 0x05, 0x00, 0x78, 0x00, 0x05, 0x00, 0x78, 0x00, 0x05, 0x00, 0x78, 0x00, 0x05, 0x00,
0x78, 0x00, 0x05, 0x00, 0x78, 0x00, 0x05, 0x00, 0x78, 0x00, 0x05, 0x00, 0x78, 0x00, 0x05, 0x00,
0x79, 0x00, 0x05, 0x00, 0x79, 0x00, 0x05, 0x00, 0x79, 0x00, 0x05, 0x00, 0x79, 0x00, 0x05, 0x00,
0x79, 0x00, 0x05, 0x00, 0x79, 0x00, 0x05, 0x00, 0x79, 0x00, 0x05, 0x00, 0x79, 0x00, 0x05, 0x00,
0x7a, 0x00, 0x05, 0x00, 0x7a, 0x00, 0x05, 0x00, 0x7a, 0x00, 0x05, 0x00, 0x7a, 0x00, 0x05, 0x00,
0x7a, 0x00, 0x05, 0x00, 0x7a, 0x00, 0x05, 0x00, 0x7a, 0x00, 0x05, 0x00, 0x7a, 0x00, 0x05, 0x00,
0x7b, 0x00, 0x05, 0x00, 0x7b, 0x00, 0x05, 0x00, 0x7b, 0x00, 0x05, 0x00, 0x7b, 0x00, 0x05, 0x00,
0x7b, 0x00, 0x05, 0x00, 0x7b, 0x00, 0x05, 0x00, 0x7b, 0x00, 0x05, 0x00, 0x7b, 0x00, 0x05, 0x00,
0x86, 0x00, 0x05, 0x00, 0x86, 0x00, 0x05, 0x00, 0x86, 0x00, 0x05, 0x00, 0x86, 0x00, 0x05, 0x00,
0x86, 0x00, 0x05, 0x00, 0x86, 0x00, 0x05, 0x00, 0x86, 0x00, 0x05, 0x00, 0x86, 0x00, 0x05, 0x00,
0x87, 0x00, 0x05, 0x00, 0x87, 0x00, 0x05, 0x00, 0x87, 0x00, 0x05, 0x00, 0x87, 0x00, 0x05, 0x00,
0x87, 0x00, 0x05, 0x00, 0x87, 0x00, 0x05, 0x00, 0x87, 0x00, 0x05, 0x00, 0x87, 0x00, 0x05, 0x00,
0x88, 0x00, 0x05, 0x00, 0x88, 0x00, 0x05, 0x00, 0x88, 0x00, 0x05, 0x00, 0x88, 0x00, 0x05, 0x00,
0x88, 0x00, 0x05, 0x00, 0x88, 0x00, 0x05, 0x00, 0x88, 0x00, 0x05, 0x00, 0x88, 0x00, 0x05, 0x00,
0x7c, 0x00, 0x04, 0x00, 0x7c, 0x00, 0x04, 0x00, 0x7c, 0x00, 0x04, 0x00, 0x7c, 0x00, 0x04, 0x00,
0x7c, 0x00, 0x04, 0x00, 0x7c, 0x00, 0x04, 0x00, 0x7c, 0x00, 0x04, 0x00, 0x7c, 0x00, 0x04, 0x00,
0x7c, 0x00, 0x04, 0x00, 0x7c, 0x00, 0x04, 0x00, 0x7c, 0x00, 0x04, 0x00, 0x7c, 0x00, 0x04, 0x00,
0x7c, 0x00, 0x04, 0x00, 0x7c, 0x00, 0x04, 0x00, 0x7c, 0x00, 0x04, 0x00, 0x7c, 0x00, 0x04, 0x00,
0x7d, 0x00, 0x04, 0x00, 0x7d, 0x00, 0x04, 0x00, 0x7d, 0x00, 0x04, 0x00, 0x7d, 0x00, 0x04, 0x00,
0x7d, 0x00, 0x04, 0x00, 0x7d, 0x00, 0x04, 0x00, 0x7d, 0x00, 0x04, 0x00, 0x7d, 0x00, 0x04, 0x00,
0x7d, 0x00, 0x04, 0x00, 0x7d, 0x00, 0x04, 0x00, 0x7d, 0x00, 0x04, 0x00, 0x7d, 0x00, 0x04, 0x00,
0x7d, 0x00, 0x04, 0x00, 0x7d, 0x00, 0x04, 0x00, 0x7d, 0x00, 0x04, 0x00, 0x7d, 0x00, 0x04, 0x00,
0x7e, 0x00, 0x04, 0x00, 0x7e, 0x00, 0x04, 0x00, 0x7e, 0x00, 0x04, 0x00, 0x7e, 0x00, 0x04, 0x00,
0x7e, 0x00, 0x04, 0x00, 0x7e, 0x00, 0x04, 0x00, 0x7e, 0x00, 0x04, 0x00, 0x7e, 0x00, 0x04, 0x00,
0x7e, 0x00, 0x04, 0x00, 0x7e, 0x00, 0x04, 0x00, 0x7e, 0x00, 0x04, 0x00, 0x7e, 0x00, 0x04, 0x00,
0x7e, 0x00, 0x04, 0x00, 0x7e, 0x00, 0x04, 0x00, 0x7e, 0x00, 0x04, 0x00, 0x7e, 0x00, 0x04, 0x00,
0x7f, 0x00, 0x04, 0x00, 0x7f, 0x00, 0x04, 0x00, 0x7f, 0x00, 0x04, 0x00, 0x7f, 0x00, 0x04, 0x00,
0x7f, 0x00, 0x04, 0x00, 0x7f, 0x00, 0x04, 0x00, 0x7f, 0x00, 0x04, 0x00, 0x7f, 0x00, 0x04, 0x00,
0x7f, 0x00, 0x04, 0x00, 0x7f, 0x00, 0x04, 0x00, 0x7f, 0x00, 0x04, 0x00, 0x7f, 0x00, 0x04, 0x00,
0x7f, 0x00, 0x04, 0x00, 0x7f, 0x00, 0x04, 0x00, 0x7f, 0x00, 0x04, 0x00, 0x7f, 0x00, 0x04, 0x00,
0x80, 0x00, 0x04, 0x00, 0x80, 0x00, 0x04, 0x00, 0x80, 0x00, 0x04, 0x00, 0x80, 0x00, 0x04, 0x00,
0x80, 0x00, 0x04, 0x00, 0x80, 0x00, 0x04, 0x00, 0x80, 0x00, 0x04, 0x00, 0x80, 0x00, 0x04, 0x00,
0x80, 0x00, 0x04, 0x00, 0x80, 0x00, 0x04, 0x00, 0x80, 0x00, 0x04, 0x00, 0x80, 0x00, 0x04, 0x00,
0x80, 0x00, 0x04, 0x00, 0x80, 0x00, 0x04, 0x00, 0x80, 0x00, 0x04, 0x00, 0x80, 0x00, 0x04, 0x00,
0x81, 0x00, 0x04, 0x00, 0x81, 0x00, 0x04, 0x00, 0x81, 0x00, 0x04, 0x00, 0x81, 0x00, 0x04, 0x00,
0x81, 0x00, 0x04, 0x00, 0x81, 0x00, 0x04, 0x00, 0x81, 0x00, 0x04, 0x00, 0x81, 0x00, 0x04, 0x00,
0x81, 0x00, 0x04, 0x00, 0x81, 0x00, 0x04, 0x00, 0x81, 0x00, 0x04, 0x00, 0x81, 0x00, 0x04, 0x00,
0x81, 0x00, 0x04, 0x00, 0x81, 0x00, 0x04, 0x00, 0x81, 0x00, 0x04, 0x00, 0x81, 0x00, 0x04, 0x00,
0x82, 0x00, 0x04, 0x00, 0x82, 0x00, 0x04, 0x00, 0x82, 0x00, 0x04, 0x00, 0x82, 0x00, 0x04, 0x00,
0x82, 0x00, 0x04, 0x00, 0x82, 0x00, 0x04, 0x00, 0x82, 0x00, 0x04, 0x00, 0x82, 0x00, 0x04, 0x00,
0x82, 0x00, 0x04, 0x00, 0x82, 0x00, 0x04, 0x00, 0x82, 0x00, 0x04, 0x00, 0x82, 0x00, 0x04, 0x00,
0x82, 0x00, 0x04, 0x00, 0x82, 0x00, 0x04, 0x00, 0x82, 0x00, 0x04, 0x00, 0x82, 0x00, 0x04, 0x00,
0x83, 0x00, 0x04, 0x00, 0x83, 0x00, 0x04, 0x00, 0x83, 0x00, 0x04, 0x00, 0x83, 0x00, 0x04, 0x00,
0x83, 0x00, 0x04, 0x00, 0x83, 0x00, 0x04, 0x00, 0x83, 0x00, 0x04, 0x00, 0x83, 0x00, 0x04, 0x00,
0x83, 0x00, 0x04, 0x00, 0x83, 0x00, 0x04, 0x00, 0x83, 0x00, 0x04, 0x00, 0x83, 0x00, 0x04, 0x00,
0x83, 0x00, 0x04, 0x00, 0x83, 0x00, 0x04, 0x00, 0x83, 0x00, 0x04, 0x00, 0x83, 0x00, 0x04, 0x00,
0x84, 0x00, 0x04, 0x00, 0x84, 0x00, 0x04, 0x00, 0x84, 0x00, 0x04, 0x00, 0x84, 0x00, 0x04, 0x00,
0x84, 0x00, 0x04, 0x00, 0x84, 0x00, 0x04, 0x00, 0x84, 0x00, 0x04, 0x00, 0x84, 0x00, 0x04, 0x00,
0x84, 0x00, 0x04, 0x00, 0x84, 0x00, 0x04, 0x00, 0x84, 0x00, 0x04, 0x00, 0x84, 0x00, 0x04, 0x00,
0x84, 0x00, 0x04, 0x00, 0x84, 0x00, 0x04, 0x00, 0x84, 0x00, 0x04, 0x00, 0x84, 0x00, 0x04, 0x00,
0x85, 0x00, 0x04, 0x00, 0x85, 0x00, 0x04, 0x00, 0x85, 0x00, 0x04, 0x00, 0x85, 0x00, 0x04, 0x00,
0x85, 0x00, 0x04, 0x00, 0x85, 0x00, 0x04, 0x00, 0x85, 0x00, 0x04, 0x00, 0x85, 0x00, 0x04, 0x00,
0x85, 0x00, 0x04, 0x00, 0x85, 0x00, 0x04, 0x00, 0x85, 0x00, 0x04, 0x00, 0x85, 0x00, 0x04, 0x00,
0x85, 0x00, 0x04, 0x00, 0x85, 0x00, 0x04, 0x00, 0x85, 0x00, 0x04, 0x00, 0x85, 0x00, 0x04, 0x00,
0x00, 0x00, 0x00, 0x00, 0x00, 0x00, 0x00, 0x00, 0x00, 0x00, 0x00, 0x00, 0x00, 0x00, 0x00, 0x00,
0x6f, 0x00, 0x08, 0x00, 0x70, 0x00, 0x08, 0x00, 0x71, 0x00, 0x08, 0x00, 0x8f, 0x00, 0x08, 0x00,
0x90, 0x00, 0x08, 0x00, 0x91, 0x00, 0x08, 0x00, 0x72, 0x00, 0x07, 0x00, 0x72, 0x00, 0x07, 0x00,
0x73, 0x00, 0x07, 0x00, 0x73, 0x00, 0x07, 0x00, 0x74, 0x00, 0x07, 0x00, 0x74, 0x00, 0x07, 0x00,
0x8d, 0x00, 0x07, 0x00, 0x8d, 0x00, 0x07, 0x00, 0x8e, 0x00, 0x07, 0x00, 0x8e, 0x00, 0x07, 0x00,
0x75, 0x00, 0x06, 0x00, 0x75, 0x00, 0x06, 0x00, 0x75, 0x00, 0x06, 0x00, 0x75, 0x00, 0x06, 0x00,
0x76, 0x00, 0x06, 0x00, 0x76, 0x00, 0x06, 0x00, 0x76, 0x00, 0x06, 0x00, 0x76, 0x00, 0x06, 0x00,
0x77, 0x00, 0x06, 0x00, 0x77, 0x00, 0x06, 0x00, 0x77, 0x00, 0x06, 0x00, 0x77, 0x00, 0x06, 0x00,
0x89, 0x00, 0x06, 0x00, 0x89, 0x00, 0x06, 0x00, 0x89, 0x00, 0x06, 0x00, 0x89, 0x00, 0x06, 0x00,
0x8a, 0x00, 0x06, 0x00, 0x8a, 0x00, 0x06, 0x00, 0x8a, 0x00, 0x06, 0x00, 0x8a, 0x00, 0x06, 0x00,
0x8b, 0x00, 0x06, 0x00, 0x8b, 0x00, 0x06, 0x00, 0x8b, 0x00, 0x06, 0x00, 0x8b, 0x00, 0x06, 0x00,
0x8c, 0x00, 0x06, 0x00, 0x8c, 0x00, 0x06, 0x00, 0x8c, 0x00, 0x06, 0x00, 0x8c, 0x00, 0x06, 0x00,
0x78, 0x00, 0x05, 0x00, 0x78, 0x00, 0x05, 0x00, 0x78, 0x00, 0x05, 0x00, 0x78, 0x00, 0x05, 0x00,
0x78, 0x00, 0x05, 0x00, 0x78, 0x00, 0x05, 0x00, 0x78, 0x00, 0x05, 0x00, 0x78, 0x00, 0x05, 0x00,
0x79, 0x00, 0x05, 0x00, 0x79, 0x00, 0x05, 0x00, 0x79, 0x00, 0x05, 0x00, 0x79, 0x00, 0x05, 0x00,
0x79, 0x00, 0x05, 0x00, 0x79, 0x00, 0x05, 0x00, 0x79, 0x00, 0x05, 0x00, 0x79, 0x00, 0x05, 0x00,
0x7a, 0x00, 0x05, 0x00, 0x7a, 0x00, 0x05, 0x00, 0x7a, 0x00, 0x05, 0x00, 0x7a, 0x00, 0x05, 0x00,
0x7a, 0x00, 0x05, 0x00, 0x7a, 0x00, 0x05, 0x00, 0x7a, 0x00, 0x05, 0x00, 0x7a, 0x00, 0x05, 0x00,
0x7b, 0x00, 0x05, 0x00, 0x7b, 0x00, 0x05, 0x00, 0x7b, 0x00, 0x05, 0x00, 0x7b, 0x00, 0x05, 0x00,
0x7b, 0x00, 0x05, 0x00, 0x7b, 0x00, 0x05, 0x00, 0x7b, 0x00, 0x05, 0x00, 0x7b, 0x00, 0x05, 0x00,
0x85, 0x00, 0x05, 0x00, 0x85, 0x00, 0x05, 0x00, 0x85, 0x00, 0x05, 0x00, 0x85, 0x00, 0x05, 0x00,
0x85, 0x00, 0x05, 0x00, 0x85, 0x00, 0x05, 0x00, 0x85, 0x00, 0x05, 0x00, 0x85, 0x00, 0x05, 0x00,
0x86, 0x00, 0x05, 0x00, 0x86, 0x00, 0x05, 0x00, 0x86, 0x00, 0x05, 0x00, 0x86, 0x00, 0x05, 0x00,
0x86, 0x00, 0x05, 0x00, 0x86, 0x00, 0x05, 0x00, 0x86, 0x00, 0x05, 0x00, 0x86, 0x00, 0x05, 0x00,
0x87, 0x00, 0x05, 0x00, 0x87, 0x00, 0x05, 0x00, 0x87, 0x00, 0x05, 0x00, 0x87, 0x00, 0x05, 0x00,
0x87, 0x00, 0x05, 0x00, 0x87, 0x00, 0x05, 0x00, 0x87, 0x00, 0x05, 0x00, 0x87, 0x00, 0x05, 0x00,
0x88, 0x00, 0x05, 0x00, 0x88, 0x00, 0x05, 0x00, 0x88, 0x00, 0x05, 0x00, 0x88, 0x00, 0x05, 0x00,
0x88, 0x00, 0x05, 0x00, 0x88, 0x00, 0x05, 0x00, 0x88, 0x00, 0x05, 0x00, 0x88, 0x00, 0x05, 0x00,
0x7c, 0x00, 0x04, 0x00, 0x7c, 0x00, 0x04, 0x00, 0x7c, 0x00, 0x04, 0x00, 0x7c, 0x00, 0x04, 0x00,
0x7c, 0x00, 0x04, 0x00, 0x7c, 0x00, 0x04, 0x00, 0x7c, 0x00, 0x04, 0x00, 0x7c, 0x00, 0x04, 0x00,
0x7c, 0x00, 0x04, 0x00, 0x7c, 0x00, 0x04, 0x00, 0x7c, 0x00, 0x04, 0x00, 0x7c, 0x00, 0x04, 0x00,
0x7c, 0x00, 0x04, 0x00, 0x7c, 0x00, 0x04, 0x00, 0x7c, 0x00, 0x04, 0x00, 0x7c, 0x00, 0x04, 0x00,
0x7d, 0x00, 0x04, 0x00, 0x7d, 0x00, 0x04, 0x00, 0x7d, 0x00, 0x04, 0x00, 0x7d, 0x00, 0x04, 0x00,
0x7d, 0x00, 0x04, 0x00, 0x7d, 0x00, 0x04, 0x00, 0x7d, 0x00, 0x04, 0x00, 0x7d, 0x00, 0x04, 0x00,
0x7d, 0x00, 0x04, 0x00, 0x7d, 0x00, 0x04, 0x00, 0x7d, 0x00, 0x04, 0x00, 0x7d, 0x00, 0x04, 0x00,
0x7d, 0x00, 0x04, 0x00, 0x7d, 0x00, 0x04, 0x00, 0x7d, 0x00, 0x04, 0x00, 0x7d, 0x00, 0x04, 0x00,
0x7e, 0x00, 0x04, 0x00, 0x7e, 0x00, 0x04, 0x00, 0x7e, 0x00, 0x04, 0x00, 0x7e, 0x00, 0x04, 0x00,
0x7e, 0x00, 0x04, 0x00, 0x7e, 0x00, 0x04, 0x00, 0x7e, 0x00, 0x04, 0x00, 0x7e, 0x00, 0x04, 0x00,
0x7e, 0x00, 0x04, 0x00, 0x7e, 0x00, 0x04, 0x00, 0x7e, 0x00, 0x04, 0x00, 0x7e, 0x00, 0x04, 0x00,
0x7e, 0x00, 0x04, 0x00, 0x7e, 0x00, 0x04, 0x00, 0x7e, 0x00, 0x04, 0x00, 0x7e, 0x00, 0x04, 0x00,
0x7f, 0x00, 0x04, 0x00, 0x7f, 0x00, 0x04, 0x00, 0x7f, 0x00, 0x04, 0x00, 0x7f, 0x00, 0x04, 0x00,
0x7f, 0x00, 0x04, 0x00, 0x7f, 0x00, 0x04, 0x00, 0x7f, 0x00, 0x04, 0x00, 0x7f, 0x00, 0x04, 0x00,
0x7f, 0x00, 0x04, 0x00, 0x7f, 0x00, 0x04, 0x00, 0x7f, 0x00, 0x04, 0x00, 0x7f, 0x00, 0x04, 0x00,
0x7f, 0x00, 0x04, 0x00, 0x7f, 0x00, 0x04, 0x00, 0x7f, 0x00, 0x04, 0x00, 0x7f, 0x00, 0x04, 0x00,
0x80, 0x00, 0x04, 0x00, 0x80, 0x00, 0x04, 0x00, 0x80, 0x00, 0x04, 0x00, 0x80, 0x00, 0x04, 0x00,
0x80, 0x00, 0x04, 0x00, 0x80, 0x00, 0x04, 0x00, 0x80, 0x00, 0x04, 0x00, 0x80, 0x00, 0x04, 0x00,
0x80, 0x00, 0x04, 0x00, 0x80, 0x00, 0x04, 0x00, 0x80, 0x00, 0x04, 0x00, 0x80, 0x00, 0x04, 0x00,
0x80, 0x00, 0x04, 0x00, 0x80, 0x00, 0x04, 0x00, 0x80, 0x00, 0x04, 0x00, 0x80, 0x00, 0x04, 0x00,
0x81, 0x00, 0x04, 0x00, 0x81, 0x00, 0x04, 0x00, 0x81, 0x00, 0x04, 0x00, 0x81, 0x00, 0x04, 0x00,
0x81, 0x00, 0x04, 0x00, 0x81, 0x00, 0x04, 0x00, 0x81, 0x00, 0x04, 0x00, 0x81, 0x00, 0x04, 0x00,
0x81, 0x00, 0x04, 0x00, 0x81, 0x00, 0x04, 0x00, 0x81, 0x00, 0x04, 0x00, 0x81, 0x00, 0x04, 0x00,
0x81, 0x00, 0x04, 0x00, 0x81, 0x00, 0x04, 0x00, 0x81, 0x00, 0x04, 0x00, 0x81, 0x00, 0x04, 0x00,
0x82, 0x00, 0x04, 0x00, 0x82, 0x00, 0x04, 0x00, 0x82, 0x00, 0x04, 0x00, 0x82, 0x00, 0x04, 0x00,
0x82, 0x00, 0x04, 0x00, 0x82, 0x00, 0x04, 0x00, 0x82, 0x00, 0x04, 0x00, 0x82, 0x00, 0x04, 0x00,
0x82, 0x00, 0x04, 0x00, 0x82, 0x00, 0x04, 0x00, 0x82, 0x00, 0x04, 0x00, 0x82, 0x00, 0x04, 0x00,
0x82, 0x00, 0x04, 0x00, 0x82, 0x00, 0x04, 0x00, 0x82, 0x00, 0x04, 0x00, 0x82, 0x00, 0x04, 0x00,
0x83, 0x00, 0x04, 0x00, 0x83, 0x00, 0x04, 0x00, 0x83, 0x00, 0x04, 0x00, 0x83, 0x00, 0x04, 0x00,
0x83, 0x00, 0x04, 0x00, 0x83, 0x00, 0x04, 0x00, 0x83, 0x00, 0x04, 0x00, 0x83, 0x00, 0x04, 0x00,
0x83, 0x00, 0x04, 0x00, 0x83, 0x00, 0x04, 0x00, 0x83, 0x00, 0x04, 0x00, 0x83, 0x00, 0x04, 0x00,
0x83, 0x00, 0x04, 0x00, 0x83, 0x00, 0x04, 0x00, 0x83, 0x00, 0x04, 0x00, 0x83, 0x00, 0x04, 0x00,
0x84, 0x00, 0x04, 0x00, 0x84, 0x00, 0x04, 0x00, 0x84, 0x00, 0x04, 0x00, 0x84, 0x00, 0x04, 0x00,
0x84, 0x00, 0x04, 0x00, 0x84, 0x00, 0x04, 0x00, 0x84, 0x00, 0x04, 0x00, 0x84, 0x00, 0x04, 0x00,
0x84, 0x00, 0x04, 0x00, 0x84, 0x00, 0x04, 0x00, 0x84, 0x00, 0x04, 0x00, 0x84, 0x00, 0x04, 0x00,
0x84, 0x00, 0x04, 0x00, 0x84, 0x00, 0x04, 0x00, 0x84, 0x00, 0x04, 0x00, 0x84, 0x00, 0x04, 0x00,
0x00, 0x00, 0x00, 0x00, 0x00, 0x00, 0x00, 0x00, 0x00, 0x00, 0x00, 0x00, 0x00, 0x00, 0x00, 0x00,
0x00, 0x00, 0x00, 0x00, 0x6f, 0x00, 0x08, 0x00, 0x70, 0x00, 0x08, 0x00, 0x71, 0x00, 0x08, 0x00,
0x8f, 0x00, 0x08, 0x00, 0x90, 0x00, 0x08, 0x00, 0x72, 0x00, 0x07, 0x00, 0x72, 0x00, 0x07, 0x00,
0x73, 0x00, 0x07, 0x00, 0x73, 0x00, 0x07, 0x00, 0x8c, 0x00, 0x07, 0x00, 0x8c, 0x00, 0x07, 0x00,
0x8d, 0x00, 0x07, 0x00, 0x8d, 0x00, 0x07, 0x00, 0x8e, 0x00, 0x07, 0x00, 0x8e, 0x00, 0x07, 0x00,
0x74, 0x00, 0x06, 0x00, 0x74, 0x00, 0x06, 0x00, 0x74, 0x00, 0x06, 0x00, 0x74, 0x00, 0x06, 0x00,
0x75, 0x00, 0x06, 0x00, 0x75, 0x00, 0x06, 0x00, 0x75, 0x00, 0x06, 0x00, 0x75, 0x00, 0x06, 0x00,
0x76, 0x00, 0x06, 0x00, 0x76, 0x00, 0x06, 0x00, 0x76, 0x00, 0x06, 0x00, 0x76, 0x00, 0x06, 0x00,
0x77, 0x00, 0x06, 0x00, 0x77, 0x00, 0x06, 0x00, 0x77, 0x00, 0x06, 0x00, 0x77, 0x00, 0x06, 0x00,
0x89, 0x00, 0x06, 0x00, 0x89, 0x00, 0x06, 0x00, 0x89, 0x00, 0x06, 0x00, 0x89, 0x00, 0x06, 0x00,
0x8a, 0x00, 0x06, 0x00, 0x8a, 0x00, 0x06, 0x00, 0x8a, 0x00, 0x06, 0x00, 0x8a, 0x00, 0x06, 0x00,
0x8b, 0x00, 0x06, 0x00, 0x8b, 0x00, 0x06, 0x00, 0x8b, 0x00, 0x06, 0x00, 0x8b, 0x00, 0x06, 0x00,
0x78, 0x00, 0x05, 0x00, 0x78, 0x00, 0x05, 0x00, 0x78, 0x00, 0x05, 0x00, 0x78, 0x00, 0x05, 0x00,
0x78, 0x00, 0x05, 0x00, 0x78, 0x00, 0x05, 0x00, 0x78, 0x00, 0x05, 0x00, 0x78, 0x00, 0x05, 0x00,
0x79, 0x00, 0x05, 0x00, 0x79, 0x00, 0x05, 0x00, 0x79, 0x00, 0x05, 0x00, 0x79, 0x00, 0x05, 0x00,
0x79, 0x00, 0x05, 0x00, 0x79, 0x00, 0x05, 0x00, 0x79, 0x00, 0x05, 0x00, 0x79, 0x00, 0x05, 0x00,
0x7a, 0x00, 0x05, 0x00, 0x7a, 0x00, 0x05, 0x00, 0x7a, 0x00, 0x05, 0x00, 0x7a, 0x00, 0x05, 0x00,
0x7a, 0x00, 0x05, 0x00, 0x7a, 0x00, 0x05, 0x00, 0x7a, 0x00, 0x05, 0x00, 0x7a, 0x00, 0x05, 0x00,
0x7b, 0x00, 0x05, 0x00, 0x7b, 0x00, 0x05, 0x00, 0x7b, 0x00, 0x05, 0x00, 0x7b, 0x00, 0x05, 0x00,
0x7b, 0x00, 0x05, 0x00, 0x7b, 0x00, 0x05, 0x00, 0x7b, 0x00, 0x05, 0x00, 0x7b, 0x00, 0x05, 0x00,
0x85, 0x00, 0x05, 0x00, 0x85, 0x00, 0x05, 0x00, 0x85, 0x00, 0x05, 0x00, 0x85, 0x00, 0x05, 0x00,
0x85, 0x00, 0x05, 0x00, 0x85, 0x00, 0x05, 0x00, 0x85, 0x00, 0x05, 0x00, 0x85, 0x00, 0x05, 0x00,
0x86, 0x00, 0x05, 0x00, 0x86, 0x00, 0x05, 0x00, 0x86, 0x00, 0x05, 0x00, 0x86, 0x00, 0x05, 0x00,
0x86, 0x00, 0x05, 0x00, 0x86, 0x00, 0x05, 0x00, 0x86, 0x00, 0x05, 0x00, 0x86, 0x00, 0x05, 0x00,
0x87, 0x00, 0x05, 0x00, 0x87, 0x00, 0x05, 0x00, 0x87, 0x00, 0x05, 0x00, 0x87, 0x00, 0x05, 0x00,
0x87, 0x00, 0x05, 0x00, 0x87, 0x00, 0x05, 0x00, 0x87, 0x00, 0x05, 0x00, 0x87, 0x00, 0x05, 0x00,
0x88, 0x00, 0x05, 0x00, 0x88, 0x00, 0x05, 0x00, 0x88, 0x00, 0x05, 0x00, 0x88, 0x00, 0x05, 0x00,
0x88, 0x00, 0x05, 0x00, 0x88, 0x00, 0x05, 0x00, 0x88, 0x00, 0x05, 0x00, 0x88, 0x00, 0x05, 0x00,
0x7c, 0x00, 0x04, 0x00, 0x7c, 0x00, 0x04, 0x00, 0x7c, 0x00, 0x04, 0x00, 0x7c, 0x00, 0x04, 0x00,
0x7c, 0x00, 0x04, 0x00, 0x7c, 0x00, 0x04, 0x00, 0x7c, 0x00, 0x04, 0x00, 0x7c, 0x00, 0x04, 0x00,
0x7c, 0x00, 0x04, 0x00, 0x7c, 0x00, 0x04, 0x00, 0x7c, 0x00, 0x04, 0x00, 0x7c, 0x00, 0x04, 0x00,
0x7c, 0x00, 0x04, 0x00, 0x7c, 0x00, 0x04, 0x00, 0x7c, 0x00, 0x04, 0x00, 0x7c, 0x00, 0x04, 0x00,
0x7d, 0x00, 0x04, 0x00, 0x7d, 0x00, 0x04, 0x00, 0x7d, 0x00, 0x04, 0x00, 0x7d, 0x00, 0x04, 0x00,
0x7d, 0x00, 0x04, 0x00, 0x7d, 0x00, 0x04, 0x00, 0x7d, 0x00, 0x04, 0x00, 0x7d, 0x00, 0x04, 0x00,
0x7d, 0x00, 0x04, 0x00, 0x7d, 0x00, 0x04, 0x00, 0x7d, 0x00, 0x04, 0x00, 0x7d, 0x00, 0x04, 0x00,
0x7d, 0x00, 0x04, 0x00, 0x7d, 0x00, 0x04, 0x00, 0x7d, 0x00, 0x04, 0x00, 0x7d, 0x00, 0x04, 0x00,
0x7e, 0x00, 0x04, 0x00, 0x7e, 0x00, 0x04, 0x00, 0x7e, 0x00, 0x04, 0x00, 0x7e, 0x00, 0x04, 0x00,
0x7e, 0x00, 0x04, 0x00, 0x7e, 0x00, 0x04, 0x00, 0x7e, 0x00, 0x04, 0x00, 0x7e, 0x00, 0x04, 0x00,
0x7e, 0x00, 0x04, 0x00, 0x7e, 0x00, 0x04, 0x00, 0x7e, 0x00, 0x04, 0x00, 0x7e, 0x00, 0x04, 0x00,
0x7e, 0x00, 0x04, 0x00, 0x7e, 0x00, 0x04, 0x00, 0x7e, 0x00, 0x04, 0x00, 0x7e, 0x00, 0x04, 0x00,
0x7f, 0x00, 0x04, 0x00, 0x7f, 0x00, 0x04, 0x00, 0x7f, 0x00, 0x04, 0x00, 0x7f, 0x00, 0x04, 0x00,
0x7f, 0x00, 0x04, 0x00, 0x7f, 0x00, 0x04, 0x00, 0x7f, 0x00, 0x04, 0x00, 0x7f, 0x00, 0x04, 0x00,
0x7f, 0x00, 0x04, 0x00, 0x7f, 0x00, 0x04, 0x00, 0x7f, 0x00, 0x04, 0x00, 0x7f, 0x00, 0x04, 0x00,
0x7f, 0x00, 0x04, 0x00, 0x7f, 0x00, 0x04, 0x00, 0x7f, 0x00, 0x04, 0x00, 0x7f, 0x00, 0x04, 0x00,
0x80, 0x00, 0x04, 0x00, 0x80, 0x00, 0x04, 0x00, 0x80, 0x00, 0x04, 0x00, 0x80, 0x00, 0x04, 0x00,
0x80, 0x00, 0x04, 0x00, 0x80, 0x00, 0x04, 0x00, 0x80, 0x00, 0x04, 0x00, 0x80, 0x00, 0x04, 0x00,
0x80, 0x00, 0x04, 0x00, 0x80, 0x00, 0x04, 0x00, 0x80, 0x00, 0x04, 0x00, 0x80, 0x00, 0x04, 0x00,
0x80, 0x00, 0x04, 0x00, 0x80, 0x00, 0x04, 0x00, 0x80, 0x00, 0x04, 0x00, 0x80, 0x00, 0x04, 0x00,
0x81, 0x00, 0x04, 0x00, 0x81, 0x00, 0x04, 0x00, 0x81, 0x00, 0x04, 0x00, 0x81, 0x00, 0x04, 0x00,
0x81, 0x00, 0x04, 0x00, 0x81, 0x00, 0x04, 0x00, 0x81, 0x00, 0x04, 0x00, 0x81, 0x00, 0x04, 0x00,
0x81, 0x00, 0x04, 0x00, 0x81, 0x00, 0x04, 0x00, 0x81, 0x00, 0x04, 0x00, 0x81, 0x00, 0x04, 0x00,
0x81, 0x00, 0x04, 0x00, 0x81, 0x00, 0x04, 0x00, 0x81, 0x00, 0x04, 0x00, 0x81, 0x00, 0x04, 0x00,
0x82, 0x00, 0x04, 0x00, 0x82, 0x00, 0x04, 0x00, 0x82, 0x00, 0x04, 0x00, 0x82, 0x00, 0x04, 0x00,
0x82, 0x00, 0x04, 0x00, 0x82, 0x00, 0x04, 0x00, 0x82, 0x00, 0x04, 0x00, 0x82, 0x00, 0x04, 0x00,
0x82, 0x00, 0x04, 0x00, 0x82, 0x00, 0x04, 0x00, 0x82, 0x00, 0x04, 0x00, 0x82, 0x00, 0x04, 0x00,
0x82, 0x00, 0x04, 0x00, 0x82, 0x00, 0x04, 0x00, 0x82, 0x00, 0x04, 0x00, 0x82, 0x00, 0x04, 0x00,
0x83, 0x00, 0x04, 0x00, 0x83, 0x00, 0x04, 0x00, 0x83, 0x00, 0x04, 0x00, 0x83, 0x00, 0x04, 0x00,
0x83, 0x00, 0x04, 0x00, 0x83, 0x00, 0x04, 0x00, 0x83, 0x00, 0x04, 0x00, 0x83, 0x00, 0x04, 0x00,
0x83, 0x00, 0x04, 0x00, 0x83, 0x00, 0x04, 0x00, 0x83, 0x00, 0x04, 0x00, 0x83, 0x00, 0x04, 0x00,
0x83, 0x00, 0x04, 0x00, 0x83, 0x00, 0x04, 0x00, 0x83, 0x00, 0x04, 0x00, 0x83, 0x00, 0x04, 0x00,
0x84, 0x00, 0x04, 0x00, 0x84, 0x00, 0x04, 0x00, 0x84, 0x00, 0x04, 0x00, 0x84, 0x00, 0x04, 0x00,
0x84, 0x00, 0x04, 0x00, 0x84, 0x00, 0x04, 0x00, 0x84, 0x00, 0x04, 0x00, 0x84, 0x00, 0x04, 0x00,
0x84, 0x00, 0x04, 0x00, 0x84, 0x00, 0x04, 0x00, 0x84, 0x00, 0x04, 0x00, 0x84, 0x00, 0x04, 0x00,
0x84, 0x00, 0x04, 0x00, 0x84, 0x00, 0x04, 0x00, 0x84, 0x00, 0x04, 0x00, 0x84, 0x00, 0x04, 0x00,
0x00, 0x00, 0x00, 0x00, 0x00, 0x00, 0x00, 0x00, 0x00, 0x00, 0x00, 0x00, 0x00, 0x00, 0x00, 0x00,
0x00, 0x00, 0x00, 0x00, 0x6f, 0x00, 0x08, 0x00, 0x70, 0x00, 0x08, 0x00, 0x71, 0x00, 0x08, 0x00,
0x90, 0x00, 0x08, 0x00, 0x91, 0x00, 0x08, 0x00, 0x72, 0x00, 0x07, 0x00, 0x72, 0x00, 0x07, 0x00,
0x73, 0x00, 0x07, 0x00, 0x73, 0x00, 0x07, 0x00, 0x74, 0x00, 0x07, 0x00, 0x74, 0x00, 0x07, 0x00,
0x8c, 0x00, 0x07, 0x00, 0x8c, 0x00, 0x07, 0x00, 0x8d, 0x00, 0x07, 0x00, 0x8d, 0x00, 0x07, 0x00,
0x8e, 0x00, 0x07, 0x00, 0x8e, 0x00, 0x07, 0x00, 0x8f, 0x00, 0x07, 0x00, 0x8f, 0x00, 0x07, 0x00,
0x75, 0x00, 0x06, 0x00, 0x75, 0x00, 0x06, 0x00, 0x75, 0x00, 0x06, 0x00, 0x75, 0x00, 0x06, 0x00,
0x76, 0x00, 0x06, 0x00, 0x76, 0x00, 0x06, 0x00, 0x76, 0x00, 0x06, 0x00, 0x76, 0x00, 0x06, 0x00,
0x77, 0x00, 0x06, 0x00, 0x77, 0x00, 0x06, 0x00, 0x77, 0x00, 0x06, 0x00, 0x77, 0x00, 0x06, 0x00,
0x89, 0x00, 0x06, 0x00, 0x89, 0x00, 0x06, 0x00, 0x89, 0x00, 0x06, 0x00, 0x89, 0x00, 0x06, 0x00,
0x8a, 0x00, 0x06, 0x00, 0x8a, 0x00, 0x06, 0x00, 0x8a, 0x00, 0x06, 0x00, 0x8a, 0x00, 0x06, 0x00,
0x8b, 0x00, 0x06, 0x00, 0x8b, 0x00, 0x06, 0x00, 0x8b, 0x00, 0x06, 0x00, 0x8b, 0x00, 0x06, 0x00,
0x78, 0x00, 0x05, 0x00, 0x78, 0x00, 0x05, 0x00, 0x78, 0x00, 0x05, 0x00, 0x78, 0x00, 0x05, 0x00,
0x78, 0x00, 0x05, 0x00, 0x78, 0x00, 0x05, 0x00, 0x78, 0x00, 0x05, 0x00, 0x78, 0x00, 0x05, 0x00,
0x79, 0x00, 0x05, 0x00, 0x79, 0x00, 0x05, 0x00, 0x79, 0x00, 0x05, 0x00, 0x79, 0x00, 0x05, 0x00,
0x79, 0x00, 0x05, 0x00, 0x79, 0x00, 0x05, 0x00, 0x79, 0x00, 0x05, 0x00, 0x79, 0x00, 0x05, 0x00,
0x7a, 0x00, 0x05, 0x00, 0x7a, 0x00, 0x05, 0x00, 0x7a, 0x00, 0x05, 0x00, 0x7a, 0x00, 0x05, 0x00,
0x7a, 0x00, 0x05, 0x00, 0x7a, 0x00, 0x05, 0x00, 0x7a, 0x00, 0x05, 0x00, 0x7a, 0x00, 0x05, 0x00,
0x7b, 0x00, 0x05, 0x00, 0x7b, 0x00, 0x05, 0x00, 0x7b, 0x00, 0x05, 0x00, 0x7b, 0x00, 0x05, 0x00,
0x7b, 0x00, 0x05, 0x00, 0x7b, 0x00, 0x05, 0x00, 0x7b, 0x00, 0x05, 0x00, 0x7b, 0x00, 0x05, 0x00,
0x85, 0x00, 0x05, 0x00, 0x85, 0x00, 0x05, 0x00, 0x85, 0x00, 0x05, 0x00, 0x85, 0x00, 0x05, 0x00,
0x85, 0x00, 0x05, 0x00, 0x85, 0x00, 0x05, 0x00, 0x85, 0x00, 0x05, 0x00, 0x85, 0x00, 0x05, 0x00,
0x86, 0x00, 0x05, 0x00, 0x86, 0x00, 0x05, 0x00, 0x86, 0x00, 0x05, 0x00, 0x86, 0x00, 0x05, 0x00,
0x86, 0x00, 0x05, 0x00, 0x86, 0x00, 0x05, 0x00, 0x86, 0x00, 0x05, 0x00, 0x86, 0x00, 0x05, 0x00,
0x87, 0x00, 0x05, 0x00, 0x87, 0x00, 0x05, 0x00, 0x87, 0x00, 0x05, 0x00, 0x87, 0x00, 0x05, 0x00,
0x87, 0x00, 0x05, 0x00, 0x87, 0x00, 0x05, 0x00, 0x87, 0x00, 0x05, 0x00, 0x87, 0x00, 0x05, 0x00,
0x88, 0x00, 0x05, 0x00, 0x88, 0x00, 0x05, 0x00, 0x88, 0x00, 0x05, 0x00, 0x88, 0x00, 0x05, 0x00,
0x88, 0x00, 0x05, 0x00, 0x88, 0x00, 0x05, 0x00, 0x88, 0x00, 0x05, 0x00, 0x88, 0x00, 0x05, 0x00,
0x7c, 0x00, 0x04, 0x00, 0x7c, 0x00, 0x04, 0x00, 0x7c, 0x00, 0x04, 0x00, 0x7c, 0x00, 0x04, 0x00,
0x7c, 0x00, 0x04, 0x00, 0x7c, 0x00, 0x04, 0x00, 0x7c, 0x00, 0x04, 0x00, 0x7c, 0x00, 0x04, 0x00,
0x7c, 0x00, 0x04, 0x00, 0x7c, 0x00, 0x04, 0x00, 0x7c, 0x00, 0x04, 0x00, 0x7c, 0x00, 0x04, 0x00,
0x7c, 0x00, 0x04, 0x00, 0x7c, 0x00, 0x04, 0x00, 0x7c, 0x00, 0x04, 0x00, 0x7c, 0x00, 0x04, 0x00,
0x7d, 0x00, 0x04, 0x00, 0x7d, 0x00, 0x04, 0x00, 0x7d, 0x00, 0x04, 0x00, 0x7d, 0x00, 0x04, 0x00,
0x7d, 0x00, 0x04, 0x00, 0x7d, 0x00, 0x04, 0x00, 0x7d, 0x00, 0x04, 0x00, 0x7d, 0x00, 0x04, 0x00,
0x7d, 0x00, 0x04, 0x00, 0x7d, 0x00, 0x04, 0x00, 0x7d, 0x00, 0x04, 0x00, 0x7d, 0x00, 0x04, 0x00,
0x7d, 0x00, 0x04, 0x00, 0x7d, 0x00, 0x04, 0x00, 0x7d, 0x00, 0x04, 0x00, 0x7d, 0x00, 0x04, 0x00,
0x7e, 0x00, 0x04, 0x00, 0x7e, 0x00, 0x04, 0x00, 0x7e, 0x00, 0x04, 0x00, 0x7e, 0x00, 0x04, 0x00,
0x7e, 0x00, 0x04, 0x00, 0x7e, 0x00, 0x04, 0x00, 0x7e, 0x00, 0x04, 0x00, 0x7e, 0x00, 0x04, 0x00,
0x7e, 0x00, 0x04, 0x00, 0x7e, 0x00, 0x04, 0x00, 0x7e, 0x00, 0x04, 0x00, 0x7e, 0x00, 0x04, 0x00,
0x7e, 0x00, 0x04, 0x00, 0x7e, 0x00, 0x04, 0x00, 0x7e, 0x00, 0x04, 0x00, 0x7e, 0x00, 0x04, 0x00,
0x7f, 0x00, 0x04, 0x00, 0x7f, 0x00, 0x04, 0x00, 0x7f, 0x00, 0x04, 0x00, 0x7f, 0x00, 0x04, 0x00,
0x7f, 0x00, 0x04, 0x00, 0x7f, 0x00, 0x04, 0x00, 0x7f, 0x00, 0x04, 0x00, 0x7f, 0x00, 0x04, 0x00,
0x7f, 0x00, 0x04, 0x00, 0x7f, 0x00, 0x04, 0x00, 0x7f, 0x00, 0x04, 0x00, 0x7f, 0x00, 0x04, 0x00,
0x7f, 0x00, 0x04, 0x00, 0x7f, 0x00, 0x04, 0x00, 0x7f, 0x00, 0x04, 0x00, 0x7f, 0x00, 0x04, 0x00,
0x80, 0x00, 0x04, 0x00, 0x80, 0x00, 0x04, 0x00, 0x80, 0x00, 0x04, 0x00, 0x80, 0x00, 0x04, 0x00,
0x80, 0x00, 0x04, 0x00, 0x80, 0x00, 0x04, 0x00, 0x80, 0x00, 0x04, 0x00, 0x80, 0x00, 0x04, 0x00,
0x80, 0x00, 0x04, 0x00, 0x80, 0x00, 0x04, 0x00, 0x80, 0x00, 0x04, 0x00, 0x80, 0x00, 0x04, 0x00,
0x80, 0x00, 0x04, 0x00, 0x80, 0x00, 0x04, 0x00, 0x80, 0x00, 0x04, 0x00, 0x80, 0x00, 0x04, 0x00,
0x81, 0x00, 0x04, 0x00, 0x81, 0x00, 0x04, 0x00, 0x81, 0x00, 0x04, 0x00, 0x81, 0x00, 0x04, 0x00,
0x81, 0x00, 0x04, 0x00, 0x81, 0x00, 0x04, 0x00, 0x81, 0x00, 0x04, 0x00, 0x81, 0x00, 0x04, 0x00,
0x81, 0x00, 0x04, 0x00, 0x81, 0x00, 0x04, 0x00, 0x81, 0x00, 0x04, 0x00, 0x81, 0x00, 0x04, 0x00,
0x81, 0x00, 0x04, 0x00, 0x81, 0x00, 0x04, 0x00, 0x81, 0x00, 0x04, 0x00, 0x81, 0x00, 0x04, 0x00,
0x82, 0x00, 0x04, 0x00, 0x82, 0x00, 0x04, 0x00, 0x82, 0x00, 0x04, 0x00, 0x82, 0x00, 0x04, 0x00,
0x82, 0x00, 0x04, 0x00, 0x82, 0x00, 0x04, 0x00, 0x82, 0x00, 0x04, 0x00, 0x82, 0x00, 0x04, 0x00,
0x82, 0x00, 0x04, 0x00, 0x82, 0x00, 0x04, 0x00, 0x82, 0x00, 0x04, 0x00, 0x82, 0x00, 0x04, 0x00,
0x82, 0x00, 0x04, 0x00, 0x82, 0x00, 0x04, 0x00, 0x82, 0x00, 0x04, 0x00, 0x82, 0x00, 0x04, 0x00,
0x83, 0x00, 0x04, 0x00, 0x83, 0x00, 0x04, 0x00, 0x83, 0x00, 0x04, 0x00, 0x83, 0x00, 0x04, 0x00,
0x83, 0x00, 0x04, 0x00, 0x83, 0x00, 0x04, 0x00, 0x83, 0x00, 0x04, 0x00, 0x83, 0x00, 0x04, 0x00,
0x83, 0x00, 0x04, 0x00, 0x83, 0x00, 0x04, 0x00, 0x83, 0x00, 0x04, 0x00, 0x83, 0x00, 0x04, 0x00,
0x83, 0x00, 0x04, 0x00, 0x83, 0x00, 0x04, 0x00, 0x83, 0x00, 0x04, 0x00, 0x83, 0x00, 0x04, 0x00,
0x84, 0x00, 0x04, 0x00, 0x84, 0x00, 0x04, 0x00, 0x84, 0x00, 0x04, 0x00, 0x84, 0x00, 0x04, 0x00,
0x84, 0x00, 0x04, 0x00, 0x84, 0x00, 0x04, 0x00, 0x84, 0x00, 0x04, 0x00, 0x84, 0x00, 0x04, 0x00,
0x84, 0x00, 0x04, 0x00, 0x84, 0x00, 0x04, 0x00, 0x84, 0x00, 0x04, 0x00, 0x84, 0x00, 0x04, 0x00,
0x84, 0x00, 0x04, 0x00, 0x84, 0x00, 0x04, 0x00, 0x84, 0x00, 0x04, 0x00, 0x84, 0x00, 0x04, 0x00,
0x00, 0x00, 0x00, 0x00, 0x00, 0x00, 0x00, 0x00, 0x00, 0x00, 0x00, 0x00, 0x00, 0x00, 0x00, 0x00,
0x00, 0x00, 0x00, 0x00, 0x6d, 0x00, 0x08, 0x00, 0x6e, 0x00, 0x08, 0x00, 0x6f, 0x00, 0x08, 0x00,
0x70, 0x00, 0x08, 0x00, 0x90, 0x00, 0x08, 0x00, 0x91, 0x00, 0x08, 0x00, 0x92, 0x00, 0x08, 0x00,
0x71, 0x00, 0x07, 0x00, 0x71, 0x00, 0x07, 0x00, 0x72, 0x00, 0x07, 0x00, 0x72, 0x00, 0x07, 0x00,
0x73, 0x00, 0x07, 0x00, 0x73, 0x00, 0x07, 0x00, 0x8d, 0x00, 0x07, 0x00, 0x8d, 0x00, 0x07, 0x00,
0x8e, 0x00, 0x07, 0x00, 0x8e, 0x00, 0x07, 0x00, 0x8f, 0x00, 0x07, 0x00, 0x8f, 0x00, 0x07, 0x00,
0x74, 0x00, 0x06, 0x00, 0x74, 0x00, 0x06, 0x00, 0x74, 0x00, 0x06, 0x00, 0x74, 0x00, 0x06, 0x00,
0x75, 0x00, 0x06, 0x00, 0x75, 0x00, 0x06, 0x00, 0x75, 0x00, 0x06, 0x00, 0x75, 0x00, 0x06, 0x00,
0x76, 0x00, 0x06, 0x00, 0x76, 0x00, 0x06, 0x00, 0x76, 0x00, 0x06, 0x00, 0x76, 0x00, 0x06, 0x00,
0x8a, 0x00, 0x06, 0x00, 0x8a, 0x00, 0x06, 0x00, 0x8a, 0x00, 0x06, 0x00, 0x8a, 0x00, 0x06, 0x00,
0x8b, 0x00, 0x06, 0x00, 0x8b, 0x00, 0x06, 0x00, 0x8b, 0x00, 0x06, 0x00, 0x8b, 0x00, 0x06, 0x00,
0x8c, 0x00, 0x06, 0x00, 0x8c, 0x00, 0x06, 0x00, 0x8c, 0x00, 0x06, 0x00, 0x8c, 0x00, 0x06, 0x00,
0x77, 0x00, 0x05, 0x00, 0x77, 0x00, 0x05, 0x00, 0x77, 0x00, 0x05, 0x00, 0x77, 0x00, 0x05, 0x00,
0x77, 0x00, 0x05, 0x00, 0x77, 0x00, 0x05, 0x00, 0x77, 0x00, 0x05, 0x00, 0x77, 0x00, 0x05, 0x00,
0x78, 0x00, 0x05, 0x00, 0x78, 0x00, 0x05, 0x00, 0x78, 0x00, 0x05, 0x00, 0x78, 0x00, 0x05, 0x00,
0x78, 0x00, 0x05, 0x00, 0x78, 0x00, 0x05, 0x00, 0x78, 0x00, 0x05, 0x00, 0x78, 0x00, 0x05, 0x00,
0x79, 0x00, 0x05, 0x00, 0x79, 0x00, 0x05, 0x00, 0x79, 0x00, 0x05, 0x00, 0x79, 0x00, 0x05, 0x00,
0x79, 0x00, 0x05, 0x00, 0x79, 0x00, 0x05, 0x00, 0x79, 0x00, 0x05, 0x00, 0x79, 0x00, 0x05, 0x00,
0x7a, 0x00, 0x05, 0x00, 0x7a, 0x00, 0x05, 0x00, 0x7a, 0x00, 0x05, 0x00, 0x7a, 0x00, 0x05, 0x00,
0x7a, 0x00, 0x05, 0x00, 0x7a, 0x00, 0x05, 0x00, 0x7a, 0x00, 0x05, 0x00, 0x7a, 0x00, 0x05, 0x00,
0x7b, 0x00, 0x05, 0x00, 0x7b, 0x00, 0x05, 0x00, 0x7b, 0x00, 0x05, 0x00, 0x7b, 0x00, 0x05, 0x00,
0x7b, 0x00, 0x05, 0x00, 0x7b, 0x00, 0x05, 0x00, 0x7b, 0x00, 0x05, 0x00, 0x7b, 0x00, 0x05, 0x00,
0x7c, 0x00, 0x05, 0x00, 0x7c, 0x00, 0x05, 0x00, 0x7c, 0x00, 0x05, 0x00, 0x7c, 0x00, 0x05, 0x00,
0x7c, 0x00, 0x05, 0x00, 0x7c, 0x00, 0x05, 0x00, 0x7c, 0x00, 0x05, 0x00, 0x7c, 0x00, 0x05, 0x00,
0x84, 0x00, 0x05, 0x00, 0x84, 0x00, 0x05, 0x00, 0x84, 0x00, 0x05, 0x00, 0x84, 0x00, 0x05, 0x00,
0x84, 0x00, 0x05, 0x00, 0x84, 0x00, 0x05, 0x00, 0x84, 0x00, 0x05, 0x00, 0x84, 0x00, 0x05, 0x00,
0x85, 0x00, 0x05, 0x00, 0x85, 0x00, 0x05, 0x00, 0x85, 0x00, 0x05, 0x00, 0x85, 0x00, 0x05, 0x00,
0x85, 0x00, 0x05, 0x00, 0x85, 0x00, 0x05, 0x00, 0x85, 0x00, 0x05, 0x00, 0x85, 0x00, 0x05, 0x00,
0x86, 0x00, 0x05, 0x00, 0x86, 0x00, 0x05, 0x00, 0x86, 0x00, 0x05, 0x00, 0x86, 0x00, 0x05, 0x00,
0x86, 0x00, 0x05, 0x00, 0x86, 0x00, 0x05, 0x00, 0x86, 0x00, 0x05, 0x00, 0x86, 0x00, 0x05, 0x00,
0x87, 0x00, 0x05, 0x00, 0x87, 0x00, 0x05, 0x00, 0x87, 0x00, 0x05, 0x00, 0x87, 0x00, 0x05, 0x00,
0x87, 0x00, 0x05, 0x00, 0x87, 0x00, 0x05, 0x00, 0x87, 0x00, 0x05, 0x00, 0x87, 0x00, 0x05, 0x00,
0x88, 0x00, 0x05, 0x00, 0x88, 0x00, 0x05, 0x00, 0x88, 0x00, 0x05, 0x00, 0x88, 0x00, 0x05, 0x00,
0x88, 0x00, 0x05, 0x00, 0x88, 0x00, 0x05, 0x00, 0x88, 0x00, 0x05, 0x00, 0x88, 0x00, 0x05, 0x00,
0x89, 0x00, 0x05, 0x00, 0x89, 0x00, 0x05, 0x00, 0x89, 0x00, 0x05, 0x00, 0x89, 0x00, 0x05, 0x00,
0x89, 0x00, 0x05, 0x00, 0x89, 0x00, 0x05, 0x00, 0x89, 0x00, 0x05, 0x00, 0x89, 0x00, 0x05, 0x00,
0x7d, 0x00, 0x04, 0x00, 0x7d, 0x00, 0x04, 0x00, 0x7d, 0x00, 0x04, 0x00, 0x7d, 0x00, 0x04, 0x00,
0x7d, 0x00, 0x04, 0x00, 0x7d, 0x00, 0x04, 0x00, 0x7d, 0x00, 0x04, 0x00, 0x7d, 0x00, 0x04, 0x00,
0x7d, 0x00, 0x04, 0x00, 0x7d, 0x00, 0x04, 0x00, 0x7d, 0x00, 0x04, 0x00, 0x7d, 0x00, 0x04, 0x00,
0x7d, 0x00, 0x04, 0x00, 0x7d, 0x00, 0x04, 0x00, 0x7d, 0x00, 0x04, 0x00, 0x7d, 0x00, 0x04, 0x00,
0x7e, 0x00, 0x04, 0x00, 0x7e, 0x00, 0x04, 0x00, 0x7e, 0x00, 0x04, 0x00, 0x7e, 0x00, 0x04, 0x00,
0x7e, 0x00, 0x04, 0x00, 0x7e, 0x00, 0x04, 0x00, 0x7e, 0x00, 0x04, 0x00, 0x7e, 0x00, 0x04, 0x00,
0x7e, 0x00, 0x04, 0x00, 0x7e, 0x00, 0x04, 0x00, 0x7e, 0x00, 0x04, 0x00, 0x7e, 0x00, 0x04, 0x00,
0x7e, 0x00, 0x04, 0x00, 0x7e, 0x00, 0x04, 0x00, 0x7e, 0x00, 0x04, 0x00, 0x7e, 0x00, 0x04, 0x00,
0x7f, 0x00, 0x04, 0x00, 0x7f, 0x00, 0x04, 0x00, 0x7f, 0x00, 0x04, 0x00, 0x7f, 0x00, 0x04, 0x00,
0x7f, 0x00, 0x04, 0x00, 0x7f, 0x00, 0x04, 0x00, 0x7f, 0x00, 0x04, 0x00, 0x7f, 0x00, 0x04, 0x00,
0x7f, 0x00, 0x04, 0x00, 0x7f, 0x00, 0x04, 0x00, 0x7f, 0x00, 0x04, 0x00, 0x7f, 0x00, 0x04, 0x00,
0x7f, 0x00, 0x04, 0x00, 0x7f, 0x00, 0x04, 0x00, 0x7f, 0x00, 0x04, 0x00, 0x7f, 0x00, 0x04, 0x00,
0x80, 0x00, 0x04, 0x00, 0x80, 0x00, 0x04, 0x00, 0x80, 0x00, 0x04, 0x00, 0x80, 0x00, 0x04, 0x00,
0x80, 0x00, 0x04, 0x00, 0x80, 0x00, 0x04, 0x00, 0x80, 0x00, 0x04, 0x00, 0x80, 0x00, 0x04, 0x00,
0x80, 0x00, 0x04, 0x00, 0x80, 0x00, 0x04, 0x00, 0x80, 0x00, 0x04, 0x00, 0x80, 0x00, 0x04, 0x00,
0x80, 0x00, 0x04, 0x00, 0x80, 0x00, 0x04, 0x00, 0x80, 0x00, 0x04, 0x00, 0x80, 0x00, 0x04, 0x00,
0x81, 0x00, 0x04, 0x00, 0x81, 0x00, 0x04, 0x00, 0x81, 0x00, 0x04, 0x00, 0x81, 0x00, 0x04, 0x00,
0x81, 0x00, 0x04, 0x00, 0x81, 0x00, 0x04, 0x00, 0x81, 0x00, 0x04, 0x00, 0x81, 0x00, 0x04, 0x00,
0x81, 0x00, 0x04, 0x00, 0x81, 0x00, 0x04, 0x00, 0x81, 0x00, 0x04, 0x00, 0x81, 0x00, 0x04, 0x00,
0x81, 0x00, 0x04, 0x00, 0x81, 0x00, 0x04, 0x00, 0x81, 0x00, 0x04, 0x00, 0x81, 0x00, 0x04, 0x00,
0x82, 0x00, 0x04, 0x00, 0x82, 0x00, 0x04, 0x00, 0x82, 0x00, 0x04, 0x00, 0x82, 0x00, 0x04, 0x00,
0x82, 0x00, 0x04, 0x00, 0x82, 0x00, 0x04, 0x00, 0x82, 0x00, 0x04, 0x00, 0x82, 0x00, 0x04, 0x00,
0x82, 0x00, 0x04, 0x00, 0x82, 0x00, 0x04, 0x00, 0x82, 0x00, 0x04, 0x00, 0x82, 0x00, 0x04, 0x00,
0x82, 0x00, 0x04, 0x00, 0x82, 0x00, 0x04, 0x00, 0x82, 0x00, 0x04, 0x00, 0x82, 0x00, 0x04, 0x00,
0x83, 0x00, 0x04, 0x00, 0x83, 0x00, 0x04, 0x00, 0x83, 0x00, 0x04, 0x00, 0x83, 0x00, 0x04, 0x00,
0x83, 0x00, 0x04, 0x00, 0x83, 0x00, 0x04, 0x00, 0x83, 0x00, 0x04, 0x00, 0x83, 0x00, 0x04, 0x00,
0x83, 0x00, 0x04, 0x00, 0x83, 0x00, 0x04, 0x00, 0x83, 0x00, 0x04, 0x00, 0x83, 0x00, 0x04, 0x00,
0x83, 0x00, 0x04, 0x00, 0x83, 0x00, 0x04, 0x00, 0x83, 0x00, 0x04, 0x00, 0x83, 0x00, 0x04, 0x00,
0x00, 0x00, 0x00, 0x00, 0x00, 0x00, 0x00, 0x00, 0x00, 0x00, 0x00, 0x00, 0x00, 0x00, 0x00, 0x00,
0x00, 0x00, 0x00, 0x00, 0x00, 0x00, 0x00, 0x00, 0x6e, 0x00, 0x08, 0x00, 0x6f, 0x00, 0x08, 0x00,
0x91, 0x00, 0x08, 0x00, 0x92, 0x00, 0x08, 0x00, 0x70, 0x00, 0x07, 0x00, 0x70, 0x00, 0x07, 0x00,
0x71, 0x00, 0x07, 0x00, 0x71, 0x00, 0x07, 0x00, 0x72, 0x00, 0x07, 0x00, 0x72, 0x00, 0x07, 0x00,
0x73, 0x00, 0x07, 0x00, 0x73, 0x00, 0x07, 0x00, 0x8e, 0x00, 0x07, 0x00, 0x8e, 0x00, 0x07, 0x00,
0x8f, 0x00, 0x07, 0x00, 0x8f, 0x00, 0x07, 0x00, 0x90, 0x00, 0x07, 0x00, 0x90, 0x00, 0x07, 0x00,
0x74, 0x00, 0x06, 0x00, 0x74, 0x00, 0x06, 0x00, 0x74, 0x00, 0x06, 0x00, 0x74, 0x00, 0x06, 0x00,
0x75, 0x00, 0x06, 0x00, 0x75, 0x00, 0x06, 0x00, 0x75, 0x00, 0x06, 0x00, 0x75, 0x00, 0x06, 0x00,
0x76, 0x00, 0x06, 0x00, 0x76, 0x00, 0x06, 0x00, 0x76, 0x00, 0x06, 0x00, 0x76, 0x00, 0x06, 0x00,
0x77, 0x00, 0x06, 0x00, 0x77, 0x00, 0x06, 0x00, 0x77, 0x00, 0x06, 0x00, 0x77, 0x00, 0x06, 0x00,
0x8a, 0x00, 0x06, 0x00, 0x8a, 0x00, 0x06, 0x00, 0x8a, 0x00, 0x06, 0x00, 0x8a, 0x00, 0x06, 0x00,
0x8b, 0x00, 0x06, 0x00, 0x8b, 0x00, 0x06, 0x00, 0x8b, 0x00, 0x06, 0x00, 0x8b, 0x00, 0x06, 0x00,
0x8c, 0x00, 0x06, 0x00, 0x8c, 0x00, 0x06, 0x00, 0x8c, 0x00, 0x06, 0x00, 0x8c, 0x00, 0x06, 0x00,
0x8d, 0x00, 0x06, 0x00, 0x8d, 0x00, 0x06, 0x00, 0x8d, 0x00, 0x06, 0x00, 0x8d, 0x00, 0x06, 0x00,
0x78, 0x00, 0x05, 0x00, 0x78, 0x00, 0x05, 0x00, 0x78, 0x00, 0x05, 0x00, 0x78, 0x00, 0x05, 0x00,
0x78, 0x00, 0x05, 0x00, 0x78, 0x00, 0x05, 0x00, 0x78, 0x00, 0x05, 0x00, 0x78, 0x00, 0x05, 0x00,
0x79, 0x00, 0x05, 0x00, 0x79, 0x00, 0x05, 0x00, 0x79, 0x00, 0x05, 0x00, 0x79, 0x00, 0x05, 0x00,
0x79, 0x00, 0x05, 0x00, 0x79, 0x00, 0x05, 0x00, 0x79, 0x00, 0x05, 0x00, 0x79, 0x00, 0x05, 0x00,
0x7a, 0x00, 0x05, 0x00, 0x7a, 0x00, 0x05, 0x00, 0x7a, 0x00, 0x05, 0x00, 0x7a, 0x00, 0x05, 0x00,
0x7a, 0x00, 0x05, 0x00, 0x7a, 0x00, 0x05, 0x00, 0x7a, 0x00, 0x05, 0x00, 0x7a, 0x00, 0x05, 0x00,
0x7b, 0x00, 0x05, 0x00, 0x7b, 0x00, 0x05, 0x00, 0x7b, 0x00, 0x05, 0x00, 0x7b, 0x00, 0x05, 0x00,
0x7b, 0x00, 0x05, 0x00, 0x7b, 0x00, 0x05, 0x00, 0x7b, 0x00, 0x05, 0x00, 0x7b, 0x00, 0x05, 0x00,
0x7c, 0x00, 0x05, 0x00, 0x7c, 0x00, 0x05, 0x00, 0x7c, 0x00, 0x05, 0x00, 0x7c, 0x00, 0x05, 0x00,
0x7c, 0x00, 0x05, 0x00, 0x7c, 0x00, 0x05, 0x00, 0x7c, 0x00, 0x05, 0x00, 0x7c, 0x00, 0x05, 0x00,
0x84, 0x00, 0x05, 0x00, 0x84, 0x00, 0x05, 0x00, 0x84, 0x00, 0x05, 0x00, 0x84, 0x00, 0x05, 0x00,
0x84, 0x00, 0x05, 0x00, 0x84, 0x00, 0x05, 0x00, 0x84, 0x00, 0x05, 0x00, 0x84, 0x00, 0x05, 0x00,
0x85, 0x00, 0x05, 0x00, 0x85, 0x00, 0x05, 0x00, 0x85, 0x00, 0x05, 0x00, 0x85, 0x00, 0x05, 0x00,
0x85, 0x00, 0x05, 0x00, 0x85, 0x00, 0x05, 0x00, 0x85, 0x00, 0x05, 0x00, 0x85, 0x00, 0x05, 0x00,
0x86, 0x00, 0x05, 0x00, 0x86, 0x00, 0x05, 0x00, 0x86, 0x00, 0x05, 0x00, 0x86, 0x00, 0x05, 0x00,
0x86, 0x00, 0x05, 0x00, 0x86, 0x00, 0x05, 0x00, 0x86, 0x00, 0x05, 0x00, 0x86, 0x00, 0x05, 0x00,
0x87, 0x00, 0x05, 0x00, 0x87, 0x00, 0x05, 0x00, 0x87, 0x00, 0x05, 0x00, 0x87, 0x00, 0x05, 0x00,
0x87, 0x00, 0x05, 0x00, 0x87, 0x00, 0x05, 0x00, 0x87, 0x00, 0x05, 0x00, 0x87, 0x00, 0x05, 0x00,
0x88, 0x00, 0x05, 0x00, 0x88, 0x00, 0x05, 0x00, 0x88, 0x00, 0x05, 0x00, 0x88, 0x00, 0x05, 0x00,
0x88, 0x00, 0x05, 0x00, 0x88, 0x00, 0x05, 0x00, 0x88, 0x00, 0x05, 0x00, 0x88, 0x00, 0x05, 0x00,
0x89, 0x00, 0x05, 0x00, 0x89, 0x00, 0x05, 0x00, 0x89, 0x00, 0x05, 0x00, 0x89, 0x00, 0x05, 0x00,
0x89, 0x00, 0x05, 0x00, 0x89, 0x00, 0x05, 0x00, 0x89, 0x00, 0x05, 0x00, 0x89, 0x00, 0x05, 0x00,
0x7d, 0x00, 0x04, 0x00, 0x7d, 0x00, 0x04, 0x00, 0x7d, 0x00, 0x04, 0x00, 0x7d, 0x00, 0x04, 0x00,
0x7d, 0x00, 0x04, 0x00, 0x7d, 0x00, 0x04, 0x00, 0x7d, 0x00, 0x04, 0x00, 0x7d, 0x00, 0x04, 0x00,
0x7d, 0x00, 0x04, 0x00, 0x7d, 0x00, 0x04, 0x00, 0x7d, 0x00, 0x04, 0x00, 0x7d, 0x00, 0x04, 0x00,
0x7d, 0x00, 0x04, 0x00, 0x7d, 0x00, 0x04, 0x00, 0x7d, 0x00, 0x04, 0x00, 0x7d, 0x00, 0x04, 0x00,
0x7e, 0x00, 0x04, 0x00, 0x7e, 0x00, 0x04, 0x00, 0x7e, 0x00, 0x04, 0x00, 0x7e, 0x00, 0x04, 0x00,
0x7e, 0x00, 0x04, 0x00, 0x7e, 0x00, 0x04, 0x00, 0x7e, 0x00, 0x04, 0x00, 0x7e, 0x00, 0x04, 0x00,
0x7e, 0x00, 0x04, 0x00, 0x7e, 0x00, 0x04, 0x00, 0x7e, 0x00, 0x04, 0x00, 0x7e, 0x00, 0x04, 0x00,
0x7e, 0x00, 0x04, 0x00, 0x7e, 0x00, 0x04, 0x00, 0x7e, 0x00, 0x04, 0x00, 0x7e, 0x00, 0x04, 0x00,
0x7f, 0x00, 0x04, 0x00, 0x7f, 0x00, 0x04, 0x00, 0x7f, 0x00, 0x04, 0x00, 0x7f, 0x00, 0x04, 0x00,
0x7f, 0x00, 0x04, 0x00, 0x7f, 0x00, 0x04, 0x00, 0x7f, 0x00, 0x04, 0x00, 0x7f, 0x00, 0x04, 0x00,
0x7f, 0x00, 0x04, 0x00, 0x7f, 0x00, 0x04, 0x00, 0x7f, 0x00, 0x04, 0x00, 0x7f, 0x00, 0x04, 0x00,
0x7f, 0x00, 0x04, 0x00, 0x7f, 0x00, 0x04, 0x00, 0x7f, 0x00, 0x04, 0x00, 0x7f, 0x00, 0x04, 0x00,
0x80, 0x00, 0x04, 0x00, 0x80, 0x00, 0x04, 0x00, 0x80, 0x00, 0x04, 0x00, 0x80, 0x00, 0x04, 0x00,
0x80, 0x00, 0x04, 0x00, 0x80, 0x00, 0x04, 0x00, 0x80, 0x00, 0x04, 0x00, 0x80, 0x00, 0x04, 0x00,
0x80, 0x00, 0x04, 0x00, 0x80, 0x00, 0x04, 0x00, 0x80, 0x00, 0x04, 0x00, 0x80, 0x00, 0x04, 0x00,
0x80, 0x00, 0x04, 0x00, 0x80, 0x00, 0x04, 0x00, 0x80, 0x00, 0x04, 0x00, 0x80, 0x00, 0x04, 0x00,
0x81, 0x00, 0x04, 0x00, 0x81, 0x00, 0x04, 0x00, 0x81, 0x00, 0x04, 0x00, 0x81, 0x00, 0x04, 0x00,
0x81, 0x00, 0x04, 0x00, 0x81, 0x00, 0x04, 0x00, 0x81, 0x00, 0x04, 0x00, 0x81, 0x00, 0x04, 0x00,
0x81, 0x00, 0x04, 0x00, 0x81, 0x00, 0x04, 0x00, 0x81, 0x00, 0x04, 0x00, 0x81, 0x00, 0x04, 0x00,
0x81, 0x00, 0x04, 0x00, 0x81, 0x00, 0x04, 0x00, 0x81, 0x00, 0x04, 0x00, 0x81, 0x00, 0x04, 0x00,
0x82, 0x00, 0x04, 0x00, 0x82, 0x00, 0x04, 0x00, 0x82, 0x00, 0x04, 0x00, 0x82, 0x00, 0x04, 0x00,
0x82, 0x00, 0x04, 0x00, 0x82, 0x00, 0x04, 0x00, 0x82, 0x00, 0x04, 0x00, 0x82, 0x00, 0x04, 0x00,
0x82, 0x00, 0x04, 0x00, 0x82, 0x00, 0x04, 0x00, 0x82, 0x00, 0x04, 0x00, 0x82, 0x00, 0x04, 0x00,
0x82, 0x00, 0x04, 0x00, 0x82, 0x00, 0x04, 0x00, 0x82, 0x00, 0x04, 0x00, 0x82, 0x00, 0x04, 0x00,
0x83, 0x00, 0x04, 0x00, 0x83, 0x00, 0x04, 0x00, 0x83, 0x00, 0x04, 0x00, 0x83, 0x00, 0x04, 0x00,
0x83, 0x00, 0x04, 0x00, 0x83, 0x00, 0x04, 0x00, 0x83, 0x00, 0x04, 0x00, 0x83, 0x00, 0x04, 0x00,
0x83, 0x00, 0x04, 0x00, 0x83, 0x00, 0x04, 0x00, 0x83, 0x00, 0x04, 0x00, 0x83, 0x00, 0x04, 0x00,
0x83, 0x00, 0x04, 0x00, 0x83, 0x00, 0x04, 0x00, 0x83, 0x00, 0x04, 0x00, 0x83, 0x00, 0x04, 0x00,
0x00, 0x00, 0x00, 0x00, 0x00, 0x00, 0x00, 0x00, 0x00, 0x00, 0x00, 0x00, 0x00, 0x00, 0x00, 0x00,
0x00, 0x00, 0x00, 0x00, 0x00, 0x00, 0x00, 0x00, 0x6d, 0x00, 0x08, 0x00, 0x6e, 0x00, 0x08, 0x00,
0x6f, 0x00, 0x08, 0x00, 0x91, 0x00, 0x08, 0x00, 0x92, 0x00, 0x08, 0x00, 0x93, 0x00, 0x08, 0x00,
0x70, 0x00, 0x07, 0x00, 0x70, 0x00, 0x07, 0x00, 0x71, 0x00, 0x07, 0x00, 0x71, 0x00, 0x07, 0x00,
0x72, 0x00, 0x07, 0x00, 0x72, 0x00, 0x07, 0x00, 0x8e, 0x00, 0x07, 0x00, 0x8e, 0x00, 0x07, 0x00,
0x8f, 0x00, 0x07, 0x00, 0x8f, 0x00, 0x07, 0x00, 0x90, 0x00, 0x07, 0x00, 0x90, 0x00, 0x07, 0x00,
0x73, 0x00, 0x06, 0x00, 0x73, 0x00, 0x06, 0x00, 0x73, 0x00, 0x06, 0x00, 0x73, 0x00, 0x06, 0x00,
0x74, 0x00, 0x06, 0x00, 0x74, 0x00, 0x06, 0x00, 0x74, 0x00, 0x06, 0x00, 0x74, 0x00, 0x06, 0x00,
0x75, 0x00, 0x06, 0x00, 0x75, 0x00, 0x06, 0x00, 0x75, 0x00, 0x06, 0x00, 0x75, 0x00, 0x06, 0x00,
0x76, 0x00, 0x06, 0x00, 0x76, 0x00, 0x06, 0x00, 0x76, 0x00, 0x06, 0x00, 0x76, 0x00, 0x06, 0x00,
0x8a, 0x00, 0x06, 0x00, 0x8a, 0x00, 0x06, 0x00, 0x8a, 0x00, 0x06, 0x00, 0x8a, 0x00, 0x06, 0x00,
0x8b, 0x00, 0x06, 0x00, 0x8b, 0x00, 0x06, 0x00, 0x8b, 0x00, 0x06, 0x00, 0x8b, 0x00, 0x06, 0x00,
0x8c, 0x00, 0x06, 0x00, 0x8c, 0x00, 0x06, 0x00, 0x8c, 0x00, 0x06, 0x00, 0x8c, 0x00, 0x06, 0x00,
0x8d, 0x00, 0x06, 0x00, 0x8d, 0x00, 0x06, 0x00, 0x8d, 0x00, 0x06, 0x00, 0x8d, 0x00, 0x06, 0x00,
0x77, 0x00, 0x05, 0x00, 0x77, 0x00, 0x05, 0x00, 0x77, 0x00, 0x05, 0x00, 0x77, 0x00, 0x05, 0x00,
0x77, 0x00, 0x05, 0x00, 0x77, 0x00, 0x05, 0x00, 0x77, 0x00, 0x05, 0x00, 0x77, 0x00, 0x05, 0x00,
0x78, 0x00, 0x05, 0x00, 0x78, 0x00, 0x05, 0x00, 0x78, 0x00, 0x05, 0x00, 0x78, 0x00, 0x05, 0x00,
0x78, 0x00, 0x05, 0x00, 0x78, 0x00, 0x05, 0x00, 0x78, 0x00, 0x05, 0x00, 0x78, 0x00, 0x05, 0x00,
0x79, 0x00, 0x05, 0x00, 0x79, 0x00, 0x05, 0x00, 0x79, 0x00, 0x05, 0x00, 0x79, 0x00, 0x05, 0x00,
0x79, 0x00, 0x05, 0x00, 0x79, 0x00, 0x05, 0x00, 0x79, 0x00, 0x05, 0x00, 0x79, 0x00, 0x05, 0x00,
0x7a, 0x00, 0x05, 0x00, 0x7a, 0x00, 0x05, 0x00, 0x7a, 0x00, 0x05, 0x00, 0x7a, 0x00, 0x05, 0x00,
0x7a, 0x00, 0x05, 0x00, 0x7a, 0x00, 0x05, 0x00, 0x7a, 0x00, 0x05, 0x00, 0x7a, 0x00, 0x05, 0x00,
0x7b, 0x00, 0x05, 0x00, 0x7b, 0x00, 0x05, 0x00, 0x7b, 0x00, 0x05, 0x00, 0x7b, 0x00, 0x05, 0x00,
0x7b, 0x00, 0x05, 0x00, 0x7b, 0x00, 0x05, 0x00, 0x7b, 0x00, 0x05, 0x00, 0x7b, 0x00, 0x05, 0x00,
0x7c, 0x00, 0x05, 0x00, 0x7c, 0x00, 0x05, 0x00, 0x7c, 0x00, 0x05, 0x00, 0x7c, 0x00, 0x05, 0x00,
0x7c, 0x00, 0x05, 0x00, 0x7c, 0x00, 0x05, 0x00, 0x7c, 0x00, 0x05, 0x00, 0x7c, 0x00, 0x05, 0x00,
0x7d, 0x00, 0x05, 0x00, 0x7d, 0x00, 0x05, 0x00, 0x7d, 0x00, 0x05, 0x00, 0x7d, 0x00, 0x05, 0x00,
0x7d, 0x00, 0x05, 0x00, 0x7d, 0x00, 0x05, 0x00, 0x7d, 0x00, 0x05, 0x00, 0x7d, 0x00, 0x05, 0x00,
0x84, 0x00, 0x05, 0x00, 0x84, 0x00, 0x05, 0x00, 0x84, 0x00, 0x05, 0x00, 0x84, 0x00, 0x05, 0x00,
0x84, 0x00, 0x05, 0x00, 0x84, 0x00, 0x05, 0x00, 0x84, 0x00, 0x05, 0x00, 0x84, 0x00, 0x05, 0x00,
0x85, 0x00, 0x05, 0x00, 0x85, 0x00, 0x05, 0x00, 0x85, 0x00, 0x05, 0x00, 0x85, 0x00, 0x05, 0x00,
0x85, 0x00, 0x05, 0x00, 0x85, 0x00, 0x05, 0x00, 0x85, 0x00, 0x05, 0x00, 0x85, 0x00, 0x05, 0x00,
0x86, 0x00, 0x05, 0x00, 0x86, 0x00, 0x05, 0x00, 0x86, 0x00, 0x05, 0x00, 0x86, 0x00, 0x05, 0x00,
0x86, 0x00, 0x05, 0x00, 0x86, 0x00, 0x05, 0x00, 0x86, 0x00, 0x05, 0x00, 0x86, 0x00, 0x05, 0x00,
0x87, 0x00, 0x05, 0x00, 0x87, 0x00, 0x05, 0x00, 0x87, 0x00, 0x05, 0x00, 0x87, 0x00, 0x05, 0x00,
0x87, 0x00, 0x05, 0x00, 0x87, 0x00, 0x05, 0x00, 0x87, 0x00, 0x05, 0x00, 0x87, 0x00, 0x05, 0x00,
0x88, 0x00, 0x05, 0x00, 0x88, 0x00, 0x05, 0x00, 0x88, 0x00, 0x05, 0x00, 0x88, 0x00, 0x05, 0x00,
0x88, 0x00, 0x05, 0x00, 0x88, 0x00, 0x05, 0x00, 0x88, 0x00, 0x05, 0x00, 0x88, 0x00, 0x05, 0x00,
0x89, 0x00, 0x05, 0x00, 0x89, 0x00, 0x05, 0x00, 0x89, 0x00, 0x05, 0x00, 0x89, 0x00, 0x05, 0x00,
0x89, 0x00, 0x05, 0x00, 0x89, 0x00, 0x05, 0x00, 0x89, 0x00, 0x05, 0x00, 0x89, 0x00, 0x05, 0x00,
0x7e, 0x00, 0x04, 0x00, 0x7e, 0x00, 0x04, 0x00, 0x7e, 0x00, 0x04, 0x00, 0x7e, 0x00, 0x04, 0x00,
0x7e, 0x00, 0x04, 0x00, 0x7e, 0x00, 0x04, 0x00, 0x7e, 0x00, 0x04, 0x00, 0x7e, 0x00, 0x04, 0x00,
0x7e, 0x00, 0x04, 0x00, 0x7e, 0x00, 0x04, 0x00, 0x7e, 0x00, 0x04, 0x00, 0x7e, 0x00, 0x04, 0x00,
0x7e, 0x00, 0x04, 0x00, 0x7e, 0x00, 0x04, 0x00, 0x7e, 0x00, 0x04, 0x00, 0x7e, 0x00, 0x04, 0x00,
0x7f, 0x00, 0x04, 0x00, 0x7f, 0x00, 0x04, 0x00, 0x7f, 0x00, 0x04, 0x00, 0x7f, 0x00, 0x04, 0x00,
0x7f, 0x00, 0x04, 0x00, 0x7f, 0x00, 0x04, 0x00, 0x7f, 0x00, 0x04, 0x00, 0x7f, 0x00, 0x04, 0x00,
0x7f, 0x00, 0x04, 0x00, 0x7f, 0x00, 0x04, 0x00, 0x7f, 0x00, 0x04, 0x00, 0x7f, 0x00, 0x04, 0x00,
0x7f, 0x00, 0x04, 0x00, 0x7f, 0x00, 0x04, 0x00, 0x7f, 0x00, 0x04, 0x00, 0x7f, 0x00, 0x04, 0x00,
0x80, 0x00, 0x04, 0x00, 0x80, 0x00, 0x04, 0x00, 0x80, 0x00, 0x04, 0x00, 0x80, 0x00, 0x04, 0x00,
0x80, 0x00, 0x04, 0x00, 0x80, 0x00, 0x04, 0x00, 0x80, 0x00, 0x04, 0x00, 0x80, 0x00, 0x04, 0x00,
0x80, 0x00, 0x04, 0x00, 0x80, 0x00, 0x04, 0x00, 0x80, 0x00, 0x04, 0x00, 0x80, 0x00, 0x04, 0x00,
0x80, 0x00, 0x04, 0x00, 0x80, 0x00, 0x04, 0x00, 0x80, 0x00, 0x04, 0x00, 0x80, 0x00, 0x04, 0x00,
0x81, 0x00, 0x04, 0x00, 0x81, 0x00, 0x04, 0x00, 0x81, 0x00, 0x04, 0x00, 0x81, 0x00, 0x04, 0x00,
0x81, 0x00, 0x04, 0x00, 0x81, 0x00, 0x04, 0x00, 0x81, 0x00, 0x04, 0x00, 0x81, 0x00, 0x04, 0x00,
0x81, 0x00, 0x04, 0x00, 0x81, 0x00, 0x04, 0x00, 0x81, 0x00, 0x04, 0x00, 0x81, 0x00, 0x04, 0x00,
0x81, 0x00, 0x04, 0x00, 0x81, 0x00, 0x04, 0x00, 0x81, 0x00, 0x04, 0x00, 0x81, 0x00, 0x04, 0x00,
0x82, 0x00, 0x04, 0x00, 0x82, 0x00, 0x04, 0x00, 0x82, 0x00, 0x04, 0x00, 0x82, 0x00, 0x04, 0x00,
0x82, 0x00, 0x04, 0x00, 0x82, 0x00, 0x04, 0x00, 0x82, 0x00, 0x04, 0x00, 0x82, 0x00, 0x04, 0x00,
0x82, 0x00, 0x04, 0x00, 0x82, 0x00, 0x04, 0x00, 0x82, 0x00, 0x04, 0x00, 0x82, 0x00, 0x04, 0x00,
0x82, 0x00, 0x04, 0x00, 0x82, 0x00, 0x04, 0x00, 0x82, 0x00, 0x04, 0x00, 0x82, 0x00, 0x04, 0x00,
0x83, 0x00, 0x04, 0x00, 0x83, 0x00, 0x04, 0x00, 0x83, 0x00, 0x04, 0x00, 0x83, 0x00, 0x04, 0x00,
0x83, 0x00, 0x04, 0x00, 0x83, 0x00, 0x04, 0x00, 0x83, 0x00, 0x04, 0x00, 0x83, 0x00, 0x04, 0x00,
0x83, 0x00, 0x04, 0x00, 0x83, 0x00, 0x04, 0x00, 0x83, 0x00, 0x04, 0x00, 0x83, 0x00, 0x04, 0x00,
0x83, 0x00, 0x04, 0x00, 0x83, 0x00, 0x04, 0x00, 0x83, 0x00, 0x04, 0x00, 0x83, 0x00, 0x04, 0x00,
0x00, 0x00, 0x00, 0x00, 0x00, 0x00, 0x00, 0x00, 0x00, 0x00, 0x00, 0x00, 0x00, 0x00, 0x00, 0x00,
0x00, 0x00, 0x00, 0x00, 0x00, 0x00, 0x00, 0x00, 0x6c, 0x00, 0x08, 0x00, 0x6d, 0x00, 0x08, 0x00,
0x6e, 0x00, 0x08, 0x00, 0x92, 0x00, 0x08, 0x00, 0x93, 0x00, 0x08, 0x00, 0x94, 0x00, 0x08, 0x00,
0x6f, 0x00, 0x07, 0x00, 0x6f, 0x00, 0x07, 0x00, 0x70, 0x00, 0x07, 0x00, 0x70, 0x00, 0x07, 0x00,
0x71, 0x00, 0x07, 0x00, 0x71, 0x00, 0x07, 0x00, 0x8f, 0x00, 0x07, 0x00, 0x8f, 0x00, 0x07, 0x00,
0x90, 0x00, 0x07, 0x00, 0x90, 0x00, 0x07, 0x00, 0x91, 0x00, 0x07, 0x00, 0x91, 0x00, 0x07, 0x00,
0x72, 0x00, 0x06, 0x00, 0x72, 0x00, 0x06, 0x00, 0x72, 0x00, 0x06, 0x00, 0x72, 0x00, 0x06, 0x00,
0x73, 0x00, 0x06, 0x00, 0x73, 0x00, 0x06, 0x00, 0x73, 0x00, 0x06, 0x00, 0x73, 0x00, 0x06, 0x00,
0x74, 0x00, 0x06, 0x00, 0x74, 0x00, 0x06, 0x00, 0x74, 0x00, 0x06, 0x00, 0x74, 0x00, 0x06, 0x00,
0x75, 0x00, 0x06, 0x00, 0x75, 0x00, 0x06, 0x00, 0x75, 0x00, 0x06, 0x00, 0x75, 0x00, 0x06, 0x00,
0x76, 0x00, 0x06, 0x00, 0x76, 0x00, 0x06, 0x00, 0x76, 0x00, 0x06, 0x00, 0x76, 0x00, 0x06, 0x00,
0x8a, 0x00, 0x06, 0x00, 0x8a, 0x00, 0x06, 0x00, 0x8a, 0x00, 0x06, 0x00, 0x8a, 0x00, 0x06, 0x00,
0x8b, 0x00, 0x06, 0x00, 0x8b, 0x00, 0x06, 0x00, 0x8b, 0x00, 0x06, 0x00, 0x8b, 0x00, 0x06, 0x00,
0x8c, 0x00, 0x06, 0x00, 0x8c, 0x00, 0x06, 0x00, 0x8c, 0x00, 0x06, 0x00, 0x8c, 0x00, 0x06, 0x00,
0x8d, 0x00, 0x06, 0x00, 0x8d, 0x00, 0x06, 0x00, 0x8d, 0x00, 0x06, 0x00, 0x8d, 0x00, 0x06, 0x00,
0x8e, 0x00, 0x06, 0x00, 0x8e, 0x00, 0x06, 0x00, 0x8e, 0x00, 0x06, 0x00, 0x8e, 0x00, 0x06, 0x00,
0x77, 0x00, 0x05, 0x00, 0x77, 0x00, 0x05, 0x00, 0x77, 0x00, 0x05, 0x00, 0x77, 0x00, 0x05, 0x00,
0x77, 0x00, 0x05, 0x00, 0x77, 0x00, 0x05, 0x00, 0x77, 0x00, 0x05, 0x00, 0x77, 0x00, 0x05, 0x00,
0x78, 0x00, 0x05, 0x00, 0x78, 0x00, 0x05, 0x00, 0x78, 0x00, 0x05, 0x00, 0x78, 0x00, 0x05, 0x00,
0x78, 0x00, 0x05, 0x00, 0x78, 0x00, 0x05, 0x00, 0x78, 0x00, 0x05, 0x00, 0x78, 0x00, 0x05, 0x00,
0x79, 0x00, 0x05, 0x00, 0x79, 0x00, 0x05, 0x00, 0x79, 0x00, 0x05, 0x00, 0x79, 0x00, 0x05, 0x00,
0x79, 0x00, 0x05, 0x00, 0x79, 0x00, 0x05, 0x00, 0x79, 0x00, 0x05, 0x00, 0x79, 0x00, 0x05, 0x00,
0x7a, 0x00, 0x05, 0x00, 0x7a, 0x00, 0x05, 0x00, 0x7a, 0x00, 0x05, 0x00, 0x7a, 0x00, 0x05, 0x00,
0x7a, 0x00, 0x05, 0x00, 0x7a, 0x00, 0x05, 0x00, 0x7a, 0x00, 0x05, 0x00, 0x7a, 0x00, 0x05, 0x00,
0x7b, 0x00, 0x05, 0x00, 0x7b, 0x00, 0x05, 0x00, 0x7b, 0x00, 0x05, 0x00, 0x7b, 0x00, 0x05, 0x00,
0x7b, 0x00, 0x05, 0x00, 0x7b, 0x00, 0x05, 0x00, 0x7b, 0x00, 0x05, 0x00, 0x7b, 0x00, 0x05, 0x00,
0x7c, 0x00, 0x05, 0x00, 0x7c, 0x00, 0x05, 0x00, 0x7c, 0x00, 0x05, 0x00, 0x7c, 0x00, 0x05, 0x00,
0x7c, 0x00, 0x05, 0x00, 0x7c, 0x00, 0x05, 0x00, 0x7c, 0x00, 0x05, 0x00, 0x7c, 0x00, 0x05, 0x00,
0x7d, 0x00, 0x05, 0x00, 0x7d, 0x00, 0x05, 0x00, 0x7d, 0x00, 0x05, 0x00, 0x7d, 0x00, 0x05, 0x00,
0x7d, 0x00, 0x05, 0x00, 0x7d, 0x00, 0x05, 0x00, 0x7d, 0x00, 0x05, 0x00, 0x7d, 0x00, 0x05, 0x00,
0x83, 0x00, 0x05, 0x00, 0x83, 0x00, 0x05, 0x00, 0x83, 0x00, 0x05, 0x00, 0x83, 0x00, 0x05, 0x00,
0x83, 0x00, 0x05, 0x00, 0x83, 0x00, 0x05, 0x00, 0x83, 0x00, 0x05, 0x00, 0x83, 0x00, 0x05, 0x00,
0x84, 0x00, 0x05, 0x00, 0x84, 0x00, 0x05, 0x00, 0x84, 0x00, 0x05, 0x00, 0x84, 0x00, 0x05, 0x00,
0x84, 0x00, 0x05, 0x00, 0x84, 0x00, 0x05, 0x00, 0x84, 0x00, 0x05, 0x00, 0x84, 0x00, 0x05, 0x00,
0x85, 0x00, 0x05, 0x00, 0x85, 0x00, 0x05, 0x00, 0x85, 0x00, 0x05, 0x00, 0x85, 0x00, 0x05, 0x00,
0x85, 0x00, 0x05, 0x00, 0x85, 0x00, 0x05, 0x00, 0x85, 0x00, 0x05, 0x00, 0x85, 0x00, 0x05, 0x00,
0x86, 0x00, 0x05, 0x00, 0x86, 0x00, 0x05, 0x00, 0x86, 0x00, 0x05, 0x00, 0x86, 0x00, 0x05, 0x00,
0x86, 0x00, 0x05, 0x00, 0x86, 0x00, 0x05, 0x00, 0x86, 0x00, 0x05, 0x00, 0x86, 0x00, 0x05, 0x00,
0x87, 0x00, 0x05, 0x00, 0x87, 0x00, 0x05, 0x00, 0x87, 0x00, 0x05, 0x00, 0x87, 0x00, 0x05, 0x00,
0x87, 0x00, 0x05, 0x00, 0x87, 0x00, 0x05, 0x00, 0x87, 0x00, 0x05, 0x00, 0x87, 0x00, 0x05, 0x00,
0x88, 0x00, 0x05, 0x00, 0x88, 0x00, 0x05, 0x00, 0x88, 0x00, 0x05, 0x00, 0x88, 0x00, 0x05, 0x00,
0x88, 0x00, 0x05, 0x00, 0x88, 0x00, 0x05, 0x00, 0x88, 0x00, 0x05, 0x00, 0x88, 0x00, 0x05, 0x00,
0x89, 0x00, 0x05, 0x00, 0x89, 0x00, 0x05, 0x00, 0x89, 0x00, 0x05, 0x00, 0x89, 0x00, 0x05, 0x00,
0x89, 0x00, 0x05, 0x00, 0x89, 0x00, 0x05, 0x00, 0x89, 0x00, 0x05, 0x00, 0x89, 0x00, 0x05, 0x00,
0x7e, 0x00, 0x04, 0x00, 0x7e, 0x00, 0x04, 0x00, 0x7e, 0x00, 0x04, 0x00, 0x7e, 0x00, 0x04, 0x00,
0x7e, 0x00, 0x04, 0x00, 0x7e, 0x00, 0x04, 0x00, 0x7e, 0x00, 0x04, 0x00, 0x7e, 0x00, 0x04, 0x00,
0x7e, 0x00, 0x04, 0x00, 0x7e, 0x00, 0x04, 0x00, 0x7e, 0x00, 0x04, 0x00, 0x7e, 0x00, 0x04, 0x00,
0x7e, 0x00, 0x04, 0x00, 0x7e, 0x00, 0x04, 0x00, 0x7e, 0x00, 0x04, 0x00, 0x7e, 0x00, 0x04, 0x00,
0x7f, 0x00, 0x04, 0x00, 0x7f, 0x00, 0x04, 0x00, 0x7f, 0x00, 0x04, 0x00, 0x7f, 0x00, 0x04, 0x00,
0x7f, 0x00, 0x04, 0x00, 0x7f, 0x00, 0x04, 0x00, 0x7f, 0x00, 0x04, 0x00, 0x7f, 0x00, 0x04, 0x00,
0x7f, 0x00, 0x04, 0x00, 0x7f, 0x00, 0x04, 0x00, 0x7f, 0x00, 0x04, 0x00, 0x7f, 0x00, 0x04, 0x00,
0x7f, 0x00, 0x04, 0x00, 0x7f, 0x00, 0x04, 0x00, 0x7f, 0x00, 0x04, 0x00, 0x7f, 0x00, 0x04, 0x00,
0x80, 0x00, 0x04, 0x00, 0x80, 0x00, 0x04, 0x00, 0x80, 0x00, 0x04, 0x00, 0x80, 0x00, 0x04, 0x00,
0x80, 0x00, 0x04, 0x00, 0x80, 0x00, 0x04, 0x00, 0x80, 0x00, 0x04, 0x00, 0x80, 0x00, 0x04, 0x00,
0x80, 0x00, 0x04, 0x00, 0x80, 0x00, 0x04, 0x00, 0x80, 0x00, 0x04, 0x00, 0x80, 0x00, 0x04, 0x00,
0x80, 0x00, 0x04, 0x00, 0x80, 0x00, 0x04, 0x00, 0x80, 0x00, 0x04, 0x00, 0x80, 0x00, 0x04, 0x00,
0x81, 0x00, 0x04, 0x00, 0x81, 0x00, 0x04, 0x00, 0x81, 0x00, 0x04, 0x00, 0x81, 0x00, 0x04, 0x00,
0x81, 0x00, 0x04, 0x00, 0x81, 0x00, 0x04, 0x00, 0x81, 0x00, 0x04, 0x00, 0x81, 0x00, 0x04, 0x00,
0x81, 0x00, 0x04, 0x00, 0x81, 0x00, 0x04, 0x00, 0x81, 0x00, 0x04, 0x00, 0x81, 0x00, 0x04, 0x00,
0x81, 0x00, 0x04, 0x00, 0x81, 0x00, 0x04, 0x00, 0x81, 0x00, 0x04, 0x00, 0x81, 0x00, 0x04, 0x00,
0x82, 0x00, 0x04, 0x00, 0x82, 0x00, 0x04, 0x00, 0x82, 0x00, 0x04, 0x00, 0x82, 0x00, 0x04, 0x00,
0x82, 0x00, 0x04, 0x00, 0x82, 0x00, 0x04, 0x00, 0x82, 0x00, 0x04, 0x00, 0x82, 0x00, 0x04, 0x00,
0x82, 0x00, 0x04, 0x00, 0x82, 0x00, 0x04, 0x00, 0x82, 0x00, 0x04, 0x00, 0x82, 0x00, 0x04, 0x00,
0x82, 0x00, 0x04, 0x00, 0x82, 0x00, 0x04, 0x00, 0x82, 0x00, 0x04, 0x00, 0x82, 0x00, 0x04, 0x00,
